playerID,playerName,yearID,teamID,G,AB,H,BB,BA,OBP,salary
abbotje01,Unknown abbotje01,1998,CHA,89,244,68,9,0.2786885245901639,0.29844961240310075,175000.0
abbotje01,Unknown abbotje01,2000,CHA,80,215,59,21,0.2744186046511628,0.34309623430962344,255000.0
abbotku01,Unknown abbotku01,1994,FLO,101,345,86,16,0.2492753623188406,0.2907608695652174,109000.0
abbotku01,Unknown abbotku01,1995,FLO,120,420,107,36,0.25476190476190474,0.31759656652360513,119000.0
abbotku01,Unknown abbotku01,1996,FLO,109,320,81,22,0.253125,0.3072463768115942,250000.0
abbotku01,Unknown abbotku01,1997,FLO,94,252,69,14,0.27380952380952384,0.3146067415730337,650000.0
abbotku01,Unknown abbotku01,1998,OAK,35,123,33,10,0.2682926829268293,0.32592592592592595,1000000.0
abbotku01,Unknown abbotku01,1999,COL,96,286,78,16,0.2727272727272727,0.3102310231023102,900000.0
abbotku01,Unknown abbotku01,2000,NYN,79,157,34,14,0.21656050955414013,0.2832369942196532,500000.0
abercre01,Unknown abercre01,2006,FLO,111,255,54,18,0.21176470588235294,0.27075812274368233,327000.0
abernbr01,Unknown abernbr01,2002,TBA,117,463,112,25,0.24190064794816415,0.28830645161290325,215000.0
abnersh01,Unknown abnersh01,1990,SDN,91,184,45,9,0.24456521739130435,0.2857142857142857,105000.0
abnersh01,Unknown abnersh01,1991,SDN,53,115,19,7,0.16521739130434782,0.21774193548387097,180000.0
abnersh01,Unknown abnersh01,1992,CHA,97,208,58,12,0.27884615384615385,0.3230088495575221,297500.0
abreubo01,Unknown abreubo01,1997,HOU,59,188,47,21,0.25,0.32857142857142857,150000.0
abreubo01,Unknown abreubo01,1998,PHI,151,497,155,84,0.3118712273641851,0.40854700854700854,180000.0
abreubo01,Unknown abreubo01,1999,PHI,152,546,183,109,0.33516483516483514,0.44561933534743203,400000.0
abreubo01,Unknown abreubo01,2000,PHI,154,576,182,100,0.3159722222222222,0.4161764705882353,2933333.0
abreubo01,Unknown abreubo01,2001,PHI,162,588,170,106,0.2891156462585034,0.3934659090909091,4983000.0
abreubo01,Unknown abreubo01,2002,PHI,157,572,176,104,0.3076923076923077,0.4131386861313869,6333333.0
abreubo01,Unknown abreubo01,2003,PHI,158,577,173,109,0.29982668977469673,0.40863309352517985,9100000.0
abreubo01,Unknown abreubo01,2004,PHI,159,574,173,127,0.30139372822299654,0.4277699859747546,10600000.0
abreubo01,Unknown abreubo01,2005,PHI,162,588,168,117,0.2857142857142857,0.4047287899860918,13100000.0
abreubo01,Unknown abreubo01,2006,PHI,98,339,94,91,0.27728613569321536,0.4269406392694064,13600000.0
abreubo01,Unknown abreubo01,2007,NYA,158,605,171,84,0.28264462809917357,0.36909871244635195,15000000.0
abreubo01,Unknown abreubo01,2008,NYA,156,609,180,73,0.2955665024630542,0.3713450292397661,16000000.0
abreubo01,Unknown abreubo01,2009,LAA,152,563,165,94,0.29307282415630553,0.38980509745127434,5000000.0
abreubo01,Unknown abreubo01,2010,LAA,154,573,146,87,0.2547993019197208,0.3523238380809595,9000000.0
abreuto01,Unknown abreuto01,2010,ARI,81,193,45,4,0.23316062176165803,0.24378109452736318,407000.0
adamsru01,Unknown adamsru01,2005,TOR,139,481,123,50,0.25571725571725573,0.3247232472324723,316000.0
adamsru01,Unknown adamsru01,2006,TOR,90,251,55,22,0.21912350597609562,0.2815884476534296,343000.0
agbaybe01,Unknown agbaybe01,1999,NYN,101,276,79,32,0.286231884057971,0.3630573248407643,200000.0
agbaybe01,Unknown agbaybe01,2000,NYN,119,350,101,54,0.2885714285714286,0.391304347826087,220000.0
agbaybe01,Unknown agbaybe01,2001,NYN,91,296,82,36,0.27702702702702703,0.363905325443787,260000.0
agbaybe01,Unknown agbaybe01,2002,COL,48,117,24,10,0.20512820512820512,0.265625,600000.0
aldremi01,Unknown aldremi01,1990,MON,96,161,39,37,0.2422360248447205,0.385,297500.0
aldremi01,Unknown aldremi01,1993,OAK,95,255,68,34,0.26666666666666666,0.35294117647058826,200000.0
aldremi01,Unknown aldremi01,1994,OAK,76,178,43,20,0.24157303370786518,0.31343283582089554,430000.0
aldremi01,Unknown aldremi01,1995,OAK,60,125,34,19,0.272,0.3673469387755102,430000.0
alexama02,Unknown alexama02,1995,BAL,94,242,57,20,0.23553719008264462,0.29924242424242425,130000.0
alexama02,Unknown alexama02,1997,NYN,54,149,37,9,0.2483221476510067,0.29375,205000.0
alexama02,Unknown alexama02,1998,CHN,108,264,60,18,0.22727272727272727,0.27816901408450706,425000.0
alexama02,Unknown alexama02,1999,CHN,90,177,48,10,0.2711864406779661,0.30851063829787234,475000.0
alexama02,Unknown alexama02,2000,BOS,101,194,41,13,0.211340206185567,0.2608695652173913,612500.0
alfoned01,Unknown alfoned01,1995,NYN,101,335,93,12,0.27761194029850744,0.30113636363636365,109000.0
alfoned01,Unknown alfoned01,1996,NYN,123,368,96,25,0.2608695652173913,0.30402010050251255,180000.0
alfoned01,Unknown alfoned01,1997,NYN,151,518,163,63,0.31467181467181465,0.39086294416243655,215000.0
alfoned01,Unknown alfoned01,1998,NYN,144,557,155,65,0.27827648114901254,0.35509554140127386,1750000.0
alfoned01,Unknown alfoned01,1999,NYN,158,628,191,85,0.304140127388535,0.38482758620689655,2800000.0
alfoned01,Unknown alfoned01,2000,NYN,150,544,176,95,0.3235294117647059,0.4246153846153846,4225000.0
alfoned01,Unknown alfoned01,2001,NYN,124,457,111,51,0.24288840262582057,0.3223938223938224,5750000.0
alfoned01,Unknown alfoned01,2002,NYN,135,490,151,62,0.3081632653061224,0.3914590747330961,6200000.0
alfoned01,Unknown alfoned01,2003,SFN,142,514,133,58,0.2587548638132296,0.3344768439108062,4000000.0
alfoned01,Unknown alfoned01,2004,SFN,139,519,150,46,0.28901734104046245,0.3501742160278746,6500000.0
alfoned01,Unknown alfoned01,2005,SFN,109,368,102,27,0.27717391304347827,0.3266832917705736,7500000.0
alicelu01,Unknown alicelu01,1993,SLN,115,362,101,47,0.27900552486187846,0.3619047619047619,160000.0
alicelu01,Unknown alicelu01,1994,SLN,88,205,57,30,0.2780487804878049,0.37344398340248963,650000.0
alicelu01,Unknown alicelu01,1995,BOS,132,419,113,63,0.26968973747016706,0.3674698795180723,800000.0
alicelu01,Unknown alicelu01,1996,SLN,129,380,98,52,0.2578947368421053,0.34988713318284426,750000.0
alicelu01,Unknown alicelu01,1997,ANA,128,388,98,69,0.25257731958762886,0.3747323340471092,650000.0
alicelu01,Unknown alicelu01,1998,TEX,101,259,71,37,0.27413127413127414,0.3717105263157895,750000.0
alicelu01,Unknown alicelu01,1999,TEX,68,164,33,28,0.20121951219512196,0.3160621761658031,825000.0
alicelu01,Unknown alicelu01,2000,TEX,139,540,159,59,0.29444444444444445,0.3649754500818331,750000.0
alicelu01,Unknown alicelu01,2001,KCA,113,387,106,23,0.2739018087855297,0.3204819277108434,800000.0
alicelu01,Unknown alicelu01,2002,KCA,94,237,54,32,0.22784810126582278,0.32222222222222224,800000.0
allanan01,Unknown allanan01,1991,DET,60,151,35,7,0.23178807947019867,0.26582278481012656,100000.0
allench01,Unknown allench01,1999,MIN,137,481,133,37,0.2765072765072765,0.32950191570881227,200000.0
allench01,Unknown allench01,2001,MIN,57,175,46,19,0.26285714285714284,0.3333333333333333,240000.0
allenje01,Unknown allenje01,1996,PIT,61,229,60,23,0.26200873362445415,0.3372093023255814,109000.0
allenje01,Unknown allenje01,1997,PIT,108,369,94,44,0.25474254742547425,0.3403755868544601,160000.0
allenje01,Unknown allenje01,1998,PIT,69,233,72,17,0.3090128755364807,0.37209302325581395,260000.0
allrebe01,Unknown allrebe01,1991,CLE,48,125,29,25,0.232,0.35947712418300654,102500.0
alomaro01,Unknown alomaro01,1990,SDN,147,586,168,48,0.28668941979522183,0.34009360374414976,390000.0
alomaro01,Unknown alomaro01,1991,TOR,161,637,188,57,0.29513343799058084,0.3541963015647226,1300000.0
alomaro01,Unknown alomaro01,1992,TOR,152,571,177,87,0.30998248686514884,0.4045112781954887,2983333.0
alomaro01,Unknown alomaro01,1993,TOR,153,589,192,80,0.32597623089983024,0.40795287187039764,4933333.0
alomaro01,Unknown alomaro01,1994,TOR,107,392,120,51,0.30612244897959184,0.3861607142857143,5433334.0
alomaro01,Unknown alomaro01,1995,TOR,130,517,155,47,0.29980657640232106,0.35376532399299476,5500000.0
alomaro01,Unknown alomaro01,1996,BAL,153,588,193,90,0.3282312925170068,0.4109985528219971,4279379.0
alomaro01,Unknown alomaro01,1997,BAL,112,412,137,40,0.3325242718446602,0.38961038961038963,6354379.0
alomaro01,Unknown alomaro01,1998,BAL,147,588,166,59,0.282312925170068,0.3470948012232416,6343771.0
alomaro01,Unknown alomaro01,1999,CLE,159,563,182,99,0.32326820603907636,0.4222873900293255,7049966.0
alomaro01,Unknown alomaro01,2000,CLE,155,610,189,64,0.30983606557377047,0.37755102040816324,7196656.0
alomaro01,Unknown alomaro01,2001,CLE,157,575,193,80,0.3356521739130435,0.41467065868263475,7750000.0
alomaro01,Unknown alomaro01,2002,NYN,149,590,157,57,0.26610169491525426,0.3312788906009245,7939664.0
alomaro01,Unknown alomaro01,2003,NYN,73,263,69,29,0.2623574144486692,0.33557046979865773,8000000.0
alomaro01,Unknown alomaro01,2004,ARI,38,110,34,12,0.3090909090909091,0.3821138211382114,1000000.0
alomasa02,Unknown alomasa02,1990,CLE,132,445,129,25,0.2898876404494382,0.3263598326359833,115000.0
alomasa02,Unknown alomasa02,1991,CLE,51,184,40,8,0.21739130434782608,0.2639593908629442,360000.0
alomasa02,Unknown alomasa02,1992,CLE,89,299,75,13,0.2508361204013378,0.29337539432176657,525000.0
alomasa02,Unknown alomasa02,1993,CLE,64,215,58,11,0.26976744186046514,0.3177966101694915,1300000.0
alomasa02,Unknown alomasa02,1994,CLE,80,292,84,25,0.2876712328767123,0.346875,2200000.0
alomasa02,Unknown alomasa02,1995,CLE,66,203,61,7,0.30049261083743845,0.3317757009345794,2550000.0
alomasa02,Unknown alomasa02,1996,CLE,127,418,110,19,0.2631578947368421,0.2986425339366516,2575000.0
alomasa02,Unknown alomasa02,1997,CLE,125,451,146,19,0.3237250554323725,0.35443037974683544,2600000.0
alomasa02,Unknown alomasa02,1998,CLE,117,409,96,18,0.23471882640586797,0.2702078521939954,2725000.0
alomasa02,Unknown alomasa02,1999,CLE,37,137,42,4,0.30656934306569344,0.32167832167832167,2800000.0
alomasa02,Unknown alomasa02,2000,CLE,97,356,103,16,0.2893258426966292,0.3236842105263158,2700000.0
alomasa02,Unknown alomasa02,2001,CHA,70,220,54,12,0.24545454545454545,0.288135593220339,2900000.0
alomasa02,Unknown alomasa02,2002,CHA,51,167,48,5,0.2874251497005988,0.30857142857142855,2500000.0
alomasa02,Unknown alomasa02,2003,CHA,75,194,52,4,0.26804123711340205,0.2814070351758794,700000.0
alomasa02,Unknown alomasa02,2004,CHA,50,146,35,11,0.23972602739726026,0.2981366459627329,700000.0
alomasa02,Unknown alomasa02,2005,TEX,46,128,35,5,0.2734375,0.30597014925373134,550000.0
aloumo01,Unknown aloumo01,1992,MON,115,341,96,25,0.28152492668621704,0.3279569892473118,110500.0
aloumo01,Unknown aloumo01,1993,MON,136,482,138,38,0.2863070539419087,0.34022556390977443,210000.0
aloumo01,Unknown aloumo01,1994,MON,107,422,143,42,0.33886255924170616,0.3970276008492569,1415000.0
aloumo01,Unknown aloumo01,1995,MON,93,344,94,29,0.27325581395348836,0.34196891191709844,3000000.0
aloumo01,Unknown aloumo01,1996,MON,143,540,152,49,0.2814814814814815,0.3394648829431438,3050000.0
aloumo01,Unknown aloumo01,1997,FLO,150,538,157,70,0.29182156133828996,0.37318255250403876,4500000.0
aloumo01,Unknown aloumo01,1998,HOU,159,584,182,84,0.3116438356164384,0.39911634756995584,5020000.0
aloumo01,Unknown aloumo01,2000,HOU,126,454,161,52,0.35462555066079293,0.4158607350096712,5250000.0
aloumo01,Unknown aloumo01,2001,HOU,136,513,170,57,0.3313840155945419,0.3958691910499139,5250000.0
aloumo01,Unknown aloumo01,2002,CHN,132,484,133,47,0.27479338842975204,0.33707865168539325,6000000.0
aloumo01,Unknown aloumo01,2003,CHN,151,565,158,63,0.27964601769911507,0.3573667711598746,9500000.0
aloumo01,Unknown aloumo01,2004,CHN,155,601,176,68,0.2928452579034942,0.36148148148148146,9500000.0
aloumo01,Unknown aloumo01,2005,SFN,123,427,137,56,0.32084309133489464,0.4,7250000.0
aloumo01,Unknown aloumo01,2006,SFN,98,345,104,28,0.30144927536231886,0.35185185185185186,5827974.0
aloumo01,Unknown aloumo01,2007,NYN,87,328,112,27,0.34146341463414637,0.39166666666666666,7500000.0
alvarga01,Unknown alvarga01,1998,DET,58,199,46,18,0.23115577889447236,0.2986425339366516,170000.0
amarari01,Unknown amarari01,1993,SEA,110,373,108,33,0.289544235924933,0.34782608695652173,137500.0
amarari01,Unknown amarari01,1994,SEA,77,228,60,24,0.2631578947368421,0.3333333333333333,232500.0
amarari01,Unknown amarari01,1995,SEA,90,238,67,21,0.2815126050420168,0.3423076923076923,250000.0
amarari01,Unknown amarari01,1996,SEA,118,312,91,47,0.2916666666666667,0.3917808219178082,450000.0
amarari01,Unknown amarari01,1997,SEA,89,190,54,10,0.28421052631578947,0.32682926829268294,550000.0
amarari01,Unknown amarari01,1998,SEA,73,134,37,13,0.27611940298507465,0.3422818791946309,550000.0
amarari01,Unknown amarari01,1999,BAL,91,137,38,15,0.2773722627737226,0.34838709677419355,500000.0
amaroru02,Unknown amaroru02,1992,PHI,126,374,82,37,0.2192513368983957,0.3033175355450237,109000.0
amaroru02,Unknown amaroru02,1996,PHI,61,117,37,9,0.3162393162393162,0.3798449612403101,109000.0
amaroru02,Unknown amaroru02,1997,PHI,117,175,41,21,0.2342857142857143,0.32,275000.0
amaroru02,Unknown amaroru02,1998,PHI,92,107,20,6,0.18691588785046728,0.22413793103448276,265000.0
amezaal01,Unknown amezaal01,2006,FLO,132,334,87,33,0.26047904191616766,0.33153638814016173,340000.0
amezaal01,Unknown amezaal01,2007,FLO,133,400,105,35,0.2625,0.32432432432432434,380000.0
amezaal01,Unknown amezaal01,2008,FLO,125,311,82,19,0.26366559485530544,0.3123123123123123,945000.0
anderbr01,Unknown anderbr01,1990,BAL,89,234,54,31,0.23076923076923078,0.32727272727272727,120000.0
anderbr01,Unknown anderbr01,1991,BAL,113,256,59,38,0.23046875,0.33774834437086093,165000.0
anderbr01,Unknown anderbr01,1992,BAL,159,623,169,98,0.2712680577849117,0.37347767253044656,365000.0
anderbr01,Unknown anderbr01,1993,BAL,142,560,147,82,0.2625,0.36322188449848025,1855000.0
anderbr01,Unknown anderbr01,1994,BAL,111,453,119,57,0.26269315673289184,0.3563218390804598,3083333.0
anderbr01,Unknown anderbr01,1995,BAL,143,554,145,87,0.26173285198555957,0.37059724349157736,3333333.0
anderbr01,Unknown anderbr01,1996,BAL,149,579,172,76,0.2970639032815199,0.3964757709251101,3613333.0
anderbr01,Unknown anderbr01,1997,BAL,151,590,170,84,0.288135593220339,0.39337175792507206,4050000.0
anderbr01,Unknown anderbr01,1998,BAL,133,479,113,75,0.2359081419624217,0.356140350877193,5441843.0
anderbr01,Unknown anderbr01,1999,BAL,150,564,159,96,0.28191489361702127,0.4037626628075253,5674897.0
anderbr01,Unknown anderbr01,2000,BAL,141,506,130,92,0.25691699604743085,0.37520391517128876,7127199.0
anderbr01,Unknown anderbr01,2001,BAL,131,430,87,60,0.20232558139534884,0.3106212424849699,7200000.0
anderbr03,Unknown anderbr03,2006,CHA,134,365,82,30,0.22465753424657534,0.2903225806451613,330000.0
anderbr03,Unknown anderbr03,2008,CHA,109,181,42,10,0.23204419889502761,0.27225130890052357,395000.0
anderbr03,Unknown anderbr03,2009,CHA,65,185,44,20,0.23783783783783785,0.32211538461538464,440000.0
anderda02,Unknown anderda02,1990,SFN,60,100,35,3,0.35,0.36893203883495146,500000.0
anderda02,Unknown anderda02,1991,SFN,100,226,56,12,0.24778761061946902,0.2857142857142857,600000.0
anderga01,Unknown anderga01,1995,CAL,106,374,120,19,0.32085561497326204,0.35175879396984927,114000.0
anderga01,Unknown anderga01,1996,CAL,150,607,173,27,0.28500823723228996,0.3139717425431711,250000.0
anderga01,Unknown anderga01,1997,ANA,154,624,189,30,0.30288461538461536,0.33434190620272314,600000.0
anderga01,Unknown anderga01,1998,ANA,156,622,183,29,0.2942122186495177,0.3251908396946565,1500000.0
anderga01,Unknown anderga01,1999,ANA,157,620,188,34,0.3032258064516129,0.33636363636363636,2200000.0
anderga01,Unknown anderga01,2000,ANA,159,647,185,24,0.28593508500772796,0.3073529411764706,3250000.0
anderga01,Unknown anderga01,2001,ANA,161,672,194,27,0.28869047619047616,0.31392045454545453,4500000.0
anderga01,Unknown anderga01,2002,ANA,158,638,195,30,0.3056426332288401,0.33185840707964603,5000000.0
anderga01,Unknown anderga01,2003,ANA,159,638,201,31,0.31504702194357365,0.3447251114413076,5350000.0
anderga01,Unknown anderga01,2004,ANA,112,442,133,29,0.3009049773755656,0.3431578947368421,6200000.0
anderga01,Unknown anderga01,2005,LAA,142,575,163,23,0.28347826086956524,0.30845771144278605,9600000.0
anderga01,Unknown anderga01,2006,LAA,141,543,152,38,0.27992633517495397,0.3231292517006803,10600000.0
anderga01,Unknown anderga01,2007,LAA,108,417,124,27,0.2973621103117506,0.33555555555555555,11600000.0
anderga01,Unknown anderga01,2008,LAA,145,557,163,29,0.2926391382405745,0.3254637436762226,12600000.0
anderga01,Unknown anderga01,2009,ATL,135,496,133,27,0.26814516129032256,0.30337078651685395,2500000.0
anderga01,Unknown anderga01,2010,LAN,80,155,28,5,0.18064516129032257,0.2037037037037037,550000.0
anderjo03,Unknown anderjo03,2009,DET,74,165,40,8,0.24242424242424243,0.28160919540229884,400000.0
anderke01,Unknown anderke01,1990,CAL,49,143,44,13,0.3076923076923077,0.36942675159235666,105000.0
anderma02,Unknown anderma02,1999,PHI,129,452,114,24,0.252212389380531,0.2916666666666667,200000.0
anderma02,Unknown anderma02,2001,PHI,147,522,153,35,0.29310344827586204,0.33687943262411346,280000.0
anderma02,Unknown anderma02,2002,PHI,145,539,139,42,0.25788497217068646,0.3152542372881356,400000.0
anderma02,Unknown anderma02,2003,TBA,145,482,130,41,0.2697095435684647,0.327683615819209,600000.0
anderma02,Unknown anderma02,2004,SLN,113,253,60,12,0.23715415019762845,0.2693726937269373,600000.0
anderma02,Unknown anderma02,2006,WAS,109,215,59,18,0.2744186046511628,0.3305084745762712,925000.0
anderma02,Unknown anderma02,2008,NYN,87,138,29,9,0.21014492753623187,0.2550335570469799,1050000.0
andinro01,Unknown andinro01,2009,BAL,78,198,44,15,0.2222222222222222,0.2744186046511628,400000.0
andresh01,Unknown andresh01,1995,MON,84,220,47,17,0.21363636363636362,0.2708333333333333,109000.0
andresh01,Unknown andresh01,1996,MON,127,375,85,35,0.22666666666666666,0.2946859903381642,135000.0
andresh01,Unknown andresh01,1998,MON,150,492,117,58,0.23780487804878048,0.3141831238779174,450000.0
andresh01,Unknown andresh01,1999,MON,98,281,51,43,0.18149466192170818,0.2865853658536585,1250000.0
andresh01,Unknown andresh01,2000,CHN,66,192,44,27,0.22916666666666666,0.32882882882882886,1000000.0
andruel01,Unknown andruel01,2009,TEX,145,480,128,40,0.26666666666666666,0.32892249527410206,400000.0
andruel01,Unknown andruel01,2010,TEX,148,588,156,64,0.2653061224489796,0.3424657534246575,418420.0
ankieri01,Unknown ankieri01,2008,SLN,120,413,109,42,0.2639225181598063,0.3369330453563715,900000.0
ankieri01,Unknown ankieri01,2009,SLN,122,372,86,26,0.23118279569892472,0.28465346534653463,2825000.0
anthoer01,Unknown anthoer01,1991,HOU,39,118,18,12,0.15254237288135594,0.22727272727272727,115000.0
anthoer01,Unknown anthoer01,1992,HOU,137,440,105,38,0.23863636363636365,0.2981366459627329,120000.0
anthoer01,Unknown anthoer01,1993,HOU,145,486,121,49,0.24897119341563786,0.31910946196660483,350000.0
anthoer01,Unknown anthoer01,1994,SEA,79,262,62,23,0.2366412213740458,0.2972027972027972,1100000.0
anthoer01,Unknown anthoer01,1995,CIN,47,134,36,13,0.26865671641791045,0.32666666666666666,575000.0
anthoer01,Unknown anthoer01,1996,CIN,47,123,30,22,0.24390243902439024,0.3586206896551724,1025000.0
ardoida01,Unknown ardoida01,2006,COL,35,109,21,8,0.1926605504587156,0.2605042016806723,335000.0
ariasal01,Unknown ariasal01,1993,FLO,96,249,67,27,0.26907630522088355,0.34397163120567376,123000.0
ariasal01,Unknown ariasal01,1994,FLO,59,113,27,9,0.23893805309734514,0.29838709677419356,155000.0
ariasal01,Unknown ariasal01,1995,FLO,94,216,58,22,0.26851851851851855,0.3374485596707819,200000.0
ariasal01,Unknown ariasal01,1996,FLO,100,224,62,17,0.2767857142857143,0.3346938775510204,412500.0
ariasal01,Unknown ariasal01,1998,PHI,56,133,39,13,0.2932330827067669,0.3581081081081081,425000.0
ariasal01,Unknown ariasal01,1999,PHI,118,347,105,36,0.3025936599423631,0.37275064267352187,625000.0
ariasal01,Unknown ariasal01,2000,PHI,70,155,29,16,0.1870967741935484,0.2711864406779661,550000.0
ariasal01,Unknown ariasal01,2001,SDN,70,137,31,17,0.22627737226277372,0.31210191082802546,550000.0
ariasge01,Unknown ariasge01,1996,CAL,84,252,60,16,0.23809523809523808,0.2835820895522388,109000.0
ariasge01,Unknown ariasge01,1999,SDN,55,164,40,6,0.24390243902439024,0.27058823529411763,215000.0
ashlebi01,Unknown ashlebi01,1995,LAN,81,215,51,25,0.2372093023255814,0.319672131147541,136000.0
ashlebi01,Unknown ashlebi01,1996,LAN,71,110,22,21,0.2,0.3308270676691729,195000.0
ashlebi01,Unknown ashlebi01,1997,LAN,71,131,32,8,0.24427480916030533,0.29285714285714287,275000.0
atkinga01,Unknown atkinga01,2005,COL,138,519,149,45,0.28709055876685935,0.3472949389179756,317000.0
atkinga01,Unknown atkinga01,2006,COL,157,602,198,79,0.3289036544850498,0.40863309352517985,335000.0
atkinga01,Unknown atkinga01,2007,COL,157,605,182,67,0.30082644628099175,0.3669590643274854,400000.0
atkinga01,Unknown atkinga01,2008,COL,155,611,175,40,0.2864157119476268,0.32831325301204817,4387500.0
atkinga01,Unknown atkinga01,2009,COL,126,354,80,41,0.22598870056497175,0.3082706766917293,7050000.0
atkinga01,Unknown atkinga01,2010,BAL,44,140,30,12,0.21428571428571427,0.27631578947368424,4000000.0
aurilri01,Unknown aurilri01,1996,SFN,105,318,76,25,0.2389937106918239,0.2947976878612717,110500.0
aurilri01,Unknown aurilri01,1997,SFN,46,102,28,8,0.27450980392156865,0.32142857142857145,175000.0
aurilri01,Unknown aurilri01,1998,SFN,122,413,110,31,0.26634382566585957,0.31919642857142855,265000.0
aurilri01,Unknown aurilri01,1999,SFN,152,558,157,43,0.28136200716845877,0.3355155482815057,950000.0
aurilri01,Unknown aurilri01,2000,SFN,141,509,138,54,0.27111984282907664,0.3386243386243386,1550000.0
aurilri01,Unknown aurilri01,2001,SFN,156,636,206,47,0.3238993710691824,0.3688046647230321,3250000.0
aurilri01,Unknown aurilri01,2002,SFN,133,538,138,37,0.25650557620817843,0.3054607508532423,5250000.0
aurilri01,Unknown aurilri01,2003,SFN,129,505,140,36,0.27722772277227725,0.3247706422018349,6250000.0
aurilri01,Unknown aurilri01,2004,SEA,73,261,63,22,0.2413793103448276,0.3041958041958042,3150000.0
aurilri01,Unknown aurilri01,2005,CIN,114,426,120,37,0.28169014084507044,0.33832976445396146,600000.0
aurilri01,Unknown aurilri01,2006,CIN,122,440,132,34,0.3,0.348643006263048,1300000.0
aurilri01,Unknown aurilri01,2007,SFN,99,329,83,22,0.25227963525835867,0.30446927374301674,3500000.0
aurilri01,Unknown aurilri01,2008,SFN,140,407,115,30,0.28255528255528256,0.33181818181818185,4500000.0
aurilri01,Unknown aurilri01,2009,SFN,60,122,26,8,0.21311475409836064,0.2556390977443609,1000000.0
ausmubr01,Unknown ausmubr01,1993,SDN,49,160,41,6,0.25625,0.28313253012048195,109000.0
ausmubr01,Unknown ausmubr01,1994,SDN,101,327,82,30,0.25076452599388377,0.3138888888888889,133500.0
ausmubr01,Unknown ausmubr01,1995,SDN,103,328,96,31,0.2926829268292683,0.35342465753424657,197000.0
ausmubr01,Unknown ausmubr01,1996,SDN,50,149,27,13,0.18120805369127516,0.2606060606060606,350000.0
ausmubr01,Unknown ausmubr01,1997,HOU,130,425,113,38,0.26588235294117646,0.326271186440678,1075000.0
ausmubr01,Unknown ausmubr01,1998,HOU,128,412,111,53,0.26941747572815533,0.35607675906183367,1600000.0
ausmubr01,Unknown ausmubr01,1999,DET,127,458,126,51,0.27510917030567683,0.36450381679389315,2200000.0
ausmubr01,Unknown ausmubr01,2000,DET,150,523,139,69,0.26577437858508607,0.3566666666666667,4000000.0
ausmubr01,Unknown ausmubr01,2001,HOU,128,422,98,30,0.23222748815165878,0.2835164835164835,4250000.0
ausmubr01,Unknown ausmubr01,2002,HOU,130,447,115,38,0.25727069351230425,0.32186234817813764,5000000.0
ausmubr01,Unknown ausmubr01,2003,HOU,143,450,103,46,0.2288888888888889,0.30297029702970296,5500000.0
ausmubr01,Unknown ausmubr01,2004,HOU,129,403,100,33,0.24813895781637718,0.30612244897959184,1000000.0
ausmubr01,Unknown ausmubr01,2005,HOU,134,387,100,51,0.25839793281653745,0.35135135135135137,3000000.0
ausmubr01,Unknown ausmubr01,2007,HOU,117,349,82,37,0.2349570200573066,0.31806615776081426,4000000.0
ausmubr01,Unknown ausmubr01,2008,HOU,81,216,47,25,0.2175925925925926,0.30327868852459017,2000000.0
avenbr01,Unknown avenbr01,1999,FLO,137,381,110,44,0.2887139107611549,0.3704545454545455,200000.0
avenbr01,Unknown avenbr01,2000,PIT,72,148,37,5,0.25,0.27450980392156865,320000.0
avilaal01,Unknown avilaal01,2010,DET,104,294,67,36,0.22789115646258504,0.31626506024096385,404900.0
avilemi01,Unknown avilemi01,2009,KCA,36,120,22,4,0.18333333333333332,0.208,424500.0
avilemi01,Unknown avilemi01,2010,KCA,110,424,129,20,0.30424528301886794,0.33482142857142855,429000.0
aybarer01,Unknown aybarer01,2007,LAA,79,194,46,10,0.23711340206185566,0.27884615384615385,382500.0
aybarer01,Unknown aybarer01,2008,LAA,98,346,96,14,0.2774566473988439,0.31420765027322406,415000.0
aybarer01,Unknown aybarer01,2009,LAA,137,504,157,30,0.3115079365079365,0.35294117647058826,460000.0
aybarer01,Unknown aybarer01,2010,LAA,138,534,135,35,0.25280898876404495,0.3062283737024221,2050000.0
aybarwi01,Unknown aybarwi01,2008,TBA,95,324,82,32,0.25308641975308643,0.3268698060941828,401200.0
aybarwi01,Unknown aybarwi01,2009,TBA,105,296,75,34,0.2533783783783784,0.33134328358208953,975000.0
aybarwi01,Unknown aybarwi01,2010,TBA,100,270,62,30,0.22962962962962963,0.30944625407166126,1350000.0
azocaos01,Unknown azocaos01,1992,SDN,99,168,32,9,0.19047619047619047,0.2303370786516854,120000.0
backmwa01,Unknown backmwa01,1990,PIT,104,315,92,42,0.2920634920634921,0.3739612188365651,400000.0
backmwa01,Unknown backmwa01,1991,PHI,94,185,45,30,0.24324324324324326,0.3440366972477064,650000.0
baergca01,Unknown baergca01,1990,CLE,108,312,81,16,0.25961538461538464,0.2997032640949555,100000.0
baergca01,Unknown baergca01,1991,CLE,158,593,171,48,0.28836424957841483,0.34615384615384615,205000.0
baergca01,Unknown baergca01,1992,CLE,161,657,205,35,0.3120243531202435,0.3543417366946779,525000.0
baergca01,Unknown baergca01,1993,CLE,154,624,200,34,0.32051282051282054,0.35450516986706054,1383333.0
baergca01,Unknown baergca01,1994,CLE,103,442,139,10,0.31447963800904977,0.33261802575107297,2358333.0
baergca01,Unknown baergca01,1995,CLE,135,557,175,35,0.3141831238779174,0.355,3633333.0
baergca01,Unknown baergca01,1996,CLE,100,424,113,16,0.2665094339622642,0.30155210643015523,4750000.0
baergca01,Unknown baergca01,1997,NYN,133,467,131,20,0.28051391862955033,0.3111111111111111,4750000.0
baergca01,Unknown baergca01,1998,NYN,147,511,136,24,0.26614481409001955,0.3029197080291971,4749999.0
baergca01,Unknown baergca01,2002,BOS,73,182,52,7,0.2857142857142857,0.3160621761658031,700000.0
baergca01,Unknown baergca01,2003,ARI,105,207,71,18,0.34299516908212563,0.39565217391304347,500000.0
bagweje01,Unknown bagweje01,1992,HOU,162,586,160,84,0.27303754266211605,0.3683453237410072,350000.0
bagweje01,Unknown bagweje01,1993,HOU,142,535,171,62,0.31962616822429907,0.38752052545155996,655000.0
bagweje01,Unknown bagweje01,1994,HOU,110,400,147,65,0.3675,0.4509394572025052,2525000.0
bagweje01,Unknown bagweje01,1995,HOU,114,448,130,79,0.29017857142857145,0.39888682745825604,6875000.0
bagweje01,Unknown bagweje01,1996,HOU,162,568,179,135,0.31514084507042256,0.4506258692628651,4875000.0
bagweje01,Unknown bagweje01,1997,HOU,162,566,162,127,0.2862190812720848,0.42538354253835425,8040000.0
bagweje01,Unknown bagweje01,1998,HOU,147,540,164,109,0.3037037037037037,0.4236006051437216,7945000.0
bagweje01,Unknown bagweje01,1999,HOU,162,562,171,149,0.304270462633452,0.4540466392318244,6500000.0
bagweje01,Unknown bagweje01,2000,HOU,159,590,183,107,0.3101694915254237,0.4242002781641168,6500000.0
bagweje01,Unknown bagweje01,2001,HOU,161,600,173,106,0.28833333333333333,0.39748953974895396,6500000.0
bagweje01,Unknown bagweje01,2002,HOU,158,571,166,101,0.29071803852889666,0.40086830680173663,11000000.0
bagweje01,Unknown bagweje01,2003,HOU,160,605,168,88,0.27768595041322314,0.3732193732193732,13000000.0
bagweje01,Unknown bagweje01,2004,HOU,156,572,152,96,0.26573426573426573,0.37702503681885124,16000000.0
bagweje01,Unknown bagweje01,2005,HOU,39,100,25,18,0.25,0.35772357723577236,18000000.0
baineha01,Unknown baineha01,1990,TEX,103,321,93,47,0.2897196261682243,0.37735849056603776,1143539.0
baineha01,Unknown baineha01,1991,OAK,141,488,144,72,0.29508196721311475,0.3833922261484099,1358333.0
baineha01,Unknown baineha01,1992,OAK,140,478,121,59,0.25313807531380755,0.3314917127071823,1583333.0
baineha01,Unknown baineha01,1993,BAL,118,416,130,57,0.3125,0.3903966597077244,1200000.0
baineha01,Unknown baineha01,1994,BAL,94,326,96,30,0.294478527607362,0.3557422969187675,1925000.0
baineha01,Unknown baineha01,1995,BAL,127,385,115,70,0.2987012987012987,0.40305010893246185,1919445.0
baineha01,Unknown baineha01,1996,CHA,143,495,154,73,0.3111111111111111,0.3986013986013986,1875000.0
baineha01,Unknown baineha01,1997,CHA,93,318,97,41,0.3050314465408805,0.38227146814404434,1925000.0
baineha01,Unknown baineha01,1998,BAL,104,293,88,32,0.3003412969283277,0.36890243902439024,1275000.0
baineha01,Unknown baineha01,1999,BAL,107,345,111,43,0.3217391304347826,0.39487179487179486,1730000.0
baineha01,Unknown baineha01,2000,BAL,72,222,59,29,0.26576576576576577,0.3492063492063492,2000000.0
bakerje03,Unknown bakerje03,2007,COL,85,144,32,13,0.2222222222222222,0.29559748427672955,400000.0
bakerje03,Unknown bakerje03,2008,COL,104,299,80,26,0.26755852842809363,0.32228915662650603,403000.0
bakerje03,Unknown bakerje03,2010,CHN,79,206,56,16,0.27184466019417475,0.32589285714285715,975000.0
bakerjo01,Unknown bakerjo01,2009,FLO,112,373,101,41,0.2707774798927614,0.3491686460807601,400000.0
bakopa01,Unknown bakopa01,1998,DET,96,305,83,23,0.2721311475409836,0.3192771084337349,170000.0
bakopa01,Unknown bakopa01,1999,HOU,73,215,55,26,0.2558139534883721,0.3319672131147541,230000.0
bakopa01,Unknown bakopa01,2001,ATL,61,137,29,20,0.2116788321167883,0.31210191082802546,450000.0
bakopa01,Unknown bakopa01,2002,MIL,87,234,55,20,0.23504273504273504,0.2952755905511811,750000.0
bakopa01,Unknown bakopa01,2003,CHN,70,188,43,22,0.22872340425531915,0.3113207547169811,750000.0
bakopa01,Unknown bakopa01,2004,CHN,49,138,28,15,0.2028985507246377,0.28846153846153844,865000.0
bakopa01,Unknown bakopa01,2006,KCA,56,153,32,11,0.20915032679738563,0.2606060606060606,700000.0
bakopa01,Unknown bakopa01,2007,BAL,60,156,32,15,0.20512820512820512,0.2774566473988439,900000.0
bakopa01,Unknown bakopa01,2008,CIN,99,299,65,34,0.21739130434782608,0.29850746268656714,750000.0
balbost01,Unknown balbost01,1990,NYA,116,266,51,35,0.19172932330827067,0.2908496732026144,900000.0
baldero01,Unknown baldero01,2003,TBA,156,637,184,30,0.28885400313971743,0.32599118942731276,300000.0
baldero01,Unknown baldero01,2004,TBA,136,518,145,30,0.2799227799227799,0.32562277580071175,320000.0
baldero01,Unknown baldero01,2006,TBA,92,364,110,14,0.3021978021978022,0.3385012919896641,2000000.0
baldero01,Unknown baldero01,2007,TBA,35,137,28,9,0.20437956204379562,0.2684563758389262,750000.0
baldero01,Unknown baldero01,2009,BOS,62,150,38,11,0.25333333333333335,0.31097560975609756,500000.0
balenwl01,Unknown balenwl01,2009,SEA,56,155,33,13,0.2129032258064516,0.27058823529411763,405000.0
banksbr01,Unknown banksbr01,1999,MIL,105,219,53,25,0.2420091324200913,0.3170731707317073,203000.0
banksbr01,Unknown banksbr01,2003,FLO,92,149,35,25,0.2348993288590604,0.34831460674157305,300000.0
barajro01,Unknown barajro01,2001,ARI,51,106,17,4,0.16037735849056603,0.19090909090909092,208000.0
barajro01,Unknown barajro01,2002,ARI,70,154,36,10,0.23376623376623376,0.28823529411764703,215000.0
barajro01,Unknown barajro01,2003,ARI,80,220,48,14,0.21818181818181817,0.2647058823529412,300000.0
barajro01,Unknown barajro01,2004,TEX,108,358,89,13,0.24860335195530725,0.2755905511811024,500000.0
barajro01,Unknown barajro01,2005,TEX,120,410,104,26,0.25365853658536586,0.3056179775280899,1850000.0
barajro01,Unknown barajro01,2006,TEX,97,344,88,17,0.2558139534883721,0.2978142076502732,3200000.0
barajro01,Unknown barajro01,2007,PHI,48,122,28,21,0.22950819672131148,0.35172413793103446,2500000.0
barajro01,Unknown barajro01,2008,TOR,104,349,87,17,0.2492836676217765,0.29442970822281167,700000.0
barajro01,Unknown barajro01,2009,TOR,125,429,97,20,0.2261072261072261,0.25820568927789933,2500000.0
barajro01,Unknown barajro01,2010,NYN,74,249,56,8,0.2248995983935743,0.2631578947368421,500000.0
barbebr01,Unknown barbebr01,1992,MON,111,285,66,47,0.23157894736842105,0.3538011695906433,129000.0
barbebr01,Unknown barbebr01,1993,FLO,99,375,104,33,0.2773333333333333,0.3444976076555024,190000.0
barbebr01,Unknown barbebr01,1994,FLO,107,372,112,23,0.3010752688172043,0.3564356435643564,302500.0
barbebr01,Unknown barbebr01,1995,BAL,90,237,57,36,0.24050632911392406,0.35106382978723405,958750.0
bardebr01,Unknown bardebr01,2009,SLN,52,103,24,6,0.23300970873786409,0.2857142857142857,400000.0
bardjo01,Unknown bardjo01,2003,CLE,91,303,74,22,0.24422442244224424,0.2926829268292683,302100.0
bardjo01,Unknown bardjo01,2007,SDN,118,389,111,50,0.2853470437017995,0.36425339366515835,1050000.0
bardjo01,Unknown bardjo01,2008,SDN,57,178,36,18,0.20224719101123595,0.27918781725888325,2237500.0
bardjo01,Unknown bardjo01,2009,WAS,90,274,63,24,0.22992700729927007,0.29333333333333333,1600000.0
barfije01,Unknown barfije01,1990,NYA,153,476,117,82,0.24579831932773108,0.3591549295774648,1233333.0
barfije01,Unknown barfije01,1991,NYA,84,284,64,36,0.22535211267605634,0.3115264797507788,1333333.0
barfijo02,Unknown barfijo02,2006,SDN,150,539,151,30,0.28014842300556586,0.3177083333333333,327000.0
barfijo02,Unknown barfijo02,2007,CLE,130,420,102,14,0.24285714285714285,0.2698412698412698,395800.0
barkeke01,Unknown barkeke01,1999,MIL,38,117,33,9,0.28205128205128205,0.33070866141732286,200000.0
barkeke01,Unknown barkeke01,2000,MIL,40,100,22,20,0.22,0.3524590163934426,205000.0
barmecl01,Unknown barmecl01,2005,COL,81,350,101,16,0.2885714285714286,0.3297587131367292,317000.0
barmecl01,Unknown barmecl01,2006,COL,131,478,105,22,0.2196652719665272,0.26356589147286824,335000.0
barmecl01,Unknown barmecl01,2008,COL,107,393,114,17,0.2900763358778626,0.3220338983050847,405000.0
barmecl01,Unknown barmecl01,2009,COL,154,550,135,31,0.24545454545454545,0.29431438127090304,1625000.0
barmecl01,Unknown barmecl01,2010,COL,133,387,91,35,0.2351421188630491,0.30465116279069765,3325000.0
barnesk01,Unknown barnesk01,1992,DET,95,165,45,10,0.2727272727272727,0.31843575418994413,150000.0
barnesk01,Unknown barnesk01,1993,DET,84,160,45,11,0.28125,0.3181818181818182,265000.0
barrema02,Unknown barrema02,1990,BOS,62,159,36,15,0.22641509433962265,0.2937853107344633,1000000.0
barremi01,Unknown barremi01,1999,MON,126,433,127,32,0.29330254041570436,0.34541577825159914,200500.0
barremi01,Unknown barremi01,2000,MON,89,271,58,23,0.2140221402214022,0.27702702702702703,265000.0
barremi01,Unknown barremi01,2001,MON,132,472,118,25,0.25,0.28884462151394424,285000.0
barremi01,Unknown barremi01,2002,MON,117,376,99,40,0.2632978723404255,0.33175355450236965,1150000.0
barremi01,Unknown barremi01,2003,MON,70,226,47,21,0.2079646017699115,0.28,2600000.0
barremi01,Unknown barremi01,2004,CHN,134,456,131,33,0.28728070175438597,0.33665338645418325,1550000.0
barremi01,Unknown barremi01,2005,CHN,133,424,117,40,0.2759433962264151,0.3452631578947368,3133333.0
barremi01,Unknown barremi01,2006,CHN,107,375,115,33,0.30666666666666664,0.36778846153846156,4333333.0
barremi01,Unknown barremi01,2007,CHN,57,211,54,17,0.2559241706161137,0.30735930735930733,4533333.0
barroto01,Unknown barroto01,1997,PHI,57,189,54,12,0.2857142857142857,0.3300970873786408,150000.0
barryje01,Unknown barryje01,1999,COL,74,168,45,19,0.26785714285714285,0.34375,202000.0
barteki01,Unknown barteki01,1996,DET,110,217,55,17,0.2534562211981567,0.3076923076923077,109000.0
bartlja01,Unknown bartlja01,2005,MIN,74,224,54,21,0.24107142857142858,0.316,316000.0
bartlja01,Unknown bartlja01,2007,MIN,140,510,135,50,0.2647058823529412,0.3385964912280702,405000.0
bartlja01,Unknown bartlja01,2008,TBA,128,454,130,22,0.28634361233480177,0.3292433537832311,416600.0
bartlja01,Unknown bartlja01,2009,TBA,137,500,160,54,0.32,0.38898756660746003,1981250.0
bartlja01,Unknown bartlja01,2010,TBA,135,468,119,45,0.25427350427350426,0.32437619961612285,4000000.0
bartobr01,Unknown bartobr01,2008,SLN,82,153,41,19,0.2679738562091503,0.35428571428571426,390000.0
bartoda02,Unknown bartoda02,2008,OAK,140,446,101,65,0.226457399103139,0.32688588007736946,390000.0
bartoda02,Unknown bartoda02,2010,OAK,159,556,152,110,0.2733812949640288,0.39317507418397624,410000.0
basske01,Unknown basske01,1990,SFN,61,214,54,14,0.2523364485981308,0.30303030303030304,1250000.0
basske01,Unknown basske01,1991,SFN,124,361,84,36,0.23268698060941828,0.3069306930693069,1333333.0
basske01,Unknown basske01,1992,SFN,89,265,71,16,0.2679245283018868,0.30985915492957744,2000000.0
basske01,Unknown basske01,1993,HOU,111,229,65,26,0.2838427947598253,0.359375,650000.0
basske01,Unknown basske01,1994,HOU,82,203,63,28,0.3103448275862069,0.39316239316239315,400000.0
basske01,Unknown basske01,1995,BAL,111,295,72,24,0.2440677966101695,0.30340557275541796,415000.0
batesja01,Unknown batesja01,1995,COL,116,322,86,42,0.2670807453416149,0.3551912568306011,109000.0
batesja01,Unknown batesja01,1996,COL,88,160,33,23,0.20625,0.3118279569892473,181500.0
batesja01,Unknown batesja01,1997,COL,62,121,29,15,0.2396694214876033,0.3381294964028777,195000.0
batiski01,Unknown batiski01,1992,PHI,44,136,28,4,0.20588235294117646,0.22377622377622378,109000.0
batiski01,Unknown batiski01,1993,PHI,79,156,44,3,0.28205128205128205,0.2981366459627329,122500.0
batiski01,Unknown batiski01,1994,PHI,64,209,49,1,0.23444976076555024,0.23943661971830985,175000.0
batiski01,Unknown batiski01,1996,SFN,54,130,27,5,0.2076923076923077,0.23529411764705882,150000.0
batisto01,Unknown batisto01,1996,OAK,74,238,71,19,0.29831932773109243,0.35,109000.0
batisto01,Unknown batisto01,1997,OAK,68,188,38,14,0.20212765957446807,0.2647058823529412,162500.0
batisto01,Unknown batisto01,1998,ARI,106,293,80,18,0.27303754266211605,0.31761006289308175,210000.0
batisto01,Unknown batisto01,1999,ARI,44,144,37,16,0.2569444444444444,0.3353658536585366,375000.0
batisto01,Unknown batisto01,2001,TOR,72,271,56,13,0.2066420664206642,0.2508591065292096,3300000.0
batisto01,Unknown batisto01,2002,BAL,161,615,150,50,0.24390243902439024,0.3093841642228739,4900000.0
batisto01,Unknown batisto01,2003,BAL,161,631,148,28,0.23454833597464342,0.2701492537313433,6400000.0
batisto01,Unknown batisto01,2004,MON,157,606,146,26,0.24092409240924093,0.2724458204334365,1500000.0
batisto01,Unknown batisto01,2006,MIN,50,178,42,15,0.23595505617977527,0.30256410256410254,1250000.0
battlal01,Unknown battlal01,1995,SLN,61,118,32,15,0.2711864406779661,0.3582089552238806,109000.0
battlal01,Unknown battlal01,1996,OAK,47,130,25,17,0.19230769230769232,0.29333333333333333,117000.0
bautida01,Unknown bautida01,1995,DET,89,271,55,12,0.2029520295202952,0.23674911660777384,145000.0
bautida01,Unknown bautida01,1997,ATL,64,103,25,5,0.24271844660194175,0.2818181818181818,200000.0
bautida01,Unknown bautida01,1998,ATL,82,144,36,7,0.25,0.28104575163398693,345000.0
bautida01,Unknown bautida01,1999,FLO,70,205,59,4,0.28780487804878047,0.3033175355450237,325000.0
bautida01,Unknown bautida01,2001,ARI,100,222,67,14,0.30180180180180183,0.3459915611814346,675000.0
bautida01,Unknown bautida01,2002,ARI,40,154,50,11,0.3246753246753247,0.3674698795180723,2000000.0
bautida01,Unknown bautida01,2003,ARI,88,284,78,21,0.2746478873239437,0.3301282051282051,3000000.0
bautida01,Unknown bautida01,2004,ARI,141,539,154,35,0.2857142857142857,0.33218588640275387,4000000.0
bautijo02,Unknown bautijo02,2007,PIT,142,532,135,68,0.25375939849624063,0.33934426229508197,397500.0
bautijo02,Unknown bautijo02,2008,PIT,107,314,76,38,0.24203821656050956,0.32492997198879553,1800000.0
bautijo02,Unknown bautijo02,2009,TOR,113,336,79,56,0.23511904761904762,0.3492462311557789,2400000.0
bautijo02,Unknown bautijo02,2010,TOR,161,569,148,100,0.2601054481546573,0.37774524158125916,2400000.0
bayja01,Unknown bayja01,2004,PIT,120,411,116,41,0.2822384428223844,0.3576017130620985,305000.0
bayja01,Unknown bayja01,2005,PIT,162,599,183,95,0.3055091819699499,0.4016973125884017,355000.0
bayja01,Unknown bayja01,2006,PIT,159,570,163,102,0.28596491228070176,0.39622641509433965,1000000.0
bayja01,Unknown bayja01,2007,PIT,145,538,133,59,0.24721189591078066,0.3273615635179153,3500000.0
bayja01,Unknown bayja01,2008,PIT,106,393,111,59,0.2824427480916031,0.3747276688453159,6000000.0
bayja01,Unknown bayja01,2009,BOS,151,531,142,94,0.2674199623352166,0.384012539184953,7800000.0
bayja01,Unknown bayja01,2010,NYN,95,348,90,44,0.25862068965517243,0.34663341645885287,8625000.0
beanbi01,Unknown beanbi01,1994,SDN,84,135,29,7,0.21481481481481482,0.2482758620689655,145000.0
beckeri01,Unknown beckeri01,1995,MIN,106,392,93,34,0.2372448979591837,0.30324074074074076,120000.0
beckeri01,Unknown beckeri01,1996,MIN,148,525,153,68,0.2914285714285714,0.3722871452420701,152500.0
beckeri01,Unknown beckeri01,1997,MIN,132,443,117,62,0.26410835214446954,0.3543307086614173,260000.0
beckeri01,Unknown beckeri01,1998,NYN,49,100,19,21,0.19,0.3305785123966942,1550000.0
beckeri01,Unknown beckeri01,1999,MIL,89,139,35,33,0.2517985611510791,0.3953488372093023,475000.0
beckhgo01,Unknown beckhgo01,2010,CHA,131,444,112,37,0.25225225225225223,0.3170731707317073,445000.0
bellda01,Unknown bellda01,1995,SLN,39,144,36,4,0.25,0.2781456953642384,109000.0
bellda01,Unknown bellda01,1996,SLN,62,145,31,10,0.21379310344827587,0.267515923566879,125000.0
bellda01,Unknown bellda01,1997,SLN,66,142,30,10,0.2112676056338028,0.26143790849673204,170000.0
bellda01,Unknown bellda01,1999,SEA,157,597,160,58,0.26800670016750416,0.3313253012048193,700000.0
bellda01,Unknown bellda01,2000,SEA,133,454,112,42,0.24669603524229075,0.31620553359683795,1425000.0
bellda01,Unknown bellda01,2001,SEA,135,470,122,28,0.25957446808510637,0.30297029702970296,2200000.0
bellda01,Unknown bellda01,2002,SFN,154,552,144,54,0.2608695652173913,0.3327974276527331,1750000.0
bellda01,Unknown bellda01,2003,PHI,85,297,58,41,0.19528619528619529,0.2959770114942529,3200000.0
bellda01,Unknown bellda01,2004,PHI,143,533,155,57,0.29080675422138835,0.3627287853577371,4400000.0
bellda01,Unknown bellda01,2005,PHI,150,557,138,47,0.24775583482944344,0.3099510603588907,4700000.0
bellda01,Unknown bellda01,2006,PHI,92,324,90,32,0.2777777777777778,0.3453038674033149,4700000.0
bellde01,Unknown bellde01,1992,TOR,61,161,39,15,0.2422360248447205,0.3241758241758242,112500.0
bellde01,Unknown bellde01,1993,SDN,150,542,142,23,0.26199261992619927,0.30256410256410254,165000.0
bellde01,Unknown bellde01,1994,SDN,108,434,135,29,0.31105990783410137,0.3540772532188841,385000.0
bellde01,Unknown bellde01,1995,HOU,112,452,151,33,0.334070796460177,0.3847695390781563,1450000.0
bellde01,Unknown bellde01,1996,HOU,158,627,165,40,0.2631578947368421,0.31140350877192985,2800000.0
bellde01,Unknown bellde01,1997,HOU,129,493,136,40,0.27586206896551724,0.3436928702010969,3250000.0
bellde01,Unknown bellde01,1998,HOU,156,630,198,51,0.3142857142857143,0.3640287769784173,4250000.0
bellde01,Unknown bellde01,1999,HOU,128,509,120,50,0.2357563850687623,0.30633802816901406,4500000.0
bellde01,Unknown bellde01,2000,NYN,144,546,145,65,0.26556776556776557,0.34838709677419355,5000000.0
bellde01,Unknown bellde01,2001,PIT,46,156,27,25,0.17307692307692307,0.287292817679558,5000000.0
belleal01,Unknown belleal01,1991,CLE,123,461,130,25,0.28199566160520606,0.3225806451612903,130000.0
belleal01,Unknown belleal01,1992,CLE,153,585,152,52,0.25982905982905985,0.3204930662557781,175000.0
belleal01,Unknown belleal01,1993,CLE,159,594,172,76,0.2895622895622896,0.3699421965317919,1675000.0
belleal01,Unknown belleal01,1994,CLE,106,412,147,58,0.3567961165048544,0.4384133611691023,2775000.0
belleal01,Unknown belleal01,1995,CLE,143,546,173,73,0.31684981684981683,0.40063593004769477,4500000.0
belleal01,Unknown belleal01,1996,CLE,158,602,187,99,0.3106312292358804,0.4097902097902098,5700000.0
belleal01,Unknown belleal01,1997,CHA,161,634,174,53,0.2744479495268139,0.33238231098430815,10000000.0
belleal01,Unknown belleal01,1998,CHA,163,609,200,81,0.3284072249589491,0.39943342776203966,10000000.0
belleal01,Unknown belleal01,1999,BAL,161,610,181,101,0.2967213114754098,0.4002770083102493,11949794.0
belleal01,Unknown belleal01,2000,BAL,141,559,157,52,0.2808586762075134,0.342443729903537,12868670.0
bellge02,Unknown bellge02,1990,TOR,142,562,149,32,0.26512455516014233,0.3026315789473684,2000000.0
bellge02,Unknown bellge02,1991,CHN,149,558,159,32,0.2849462365591398,0.32338308457711445,2150000.0
bellge02,Unknown bellge02,1992,CHA,155,627,160,31,0.2551834130781499,0.29402985074626864,3650000.0
bellge02,Unknown bellge02,1993,CHA,102,410,89,13,0.21707317073170732,0.24311926605504589,3650000.0
bellhma01,Unknown bellhma01,1997,OAK,68,224,51,32,0.22767857142857142,0.32421875,150000.0
bellhma01,Unknown bellhma01,2002,CHN,146,445,115,76,0.25842696629213485,0.3738140417457306,224000.0
bellhma01,Unknown bellhma01,2003,CHN,51,139,29,29,0.20863309352517986,0.34104046242774566,465000.0
bellhma01,Unknown bellhma01,2004,BOS,138,523,138,88,0.2638623326959847,0.37318255250403876,490000.0
bellhma01,Unknown bellhma01,2005,BOS,85,283,61,49,0.21554770318021202,0.3283582089552239,2750000.0
bellhma01,Unknown bellhma01,2006,SDN,115,253,48,32,0.18972332015810275,0.2847222222222222,800000.0
bellicl01,Unknown bellicl01,2000,NYA,98,184,38,17,0.20652173913043478,0.28846153846153844,206650.0
bellira01,Unknown bellira01,1992,ATL,144,285,60,14,0.21052631578947367,0.25496688741721857,500000.0
bellira01,Unknown bellira01,1994,ATL,46,120,29,2,0.24166666666666667,0.264,800000.0
bellira01,Unknown bellira01,1995,ATL,75,180,40,6,0.2222222222222222,0.2553191489361702,550000.0
bellira01,Unknown bellira01,1996,ATL,87,142,24,2,0.16901408450704225,0.1793103448275862,575000.0
belliro01,Unknown belliro01,1999,MIL,124,457,135,64,0.29540481400437635,0.379047619047619,200000.0
belliro01,Unknown belliro01,2000,MIL,152,571,150,82,0.2626970227670753,0.35444947209653094,250000.0
belliro01,Unknown belliro01,2001,MIL,101,364,96,35,0.26373626373626374,0.33497536945812806,310000.0
belliro01,Unknown belliro01,2002,MIL,104,289,61,18,0.21107266435986158,0.2572347266881029,1650000.0
belliro01,Unknown belliro01,2003,COL,116,447,124,49,0.27740492170022374,0.35070140280561124,475000.0
belliro01,Unknown belliro01,2004,CLE,152,599,169,60,0.28213689482470783,0.34841628959276016,1100000.0
belliro01,Unknown belliro01,2005,CLE,145,536,152,35,0.2835820895522388,0.32469775474956825,2500000.0
belliro01,Unknown belliro01,2006,CLE,93,350,102,21,0.2914285714285714,0.33687002652519893,4000000.0
belliro01,Unknown belliro01,2007,WAS,147,511,148,34,0.2896281800391389,0.33212341197822143,750000.0
belliro01,Unknown belliro01,2008,WAS,96,296,85,37,0.28716216216216217,0.37202380952380953,1600000.0
belliro01,Unknown belliro01,2009,WAS,86,187,46,14,0.24598930481283424,0.2955665024630542,1900000.0
belliro01,Unknown belliro01,2010,LAN,82,162,35,18,0.21604938271604937,0.29508196721311475,825000.0
bellja01,Unknown bellja01,1990,PIT,159,583,148,65,0.2538593481989708,0.3287671232876712,180000.0
bellja01,Unknown bellja01,1991,PIT,157,608,164,52,0.26973684210526316,0.32983508245877063,380000.0
bellja01,Unknown bellja01,1992,PIT,159,632,167,55,0.26424050632911394,0.32611832611832614,875000.0
bellja01,Unknown bellja01,1993,PIT,154,604,187,77,0.30960264900662254,0.39244186046511625,2975000.0
bellja01,Unknown bellja01,1994,PIT,110,424,117,49,0.2759433962264151,0.35281837160751567,3400000.0
bellja01,Unknown bellja01,1995,PIT,138,530,139,55,0.2622641509433962,0.33559322033898303,4400000.0
bellja01,Unknown bellja01,1996,PIT,151,527,132,54,0.2504743833017078,0.32263513513513514,4700000.0
bellja01,Unknown bellja01,1997,KCA,153,573,167,71,0.2914485165794066,0.3683409436834094,5000000.0
bellja01,Unknown bellja01,1998,ARI,155,549,138,81,0.25136612021857924,0.353125,5000000.0
bellja01,Unknown bellja01,1999,ARI,151,589,170,82,0.28862478777589134,0.3742690058479532,6100000.0
bellja01,Unknown bellja01,2000,ARI,149,565,151,70,0.2672566371681416,0.3483670295489891,7000000.0
bellja01,Unknown bellja01,2001,ARI,129,428,106,65,0.24766355140186916,0.34930139720558884,8050000.0
bellja01,Unknown bellja01,2003,NYN,72,116,21,22,0.1810344827586207,0.3191489361702128,550000.0
bellju01,Unknown bellju01,1991,BAL,100,209,36,8,0.1722488038277512,0.2009132420091324,103000.0
beltrad01,Unknown beltrad01,1998,LAN,77,195,42,14,0.2153846153846154,0.2783018867924528,170000.0
beltrad01,Unknown beltrad01,1999,LAN,152,538,148,61,0.275092936802974,0.3524590163934426,220000.0
beltrad01,Unknown beltrad01,2000,LAN,138,510,148,56,0.2901960784313726,0.36013986013986016,1000000.0
beltrad01,Unknown beltrad01,2001,LAN,126,475,126,28,0.26526315789473687,0.30994152046783624,1250000.0
beltrad01,Unknown beltrad01,2002,LAN,159,587,151,37,0.2572402044293015,0.3028391167192429,2800000.0
beltrad01,Unknown beltrad01,2003,LAN,158,559,134,37,0.23971377459749552,0.2899505766062603,3700000.0
beltrad01,Unknown beltrad01,2004,LAN,156,598,200,53,0.33444816053511706,0.3881278538812785,5000000.0
beltrad01,Unknown beltrad01,2005,SEA,156,603,154,38,0.25538971807628524,0.3030769230769231,11400000.0
beltrad01,Unknown beltrad01,2006,SEA,156,620,166,47,0.267741935483871,0.32794117647058824,12900000.0
beltrad01,Unknown beltrad01,2007,SEA,149,595,164,38,0.27563025210084036,0.3192488262910798,12900000.0
beltrad01,Unknown beltrad01,2008,SEA,143,556,148,50,0.26618705035971224,0.32679738562091504,13400000.0
beltrad01,Unknown beltrad01,2009,SEA,111,449,119,19,0.2650334075723831,0.3039832285115304,13400000.0
beltrad01,Unknown beltrad01,2010,BOS,154,589,189,40,0.32088285229202035,0.36505460218408736,9000000.0
beltrca01,Unknown beltrca01,1999,KCA,156,663,194,46,0.29260935143288086,0.33748271092669435,200000.0
beltrca01,Unknown beltrca01,2000,KCA,98,372,92,35,0.24731182795698925,0.30900243309002434,350000.0
beltrca01,Unknown beltrca01,2001,KCA,155,617,189,52,0.3063209076175041,0.36229749631811486,425000.0
beltrca01,Unknown beltrca01,2002,KCA,162,637,174,71,0.2731554160125589,0.3463143254520167,3500000.0
beltrca01,Unknown beltrca01,2003,KCA,141,521,160,72,0.30710172744721687,0.38870431893687707,6000000.0
beltrca01,Unknown beltrca01,2004,KCA,69,266,74,37,0.2781954887218045,0.36688311688311687,9000000.0
beltrca01,Unknown beltrca01,2005,NYN,151,582,155,56,0.2663230240549828,0.32972136222910214,11571429.0
beltrca01,Unknown beltrca01,2006,NYN,140,510,140,95,0.27450980392156865,0.387987012987013,13571428.0
beltrca01,Unknown beltrca01,2007,NYN,144,554,153,69,0.27617328519855594,0.352755905511811,13571429.0
beltrca01,Unknown beltrca01,2008,NYN,161,606,172,92,0.2838283828382838,0.375886524822695,18622809.0
beltrca01,Unknown beltrca01,2009,NYN,81,308,100,47,0.3246753246753247,0.41456582633053224,19243682.0
beltrca01,Unknown beltrca01,2010,NYN,64,220,56,30,0.2545454545454545,0.3411764705882353,19401569.0
beltres01,Unknown beltres01,1994,TEX,48,131,37,16,0.2824427480916031,0.3581081081081081,130000.0
benarma01,Unknown benarma01,1996,SFN,135,488,121,59,0.24795081967213115,0.3333333333333333,110500.0
benarma01,Unknown benarma01,1997,SFN,84,114,26,13,0.22807017543859648,0.3153846153846154,185000.0
benarma01,Unknown benarma01,1998,SFN,121,286,92,34,0.32167832167832167,0.39628482972136225,250000.0
benarma01,Unknown benarma01,1999,SFN,149,562,163,55,0.2900355871886121,0.358974358974359,850000.0
benarma01,Unknown benarma01,2000,SFN,149,560,147,63,0.2625,0.34231378763866877,1125000.0
benarma01,Unknown benarma01,2001,SFN,129,392,104,29,0.2653061224489796,0.32009345794392524,2700000.0
benarma01,Unknown benarma01,2002,SFN,65,123,34,7,0.2764227642276423,0.32061068702290074,4200000.0
benavfr01,Unknown benavfr01,1992,CIN,74,173,40,10,0.23121387283236994,0.27717391304347827,120000.0
benavfr01,Unknown benavfr01,1993,COL,74,213,61,6,0.2863849765258216,0.30454545454545456,167500.0
benitya01,Unknown benitya01,1997,KCA,53,191,51,10,0.2670157068062827,0.3069306930693069,150000.0
benitya01,Unknown benitya01,1998,ARI,91,206,41,14,0.19902912621359223,0.26222222222222225,195000.0
benjami01,Unknown benjami01,1991,SFN,54,106,13,7,0.12264150943396226,0.18803418803418803,110000.0
benjami01,Unknown benjami01,1993,SFN,63,146,29,9,0.19863013698630136,0.2641509433962264,142500.0
benjami01,Unknown benjami01,1995,SFN,68,186,41,8,0.22043010752688172,0.2564102564102564,320000.0
benjami01,Unknown benjami01,1996,PHI,35,103,23,12,0.22330097087378642,0.3162393162393162,325000.0
benjami01,Unknown benjami01,1998,BOS,124,349,95,15,0.2722063037249284,0.3118279569892473,242500.0
benjami01,Unknown benjami01,1999,PIT,110,368,91,20,0.24728260869565216,0.2875318066157761,700000.0
benjami01,Unknown benjami01,2000,PIT,93,233,63,12,0.2703862660944206,0.3132530120481928,700000.0
benjami01,Unknown benjami01,2002,PIT,108,120,18,7,0.15,0.20155038759689922,925000.0
bennega01,Unknown bennega01,2002,COL,90,291,77,15,0.2646048109965636,0.3141025641025641,290000.0
bennega01,Unknown bennega01,2003,SDN,96,307,73,24,0.23778501628664495,0.2955223880597015,700000.0
bennega01,Unknown bennega01,2004,MIL,75,219,49,22,0.2237442922374429,0.2967479674796748,600000.0
bennega01,Unknown bennega01,2005,WAS,68,199,44,21,0.22110552763819097,0.29777777777777775,750000.0
bennega01,Unknown bennega01,2006,SLN,60,157,35,11,0.2229299363057325,0.27380952380952384,800000.0
bennega01,Unknown bennega01,2007,SLN,59,155,39,8,0.25161290322580643,0.2857142857142857,850000.0
benzito01,Unknown benzito01,1990,CIN,118,376,95,19,0.2526595744680851,0.29064039408866993,325000.0
benzito01,Unknown benzito01,1991,CIN,51,123,23,10,0.18699186991869918,0.24444444444444444,705000.0
benzito01,Unknown benzito01,1992,LAN,121,293,70,15,0.23890784982935154,0.2715654952076677,1150000.0
benzito01,Unknown benzito01,1993,SFN,86,177,51,13,0.288135593220339,0.3316062176165803,500000.0
benzito01,Unknown benzito01,1994,SFN,107,328,87,17,0.2652439024390244,0.3037249283667622,700000.0
bergda01,Unknown bergda01,1998,FLO,81,182,57,26,0.3131868131868132,0.3933649289099526,170000.0
bergda01,Unknown bergda01,1999,FLO,109,304,87,27,0.28618421052631576,0.3483483483483483,235000.0
bergda01,Unknown bergda01,2000,FLO,82,210,53,25,0.2523809523809524,0.3401639344262295,295000.0
bergda01,Unknown bergda01,2001,FLO,82,215,52,14,0.24186046511627907,0.2918454935622318,587500.0
bergda01,Unknown bergda01,2002,TOR,109,374,101,26,0.2700534759358289,0.32195121951219513,450000.0
bergda01,Unknown bergda01,2003,TOR,61,161,41,11,0.2546583850931677,0.30057803468208094,700000.0
bergda01,Unknown bergda01,2004,TOR,58,154,39,4,0.2532467532467532,0.2777777777777778,800000.0
bergebr01,Unknown bergebr01,2002,KCA,51,134,27,8,0.20149253731343283,0.25517241379310346,202000.0
bergepe01,Unknown bergepe01,2000,MON,148,518,127,58,0.24517374517374518,0.32006920415224915,201500.0
bergepe01,Unknown bergepe01,2001,MON,102,375,79,28,0.21066666666666667,0.27450980392156865,242500.0
bergepe01,Unknown bergepe01,2002,MON,31,123,23,22,0.18699186991869918,0.3103448275862069,250000.0
bergmda01,Unknown bergmda01,1990,DET,100,205,57,33,0.2780487804878049,0.375,525000.0
bergmda01,Unknown bergmda01,1991,DET,86,194,46,35,0.23711340206185566,0.35064935064935066,575000.0
bergmda01,Unknown bergmda01,1992,DET,87,181,42,20,0.23204419889502761,0.3054187192118227,375000.0
berkmla01,Unknown berkmla01,2001,HOU,156,577,191,92,0.3310225303292894,0.43023255813953487,305000.0
berkmla01,Unknown berkmla01,2002,HOU,158,578,169,107,0.29238754325259514,0.4046242774566474,500000.0
berkmla01,Unknown berkmla01,2003,HOU,153,538,155,107,0.28810408921933084,0.4124809741248097,3500000.0
berkmla01,Unknown berkmla01,2004,HOU,160,544,172,127,0.3161764705882353,0.4497816593886463,6500000.0
berkmla01,Unknown berkmla01,2005,HOU,132,468,137,91,0.29273504273504275,0.41061946902654867,10500000.0
berkmla01,Unknown berkmla01,2006,HOU,152,536,169,98,0.31529850746268656,0.4195046439628483,14500000.0
berkmla01,Unknown berkmla01,2007,HOU,153,561,156,94,0.27807486631016043,0.38622754491017963,14500000.0
berkmla01,Unknown berkmla01,2008,HOU,159,554,173,99,0.31227436823104693,0.4195488721804511,14500000.0
berkmla01,Unknown berkmla01,2009,HOU,136,460,126,97,0.27391304347826084,0.398576512455516,14500000.0
berkmla01,Unknown berkmla01,2010,HOU,85,298,73,60,0.24496644295302014,0.3715083798882682,14500000.0
berroan01,Unknown berroan01,2003,KCA,158,567,163,29,0.2874779541446208,0.33762057877813506,302000.0
berroan01,Unknown berroan01,2004,KCA,134,512,134,23,0.26171875,0.30783242258652094,372500.0
berroan01,Unknown berroan01,2005,KCA,159,608,164,18,0.26973684210526316,0.3052959501557632,500000.0
berroan01,Unknown berroan01,2006,KCA,132,474,111,14,0.23417721518987342,0.2591093117408907,2000000.0
berroge01,Unknown berroge01,1994,OAK,96,340,104,41,0.3058823529411765,0.37851662404092073,140000.0
berroge01,Unknown berroge01,1995,OAK,141,546,152,63,0.2783882783882784,0.35064935064935066,235000.0
berroge01,Unknown berroge01,1996,OAK,153,586,170,47,0.2901023890784983,0.343701399688958,1150000.0
berroge01,Unknown berroge01,1997,OAK,73,261,81,36,0.3103448275862069,0.39464882943143814,3300000.0
berryda01,Unknown berryda01,1991,CHN,62,159,30,11,0.18867924528301888,0.2441860465116279,230000.0
berryda01,Unknown berryda01,1992,ATL,101,307,70,17,0.2280130293159609,0.2682926829268293,370000.0
berryda01,Unknown berryda01,1993,ATL,115,335,82,21,0.24477611940298508,0.29085872576177285,1000000.0
berryda01,Unknown berryda01,1994,BOS,82,255,67,19,0.2627450980392157,0.3115942028985507,500000.0
berryda01,Unknown berryda01,1997,SFN,73,167,43,20,0.25748502994011974,0.3351063829787234,466665.0
berryse01,Unknown berryse01,1993,MON,122,299,78,41,0.2608695652173913,0.34770114942528735,121000.0
berryse01,Unknown berryse01,1994,MON,103,320,89,32,0.278125,0.3473389355742297,200000.0
berryse01,Unknown berryse01,1995,MON,103,314,100,25,0.3184713375796178,0.3670520231213873,285000.0
berryse01,Unknown berryse01,1996,HOU,132,431,121,23,0.28074245939675174,0.32762312633832974,995000.0
berryse01,Unknown berryse01,1997,HOU,96,301,77,25,0.2558139534883721,0.31750741839762614,2250000.0
berryse01,Unknown berryse01,1998,HOU,102,299,94,31,0.31438127090301005,0.3870967741935484,1000000.0
berryse01,Unknown berryse01,1999,MIL,106,259,59,17,0.2277992277992278,0.28113879003558717,1050000.0
betanyu01,Unknown betanyu01,2006,SEA,157,558,161,17,0.2885304659498208,0.31022530329289427,677500.0
betanyu01,Unknown betanyu01,2007,SEA,155,536,155,15,0.2891791044776119,0.30755395683453235,727500.0
betanyu01,Unknown betanyu01,2008,SEA,153,559,156,17,0.27906976744186046,0.2996575342465753,1550000.0
betanyu01,Unknown betanyu01,2009,SEA,63,224,56,10,0.25,0.27848101265822783,2300000.0
betanyu01,Unknown betanyu01,2010,KCA,151,556,144,23,0.2589928057553957,0.2876712328767123,3300000.0
betemwi01,Unknown betemwi01,2005,ATL,115,246,75,22,0.3048780487804878,0.3592592592592593,316000.0
betemwi01,Unknown betemwi01,2006,ATL,88,199,56,19,0.2814070351758794,0.3440366972477064,345000.0
betemwi01,Unknown betemwi01,2007,LAN,84,156,36,32,0.23076923076923078,0.359375,405000.0
betemwi01,Unknown betemwi01,2008,NYA,87,189,50,6,0.26455026455026454,0.2893401015228426,1165000.0
bicheda01,Unknown bicheda01,1990,CAL,109,349,89,16,0.25501432664756446,0.2918918918918919,100000.0
bicheda01,Unknown bicheda01,1991,ML4,134,445,106,22,0.23820224719101124,0.2721518987341772,185000.0
bicheda01,Unknown bicheda01,1992,ML4,112,387,111,16,0.2868217054263566,0.31784841075794623,230000.0
bicheda01,Unknown bicheda01,1993,COL,141,538,167,28,0.3104089219330855,0.3476764199655766,735000.0
bicheda01,Unknown bicheda01,1994,COL,116,484,147,19,0.3037190082644628,0.33398821218074654,2850000.0
bicheda01,Unknown bicheda01,1995,COL,139,579,197,22,0.34024179620034545,0.36437908496732024,3400000.0
bicheda01,Unknown bicheda01,1996,COL,159,633,198,45,0.3127962085308057,0.35878962536023057,3591666.0
bicheda01,Unknown bicheda01,1997,COL,151,561,173,30,0.3083778966131907,0.3427620632279534,5166667.0
bicheda01,Unknown bicheda01,1998,COL,161,662,219,28,0.33081570996978854,0.35683453237410073,5291667.0
bicheda01,Unknown bicheda01,1999,COL,151,593,177,54,0.2984822934232715,0.3535660091047041,7250000.0
bicheda01,Unknown bicheda01,2000,CIN,125,461,136,41,0.2950108459869848,0.35282651072124754,7000000.0
bicheda01,Unknown bicheda01,2001,BOS,107,391,112,20,0.2864450127877238,0.3253012048192771,7000000.0
bigbila01,Unknown bigbila01,2004,BAL,139,478,134,45,0.2803347280334728,0.3409090909090909,340000.0
bigbila01,Unknown bigbila01,2005,BAL,67,206,51,21,0.24757281553398058,0.314410480349345,380000.0
biggicr01,Unknown biggicr01,1990,HOU,150,555,153,53,0.2756756756756757,0.3415032679738562,240000.0
biggicr01,Unknown biggicr01,1991,HOU,149,546,161,53,0.2948717948717949,0.3576158940397351,437500.0
biggicr01,Unknown biggicr01,1992,HOU,162,613,170,94,0.27732463295269166,0.3784916201117318,1425000.0
biggicr01,Unknown biggicr01,1993,HOU,155,610,175,77,0.28688524590163933,0.3732193732193732,3050000.0
biggicr01,Unknown biggicr01,1994,HOU,114,437,139,62,0.3180778032036613,0.4106090373280943,3500000.0
biggicr01,Unknown biggicr01,1995,HOU,141,553,167,80,0.30198915009041594,0.40634441087613293,4725000.0
biggicr01,Unknown biggicr01,1996,HOU,162,605,174,75,0.28760330578512394,0.386013986013986,2075000.0
biggicr01,Unknown biggicr01,1997,HOU,162,619,191,84,0.308562197092084,0.4153225806451613,6280000.0
biggicr01,Unknown biggicr01,1998,HOU,160,646,210,64,0.32507739938080493,0.40298507462686567,6145000.0
biggicr01,Unknown biggicr01,1999,HOU,160,639,188,88,0.2942097026604069,0.385752688172043,6060000.0
biggicr01,Unknown biggicr01,2000,HOU,101,377,101,61,0.26790450928381965,0.3877995642701525,6750000.0
biggicr01,Unknown biggicr01,2001,HOU,155,617,180,66,0.2917341977309562,0.3821478382147838,7750000.0
biggicr01,Unknown biggicr01,2002,HOU,145,577,146,50,0.2530329289428076,0.32972136222910214,8750000.0
biggicr01,Unknown biggicr01,2003,HOU,153,628,166,57,0.2643312101910828,0.35014005602240894,9750000.0
biggicr01,Unknown biggicr01,2004,HOU,156,633,178,40,0.2812006319115324,0.33719247467438496,3000000.0
biggicr01,Unknown biggicr01,2005,HOU,155,590,156,37,0.26440677966101694,0.32457496136012365,3000000.0
biggicr01,Unknown biggicr01,2006,HOU,145,548,135,40,0.24635036496350365,0.30564784053156147,4000000.0
biggicr01,Unknown biggicr01,2007,HOU,141,517,130,23,0.2514506769825919,0.2846715328467153,5150000.0
blakeca01,Unknown blakeca01,2003,CLE,152,557,143,38,0.25673249551166966,0.31158238172920066,330000.0
blakeca01,Unknown blakeca01,2004,CLE,152,587,159,68,0.2708688245315162,0.3538230884557721,352400.0
blakeca01,Unknown blakeca01,2005,CLE,147,523,126,43,0.24091778202676864,0.3080895008605852,2250000.0
blakeca01,Unknown blakeca01,2006,CLE,109,401,113,45,0.2817955112219451,0.35604395604395606,3050000.0
blakeca01,Unknown blakeca01,2007,CLE,156,588,159,54,0.27040816326530615,0.3394216133942161,3750000.0
blakeca01,Unknown blakeca01,2008,CLE,94,325,94,33,0.28923076923076924,0.3651226158038147,6100000.0
blakeca01,Unknown blakeca01,2009,LAN,139,485,136,63,0.2804123711340206,0.36347517730496454,5000000.0
blakeca01,Unknown blakeca01,2010,LAN,146,509,126,48,0.2475442043222004,0.3204225352112676,6250000.0
blaloha01,Unknown blaloha01,2002,TEX,49,147,31,20,0.2108843537414966,0.3058823529411765,200000.0
blaloha01,Unknown blaloha01,2003,TEX,143,567,170,44,0.2998236331569665,0.34959349593495936,302500.0
blaloha01,Unknown blaloha01,2004,TEX,159,624,172,75,0.27564102564102566,0.3548387096774194,550000.0
blaloha01,Unknown blaloha01,2005,TEX,161,647,170,51,0.26275115919629055,0.3177304964539007,850000.0
blaloha01,Unknown blaloha01,2006,TEX,152,591,157,51,0.2656514382402707,0.32507739938080493,3050000.0
blaloha01,Unknown blaloha01,2007,TEX,58,208,61,21,0.2932692307692308,0.3577586206896552,4800000.0
blaloha01,Unknown blaloha01,2008,TEX,65,258,74,19,0.2868217054263566,0.33807829181494664,6000000.0
blaloha01,Unknown blaloha01,2009,TEX,123,462,108,26,0.23376623376623376,0.2767676767676768,6200000.0
blancan01,Unknown blancan01,2010,TEX,68,166,46,11,0.27710843373493976,0.32967032967032966,510000.0
blancgr01,Unknown blancgr01,2008,ATL,144,430,108,74,0.25116279069767444,0.3664717348927875,390000.0
blanche01,Unknown blanche01,1999,COL,88,263,61,34,0.23193916349809887,0.32,215000.0
blanche01,Unknown blanche01,2000,MIL,93,284,67,36,0.23591549295774647,0.31790123456790126,235000.0
blanche01,Unknown blanche01,2001,MIL,104,314,66,34,0.21019108280254778,0.2897727272727273,712500.0
blanche01,Unknown blanche01,2002,ATL,81,221,45,20,0.20361990950226244,0.26720647773279355,1512500.0
blanche01,Unknown blanche01,2003,ATL,55,151,30,10,0.1986754966887417,0.25153374233128833,1300000.0
blanche01,Unknown blanche01,2004,MIN,114,315,65,21,0.20634920634920634,0.260233918128655,750000.0
blanche01,Unknown blanche01,2005,CHN,54,161,39,11,0.2422360248447205,0.28735632183908044,1200000.0
blanche01,Unknown blanche01,2006,CHN,74,241,64,14,0.26556016597510373,0.3035019455252918,1500000.0
blanche01,Unknown blanche01,2008,CHN,58,120,35,6,0.2916666666666667,0.3253968253968254,3175000.0
blanche01,Unknown blanche01,2009,SDN,67,204,48,26,0.23529411764705882,0.3203463203463203,750000.0
blanche01,Unknown blanche01,2010,NYN,50,130,28,11,0.2153846153846154,0.2708333333333333,750000.0
blankky01,Unknown blankky01,2010,SDN,33,102,16,15,0.1568627450980392,0.2833333333333333,410600.0
blankla02,Unknown blankla02,1990,OAK,86,136,26,20,0.19117647058823528,0.2948717948717949,105000.0
blankla02,Unknown blankla02,1991,OAK,90,185,46,23,0.24864864864864866,0.3364485981308411,125000.0
blankla02,Unknown blankla02,1992,OAK,123,349,84,82,0.24068767908309455,0.3926940639269406,205000.0
blankla02,Unknown blankla02,1993,OAK,94,252,48,67,0.19047619047619047,0.36335403726708076,627000.0
blausje01,Unknown blausje01,1990,ATL,115,386,104,35,0.2694300518134715,0.3380281690140845,180000.0
blausje01,Unknown blausje01,1991,ATL,129,352,91,54,0.2585227272727273,0.35766423357664234,280000.0
blausje01,Unknown blausje01,1992,ATL,123,343,90,46,0.26239067055393583,0.35353535353535354,940000.0
blausje01,Unknown blausje01,1993,ATL,161,597,182,85,0.304857621440536,0.4014184397163121,2000000.0
blausje01,Unknown blausje01,1994,ATL,96,380,98,38,0.2578947368421053,0.32867132867132864,3750000.0
blausje01,Unknown blausje01,1995,ATL,115,431,91,57,0.2111368909512761,0.3187250996015936,3420000.0
blausje01,Unknown blausje01,1996,ATL,83,265,65,40,0.24528301886792453,0.3557692307692308,3500000.0
blausje01,Unknown blausje01,1997,ATL,151,519,160,70,0.30828516377649323,0.4045307443365696,4020000.0
blausje01,Unknown blausje01,1998,CHN,119,361,79,60,0.2188365650969529,0.3402777777777778,4000000.0
blausje01,Unknown blausje01,1999,CHN,104,200,48,26,0.24,0.3474576271186441,4200000.0
bloomwi01,Unknown bloomwi01,2003,SEA,89,196,49,19,0.25,0.3165137614678899,300000.0
bloomwi01,Unknown bloomwi01,2004,SEA,93,188,46,10,0.24468085106382978,0.2828282828282828,325000.0
bloomwi01,Unknown bloomwi01,2005,SEA,82,249,64,11,0.2570281124497992,0.2889733840304182,385000.0
bloomwi01,Unknown bloomwi01,2006,SEA,102,251,62,24,0.24701195219123506,0.3202846975088968,650000.0
bloomwi01,Unknown bloomwi01,2007,SEA,91,173,48,10,0.2774566473988439,0.32065217391304346,875000.0
bloomwi01,Unknown bloomwi01,2008,SEA,71,165,46,25,0.2787878787878788,0.3769633507853403,1000000.0
bloomwi01,Unknown bloomwi01,2009,KCA,125,434,115,27,0.26497695852534564,0.3081896551724138,1400000.0
bloomwi01,Unknown bloomwi01,2010,KCA,72,170,45,8,0.2647058823529412,0.29608938547486036,1700000.0
blowemi01,Unknown blowemi01,1990,NYA,48,144,27,12,0.1875,0.25477707006369427,107000.0
blowemi01,Unknown blowemi01,1993,SEA,127,379,106,44,0.2796833773087071,0.3568075117370892,155000.0
blowemi01,Unknown blowemi01,1994,SEA,85,270,78,25,0.28888888888888886,0.34782608695652173,300000.0
blowemi01,Unknown blowemi01,1995,SEA,134,439,113,53,0.25740318906605925,0.33535353535353535,694445.0
blowemi01,Unknown blowemi01,1996,LAN,92,317,84,37,0.26498422712933756,0.3407821229050279,2300000.0
blowemi01,Unknown blowemi01,1997,SEA,68,150,44,21,0.29333333333333333,0.37572254335260113,400000.0
blowemi01,Unknown blowemi01,1998,OAK,129,409,97,39,0.2371638141809291,0.30242825607064017,475000.0
blumge01,Unknown blumge01,1999,MON,45,133,32,17,0.24060150375939848,0.32666666666666666,200000.0
blumge01,Unknown blumge01,2000,MON,124,343,97,26,0.282798833819242,0.3351063829787234,210000.0
blumge01,Unknown blumge01,2001,MON,148,453,107,43,0.23620309050772628,0.3131115459882583,260000.0
blumge01,Unknown blumge01,2002,HOU,130,368,104,49,0.2826086956521739,0.36666666666666664,315000.0
blumge01,Unknown blumge01,2003,HOU,123,420,110,20,0.2619047619047619,0.2953020134228188,1500000.0
blumge01,Unknown blumge01,2004,TBA,112,339,73,24,0.2153392330383481,0.26575342465753427,1500000.0
blumge01,Unknown blumge01,2005,SDN,78,224,54,24,0.24107142857142858,0.32142857142857145,575000.0
blumge01,Unknown blumge01,2006,SDN,109,276,70,17,0.2536231884057971,0.29292929292929293,650000.0
blumge01,Unknown blumge01,2007,SDN,122,330,83,32,0.2515151515151515,0.3188010899182561,900000.0
blumge01,Unknown blumge01,2008,HOU,114,325,78,21,0.24,0.28651685393258425,1100000.0
blumge01,Unknown blumge01,2009,HOU,120,381,94,33,0.24671916010498687,0.31381733021077285,1250000.0
blumge01,Unknown blumge01,2010,HOU,93,202,54,15,0.26732673267326734,0.3211009174311927,1500000.0
bocachi01,Unknown bocachi01,2001,LAN,75,133,31,9,0.23308270676691728,0.2867132867132867,200000.0
bogarti01,Unknown bogarti01,1993,NYN,78,205,50,14,0.24390243902439024,0.3004484304932735,109000.0
bogarti01,Unknown bogarti01,1995,NYN,78,145,42,9,0.2896551724137931,0.32903225806451614,165000.0
bogarti01,Unknown bogarti01,1997,HOU,97,241,60,24,0.24896265560165975,0.31985294117647056,275000.0
bogarti01,Unknown bogarti01,1998,HOU,79,156,24,9,0.15384615384615385,0.20833333333333334,725000.0
bogarti01,Unknown bogarti01,1999,HOU,106,309,74,38,0.23948220064724918,0.327683615819209,700000.0
bogarti01,Unknown bogarti01,2000,HOU,110,304,63,35,0.20723684210526316,0.29190751445086704,700000.0
boggswa01,Unknown boggswa01,1990,BOS,155,619,187,87,0.30210016155088854,0.3856942496493689,1900000.0
boggswa01,Unknown boggswa01,1991,BOS,144,546,181,89,0.3315018315018315,0.42121684867394693,2750000.0
boggswa01,Unknown boggswa01,1992,BOS,143,514,133,74,0.2587548638132296,0.3528428093645485,2700000.0
boggswa01,Unknown boggswa01,1993,NYA,143,560,169,74,0.30178571428571427,0.37791601866251945,2950000.0
boggswa01,Unknown boggswa01,1994,NYA,97,366,125,61,0.34153005464480873,0.43287037037037035,3200000.0
boggswa01,Unknown boggswa01,1995,NYA,126,460,149,74,0.3239130434782609,0.4121996303142329,4724316.0
boggswa01,Unknown boggswa01,1996,NYA,132,501,156,67,0.31137724550898205,0.38917975567190227,2050000.0
boggswa01,Unknown boggswa01,1997,NYA,104,353,103,48,0.29178470254957506,0.3728395061728395,2000000.0
boggswa01,Unknown boggswa01,1998,TBA,123,435,122,46,0.28045977011494255,0.34782608695652173,1150000.0
boggswa01,Unknown boggswa01,1999,TBA,90,292,88,38,0.3013698630136986,0.3772455089820359,750000.0
bolicfr01,Unknown bolicfr01,1993,MON,95,213,45,23,0.2112676056338028,0.2975206611570248,109000.0
bondsba01,Unknown bondsba01,1990,PIT,151,519,156,93,0.30057803468208094,0.4057971014492754,850000.0
bondsba01,Unknown bondsba01,1991,PIT,153,510,149,107,0.29215686274509806,0.41009463722397477,2300000.0
bondsba01,Unknown bondsba01,1992,PIT,140,473,147,127,0.3107822410147992,0.45588235294117646,4800000.0
bondsba01,Unknown bondsba01,1993,SFN,159,539,181,126,0.3358070500927644,0.45845697329376855,4516666.0
bondsba01,Unknown bondsba01,1994,SFN,112,391,122,74,0.31202046035805625,0.42616033755274263,5166666.0
bondsba01,Unknown bondsba01,1995,SFN,144,506,149,120,0.29446640316205536,0.431496062992126,8166666.0
bondsba01,Unknown bondsba01,1996,SFN,158,517,159,151,0.30754352030947774,0.46074074074074073,8416667.0
bondsba01,Unknown bondsba01,1997,SFN,159,532,155,145,0.29135338345864664,0.4463768115942029,8666667.0
bondsba01,Unknown bondsba01,1998,SFN,156,552,167,130,0.302536231884058,0.4382183908045977,8916667.0
bondsba01,Unknown bondsba01,1999,SFN,102,355,93,73,0.2619718309859155,0.38940092165898615,9381057.0
bondsba01,Unknown bondsba01,2000,SFN,143,480,147,117,0.30625,0.43986820428336076,10658826.0
bondsba01,Unknown bondsba01,2001,SFN,153,476,156,177,0.3277310924369748,0.5150602409638554,10300000.0
bondsba01,Unknown bondsba01,2002,SFN,143,403,149,198,0.369727047146402,0.5816993464052288,15000000.0
bondsba01,Unknown bondsba01,2003,SFN,130,390,133,148,0.34102564102564104,0.5290909090909091,15500000.0
bondsba01,Unknown bondsba01,2004,SFN,147,373,135,232,0.36193029490616624,0.6094003241491086,18000000.0
bondsba01,Unknown bondsba01,2006,SFN,130,367,99,115,0.26975476839237056,0.4543610547667343,19331470.0
bondsba01,Unknown bondsba01,2007,SFN,126,340,94,132,0.27647058823529413,0.480083857442348,15533970.0
bonifem01,Unknown bonifem01,2009,FLO,127,461,116,34,0.25162689804772237,0.3033932135728543,400000.0
bonifem01,Unknown bonifem01,2010,FLO,73,180,47,17,0.2611111111111111,0.32,420000.0
bonilbo01,Unknown bonilbo01,1990,PIT,160,625,175,45,0.28,0.32215743440233235,1250000.0
bonilbo01,Unknown bonilbo01,1991,PIT,157,577,174,90,0.30155979202772965,0.3911764705882353,2400000.0
bonilbo01,Unknown bonilbo01,1992,NYN,128,438,109,66,0.24885844748858446,0.34782608695652173,6100000.0
bonilbo01,Unknown bonilbo01,1993,NYN,139,502,133,72,0.2649402390438247,0.35223367697594504,6200000.0
bonilbo01,Unknown bonilbo01,1994,NYN,108,403,117,55,0.2903225806451613,0.3739130434782609,6300000.0
bonilbo01,Unknown bonilbo01,1995,NYN,80,317,103,31,0.3249211356466877,0.38461538461538464,5300000.0
bonilbo01,Unknown bonilbo01,1996,BAL,159,595,171,75,0.28739495798319326,0.3627167630057804,5100000.0
bonilbo01,Unknown bonilbo01,1997,FLO,153,562,167,73,0.297153024911032,0.37808641975308643,5600000.0
bonilbo01,Unknown bonilbo01,1999,NYN,60,119,19,19,0.15966386554621848,0.2765957446808511,5900000.0
bonilbo01,Unknown bonilbo01,2000,ATL,114,239,61,37,0.25523012552301255,0.35611510791366907,200000.0
bonilbo01,Unknown bonilbo01,2001,SLN,93,174,37,23,0.21264367816091953,0.30808080808080807,900000.0
booneaa01,Unknown booneaa01,1998,CIN,58,181,51,15,0.281767955801105,0.3497536945812808,170000.0
booneaa01,Unknown booneaa01,1999,CIN,139,472,132,30,0.2796610169491525,0.3300970873786408,210000.0
booneaa01,Unknown booneaa01,2000,CIN,84,291,83,24,0.2852233676975945,0.3556231003039514,300000.0
booneaa01,Unknown booneaa01,2001,CIN,103,381,112,29,0.29396325459317585,0.35141509433962265,400000.0
booneaa01,Unknown booneaa01,2002,CIN,162,606,146,56,0.24092409240924093,0.3136094674556213,2100000.0
booneaa01,Unknown booneaa01,2003,CIN,106,403,110,35,0.2729528535980149,0.33860045146726864,3700000.0
booneaa01,Unknown booneaa01,2005,CLE,143,511,124,35,0.24266144814090018,0.2994652406417112,3000000.0
booneaa01,Unknown booneaa01,2006,CLE,104,354,89,27,0.2514124293785311,0.31443298969072164,3750000.0
booneaa01,Unknown booneaa01,2007,FLO,69,189,54,21,0.2857142857142857,0.3876651982378855,925000.0
booneaa01,Unknown booneaa01,2008,WAS,104,232,56,18,0.2413793103448276,0.2992125984251969,1000000.0
boonebo01,Unknown boonebo01,1990,KCA,40,117,28,17,0.23931623931623933,0.3358208955223881,1900000.0
boonebr01,Unknown boonebr01,1994,CIN,108,381,122,24,0.32020997375328086,0.36754176610978523,175000.0
boonebr01,Unknown boonebr01,1995,CIN,138,513,137,41,0.26705653021442494,0.3256637168141593,400000.0
boonebr01,Unknown boonebr01,1996,CIN,142,520,121,31,0.2326923076923077,0.2753108348134991,725000.0
boonebr01,Unknown boonebr01,1997,CIN,139,443,99,45,0.2234762979683973,0.2977867203219316,1700000.0
boonebr01,Unknown boonebr01,1998,CIN,157,583,155,48,0.2658662092624357,0.323943661971831,2800000.0
boonebr01,Unknown boonebr01,1999,ATL,152,608,153,47,0.25164473684210525,0.30966767371601206,2900000.0
boonebr01,Unknown boonebr01,2000,SDN,127,463,116,50,0.2505399568034557,0.32571428571428573,3750000.0
boonebr01,Unknown boonebr01,2001,SEA,158,623,206,40,0.3306581059390048,0.3722627737226277,3250000.0
boonebr01,Unknown boonebr01,2002,SEA,155,608,169,53,0.2779605263157895,0.3387815750371471,8000000.0
boonebr01,Unknown boonebr01,2003,SEA,159,622,183,68,0.2942122186495177,0.3664772727272727,8000000.0
boonebr01,Unknown boonebr01,2004,SEA,148,593,149,56,0.25126475548060706,0.3170731707317073,8000000.0
boonebr01,Unknown boonebr01,2005,SEA,74,273,63,24,0.23076923076923078,0.29900332225913623,9000000.0
borboju01,Unknown borboju01,2010,TEX,137,438,121,19,0.2762557077625571,0.30869565217391304,600000.0
borchjo01,Unknown borchjo01,2007,FLO,85,179,35,21,0.19553072625698323,0.2871287128712871,380000.0
bordepa01,Unknown bordepa01,1990,TOR,125,346,99,18,0.2861271676300578,0.3188010899182561,180000.0
bordepa01,Unknown bordepa01,1991,TOR,105,291,71,11,0.24398625429553264,0.27124183006535946,700000.0
bordepa01,Unknown bordepa01,1992,TOR,138,480,116,33,0.24166666666666667,0.2903846153846154,1000000.0
bordepa01,Unknown bordepa01,1993,TOR,138,488,124,20,0.2540983606557377,0.28460038986354774,2500000.0
bordepa01,Unknown bordepa01,1994,TOR,85,295,73,15,0.24745762711864408,0.2838709677419355,2500000.0
bordepa01,Unknown bordepa01,1995,KCA,52,143,33,7,0.23076923076923078,0.26666666666666666,310000.0
bordepa01,Unknown bordepa01,1997,CLE,55,159,47,9,0.29559748427672955,0.3411764705882353,400000.0
bordepa01,Unknown bordepa01,1998,CLE,54,160,38,10,0.2375,0.28901734104046245,500000.0
bordimi01,Unknown bordimi01,1992,OAK,154,504,151,40,0.2996031746031746,0.35842293906810035,185000.0
bordimi01,Unknown bordimi01,1993,OAK,159,546,136,60,0.2490842490842491,0.33226324237560195,400000.0
bordimi01,Unknown bordimi01,1994,OAK,114,391,99,38,0.2531969309462916,0.32036613272311215,1050000.0
bordimi01,Unknown bordimi01,1995,OAK,126,428,113,35,0.26401869158878505,0.3248407643312102,1350000.0
bordimi01,Unknown bordimi01,1996,OAK,155,525,126,52,0.24,0.307032590051458,2000000.0
bordimi01,Unknown bordimi01,1997,BAL,153,509,120,33,0.2357563850687623,0.28284671532846717,2333333.0
bordimi01,Unknown bordimi01,1998,BAL,151,465,121,39,0.26021505376344084,0.3281853281853282,3583333.0
bordimi01,Unknown bordimi01,1999,BAL,160,631,175,54,0.277337559429477,0.3342857142857143,3083334.0
bordimi01,Unknown bordimi01,2000,BAL,100,391,116,34,0.2966751918158568,0.3503480278422274,3000000.0
bordimi01,Unknown bordimi01,2001,BAL,58,229,57,17,0.24890829694323144,0.3137254901960784,4500000.0
bordimi01,Unknown bordimi01,2002,BAL,117,367,85,35,0.23160762942779292,0.3022113022113022,4873439.0
bordimi01,Unknown bordimi01,2003,TOR,102,343,94,33,0.27405247813411077,0.3403693931398417,1000000.0
bostoda01,Unknown bostoda01,1991,NYN,137,255,70,30,0.27450980392156865,0.34965034965034963,750000.0
bostoda01,Unknown bostoda01,1992,NYN,130,289,72,38,0.2491349480968858,0.3383233532934132,935000.0
bostoda01,Unknown bostoda01,1993,COL,124,291,76,26,0.2611683848797251,0.325,550000.0
bournmi01,Unknown bournmi01,2007,PHI,105,119,33,13,0.2773109243697479,0.3484848484848485,380000.0
bournmi01,Unknown bournmi01,2008,HOU,138,467,107,37,0.2291220556745182,0.2879684418145957,396000.0
bournmi01,Unknown bournmi01,2009,HOU,157,606,173,63,0.2854785478547855,0.3536404160475483,434500.0
bournmi01,Unknown bournmi01,2010,HOU,141,535,142,59,0.26542056074766357,0.34056761268781305,2400000.0
bournra01,Unknown bournra01,1994,LAN,40,116,26,9,0.22413793103448276,0.29133858267716534,134000.0
bournra01,Unknown bournra01,1996,OAK,88,252,61,16,0.24206349206349206,0.2899628252788104,150000.0
bournra01,Unknown bournra01,1997,OAK,79,222,62,16,0.27927927927927926,0.33884297520661155,162500.0
bournra01,Unknown bournra01,1998,OAK,85,209,47,10,0.22488038277511962,0.2645739910313901,385000.0
bradlmi01,Unknown bradlmi01,2001,MON,67,220,49,19,0.22272727272727272,0.2875,207000.0
bradlmi01,Unknown bradlmi01,2002,CLE,98,325,81,32,0.24923076923076923,0.3165266106442577,221000.0
bradlmi01,Unknown bradlmi01,2003,CLE,101,377,121,64,0.3209549071618037,0.4212860310421286,314300.0
bradlmi01,Unknown bradlmi01,2004,LAN,141,516,138,71,0.26744186046511625,0.36195286195286197,1730000.0
bradlmi01,Unknown bradlmi01,2005,LAN,75,283,82,25,0.28975265017667845,0.3504823151125402,2500000.0
bradlmi01,Unknown bradlmi01,2006,OAK,96,351,97,51,0.27635327635327633,0.37037037037037035,3000000.0
bradlmi01,Unknown bradlmi01,2008,TEX,126,414,133,80,0.321256038647343,0.4361493123772102,5250000.0
bradlmi01,Unknown bradlmi01,2009,CHN,124,393,101,66,0.25699745547073793,0.37791932059447986,7000000.0
bradlmi01,Unknown bradlmi01,2010,SEA,73,244,50,28,0.20491803278688525,0.2924187725631769,11000000.0
bradlph01,Unknown bradlph01,1990,BAL,72,289,78,30,0.2698961937716263,0.3516819571865443,1150000.0
bradlsc01,Unknown bradlsc01,1990,SEA,101,233,52,15,0.22317596566523606,0.2637795275590551,460000.0
bradlsc01,Unknown bradlsc01,1991,SEA,83,172,35,19,0.20348837209302326,0.27979274611398963,575000.0
braggda01,Unknown braggda01,1995,SEA,52,145,34,18,0.23448275862068965,0.33136094674556216,109000.0
braggda01,Unknown braggda01,1996,SEA,69,195,53,33,0.2717948717948718,0.37606837606837606,130000.0
braggda01,Unknown braggda01,1997,BOS,153,513,132,61,0.2573099415204678,0.3373493975903614,240000.0
braggda01,Unknown braggda01,1998,BOS,129,409,114,42,0.2787286063569682,0.351409978308026,367500.0
braggda01,Unknown braggda01,1999,SLN,93,273,71,44,0.2600732600732601,0.36875,800000.0
braggda01,Unknown braggda01,2000,COL,71,149,33,17,0.2214765100671141,0.2958579881656805,750000.0
braggda01,Unknown braggda01,2003,ATL,104,162,39,13,0.24074074074074073,0.3050847457627119,450000.0
bragggl01,Unknown bragggl01,1990,ML4,37,113,28,12,0.24778761061946902,0.3282442748091603,575000.0
bragggl01,Unknown bragggl01,1991,CIN,85,250,65,23,0.26,0.3225806451612903,825000.0
bragggl01,Unknown bragggl01,1992,CIN,92,266,63,36,0.23684210526315788,0.3300653594771242,1000000.0
bransje01,Unknown bransje01,1993,CIN,125,381,92,19,0.24146981627296588,0.2747524752475248,157500.0
bransje01,Unknown bransje01,1994,CIN,58,109,31,5,0.28440366972477066,0.3157894736842105,190000.0
bransje01,Unknown bransje01,1995,CIN,122,331,86,44,0.2598187311178248,0.34464751958224543,300000.0
bransje01,Unknown bransje01,1996,CIN,129,311,76,31,0.24437299035369775,0.31213872832369943,425000.0
bransje01,Unknown bransje01,1998,CLE,63,100,20,3,0.2,0.22115384615384615,550000.0
brantmi02,Unknown brantmi02,2010,CLE,72,297,73,22,0.24579124579124578,0.29595015576323985,400800.0
branyru01,Unknown branyru01,2001,CLE,113,315,73,38,0.23174603174603176,0.3157894736842105,219000.0
branyru01,Unknown branyru01,2002,CLE,50,161,33,17,0.20496894409937888,0.2777777777777778,251000.0
branyru01,Unknown branyru01,2003,CIN,74,176,38,27,0.2159090909090909,0.32195121951219513,395000.0
branyru01,Unknown branyru01,2005,MIL,85,202,52,39,0.25742574257425743,0.3775933609958506,800000.0
branyru01,Unknown branyru01,2007,SDN,61,122,24,21,0.19672131147540983,0.3219178082191781,1000000.0
branyru01,Unknown branyru01,2009,SEA,116,431,108,58,0.2505800464037123,0.3472222222222222,1400000.0
branyru01,Unknown branyru01,2010,CLE,52,171,45,16,0.2631578947368421,0.328042328042328,1500000.0
braunry02,Unknown braunry02,2008,MIL,151,611,174,42,0.28477905073649756,0.334841628959276,455000.0
braunry02,Unknown braunry02,2009,MIL,158,635,203,57,0.31968503937007875,0.3855932203389831,1032500.0
braunry02,Unknown braunry02,2010,MIL,157,619,188,56,0.3037156704361874,0.3654970760233918,1287500.0
breamsi01,Unknown breamsi01,1990,PIT,147,389,105,48,0.2699228791773779,0.3490990990990991,510000.0
breamsi01,Unknown breamsi01,1991,ATL,91,265,67,25,0.2528301886792453,0.3129251700680272,1600000.0
breamsi01,Unknown breamsi01,1992,ATL,125,372,97,46,0.260752688172043,0.3404255319148936,2400000.0
breamsi01,Unknown breamsi01,1993,ATL,117,277,72,31,0.259927797833935,0.33225806451612905,1600000.0
bredebr01,Unknown bredebr01,1997,MIN,61,190,52,21,0.2736842105263158,0.3474178403755869,150000.0
bredebr01,Unknown bredebr01,1998,ARI,98,212,48,24,0.22641509433962265,0.31092436974789917,190000.0
brettge01,Unknown brettge01,1990,KCA,142,544,179,56,0.3290441176470588,0.3871499176276771,2255000.0
brettge01,Unknown brettge01,1991,KCA,131,505,129,58,0.25544554455445545,0.3274956217162872,3105000.0
brettge01,Unknown brettge01,1992,KCA,152,592,169,35,0.28547297297297297,0.32967032967032966,3100000.0
brettge01,Unknown brettge01,1993,KCA,145,560,149,39,0.26607142857142857,0.31209150326797386,2750000.0
brewero01,Unknown brewero01,1993,SLN,110,147,42,17,0.2857142857142857,0.3592814371257485,125000.0
brignre01,Unknown brignre01,2010,TBA,113,301,77,20,0.2558139534883721,0.3067484662576687,403700.0
brilegr01,Unknown brilegr01,1990,SEA,125,337,83,37,0.24629080118694363,0.31926121372031663,150000.0
brilegr01,Unknown brilegr01,1991,SEA,139,381,99,27,0.25984251968503935,0.30656934306569344,265000.0
brilegr01,Unknown brilegr01,1992,SEA,86,200,55,4,0.275,0.2898550724637681,570000.0
brilegr01,Unknown brilegr01,1993,FLO,120,170,33,12,0.19411764705882353,0.25,109000.0
britoti01,Unknown britoti01,1997,TOR,49,126,28,9,0.2222222222222222,0.2805755395683453,160000.0
brockgr01,Unknown brockgr01,1990,ML4,123,367,91,43,0.24795640326975477,0.3238095238095238,787500.0
brognri01,Unknown brognri01,1994,NYN,39,131,46,6,0.3511450381679389,0.3795620437956204,109000.0
brognri01,Unknown brognri01,1995,NYN,134,495,143,39,0.28888888888888886,0.3420074349442379,125000.0
brognri01,Unknown brognri01,1996,NYN,55,188,48,19,0.2553191489361702,0.3175355450236967,325000.0
brognri01,Unknown brognri01,1997,PHI,148,543,137,33,0.2523020257826888,0.29310344827586204,450000.0
brognri01,Unknown brognri01,1998,PHI,153,565,150,49,0.26548672566371684,0.3189102564102564,1725000.0
brognri01,Unknown brognri01,1999,PHI,157,619,172,54,0.2778675282714055,0.33578792341678937,3200000.0
brognri01,Unknown brognri01,2000,PHI,38,129,32,7,0.24806201550387597,0.2949640287769784,4200000.0
brognri01,Unknown brognri01,2001,ATL,72,206,51,14,0.24757281553398058,0.2972972972972973,1500000.0
brookhu01,Unknown brookhu01,1990,LAN,153,568,151,33,0.2658450704225352,0.3074433656957929,1366667.0
brookhu01,Unknown brookhu01,1991,NYN,103,357,85,44,0.23809523809523808,0.32432432432432434,2316666.0
brookhu01,Unknown brookhu01,1992,CAL,82,306,66,12,0.21568627450980393,0.246875,2316667.0
brookhu01,Unknown brookhu01,1993,KCA,75,168,48,11,0.2857142857142857,0.3314917127071823,350000.0
brookto01,Unknown brookto01,1990,CLE,64,154,41,14,0.2662337662337662,0.3216374269005848,425000.0
brosisc01,Unknown brosisc01,1993,OAK,70,213,53,14,0.24882629107981222,0.2956521739130435,130000.0
brosisc01,Unknown brosisc01,1994,OAK,96,324,77,24,0.23765432098765432,0.2893258426966292,165000.0
brosisc01,Unknown brosisc01,1995,OAK,123,389,102,41,0.2622107969151671,0.3416289592760181,235000.0
brosisc01,Unknown brosisc01,1996,OAK,114,428,130,59,0.3037383177570093,0.3927855711422846,970000.0
brosisc01,Unknown brosisc01,1997,OAK,129,479,97,34,0.20250521920668058,0.2591170825335892,2550000.0
brosisc01,Unknown brosisc01,1998,NYA,152,530,159,52,0.3,0.37142857142857144,2650000.0
brosisc01,Unknown brosisc01,1999,NYA,133,473,117,39,0.24735729386892177,0.30740037950664134,5250000.0
brosisc01,Unknown brosisc01,2000,NYA,135,470,108,45,0.2297872340425532,0.29865125240847784,5250000.0
brosisc01,Unknown brosisc01,2001,NYA,120,428,123,34,0.28738317757009346,0.3432203389830508,5250000.0
brousbe01,Unknown brousbe01,2003,CLE,116,386,96,32,0.24870466321243523,0.31220657276995306,303000.0
brousbe01,Unknown brousbe01,2004,CLE,139,418,115,52,0.2751196172248804,0.36983471074380164,324100.0
brousbe01,Unknown brousbe01,2005,CLE,142,466,119,32,0.2553648068669528,0.3069306930693069,365000.0
brousbe01,Unknown brousbe01,2006,CLE,88,268,86,17,0.3208955223880597,0.3611111111111111,2487500.0
brousbe01,Unknown brousbe01,2007,SEA,99,240,66,17,0.275,0.32954545454545453,3550000.0
brownad01,Unknown brownad01,1998,PIT,41,152,43,9,0.28289473684210525,0.32298136645962733,178000.0
brownad01,Unknown brownad01,1999,PIT,116,226,61,33,0.26991150442477874,0.36398467432950193,220000.0
brownad01,Unknown brownad01,2000,PIT,104,308,97,29,0.31493506493506496,0.3727810650887574,285000.0
brownad01,Unknown brownad01,2002,PIT,91,208,45,19,0.21634615384615385,0.2838427947598253,450000.0
brownbr01,Unknown brownbr01,1997,CHN,46,137,32,7,0.23357664233576642,0.2857142857142857,155000.0
brownbr01,Unknown brownbr01,1998,CHN,124,347,101,30,0.2910662824207493,0.3482849604221636,180000.0
brownbr01,Unknown brownbr01,1999,PIT,130,341,79,22,0.2316715542521994,0.2830188679245283,290000.0
brownde02,Unknown brownde02,2001,KCA,106,380,93,22,0.24473684210526317,0.28641975308641976,205000.0
brownde02,Unknown brownde02,2003,KCA,50,132,30,8,0.22727272727272727,0.27972027972027974,309500.0
brownem01,Unknown brownem01,2001,PIT,61,123,25,15,0.2032520325203252,0.3,265000.0
brownem01,Unknown brownem01,2005,KCA,150,545,156,48,0.28623853211009176,0.34868421052631576,355000.0
brownem01,Unknown brownem01,2006,KCA,147,527,151,59,0.286527514231499,0.3577371048252912,1775000.0
brownem01,Unknown brownem01,2007,KCA,113,366,94,24,0.2568306010928962,0.29974811083123426,3450000.0
brownem01,Unknown brownem01,2008,OAK,117,402,98,27,0.24378109452736318,0.2968036529680365,1400000.0
brownje01,Unknown brownje01,1990,CLE,140,513,137,72,0.26705653021442494,0.3528428093645485,310000.0
brownje01,Unknown brownje01,1991,CLE,107,290,66,27,0.22758620689655173,0.2919254658385093,800000.0
brownje01,Unknown brownje01,1993,OAK,76,260,65,22,0.25,0.30633802816901406,625000.0
brownje01,Unknown brownje01,1994,FLO,101,329,97,52,0.2948328267477204,0.3922077922077922,650000.0
brownje01,Unknown brownje01,1995,FLO,77,184,47,25,0.2554347826086957,0.3459715639810427,650000.0
brownke04,Unknown brownke04,1998,TOR,52,110,29,9,0.2636363636363636,0.32,170000.0
brownro01,Unknown brownro01,2002,CHN,111,204,43,23,0.2107843137254902,0.2987012987012987,255000.0
bruceja01,Unknown bruceja01,2009,CIN,101,345,77,38,0.22318840579710145,0.30310880829015546,417500.0
bruceja01,Unknown bruceja01,2010,CIN,148,509,143,58,0.28094302554027506,0.3525305410122164,440000.0
brumfja01,Unknown brumfja01,1993,CIN,103,272,73,21,0.26838235294117646,0.32094594594594594,117500.0
brumfja01,Unknown brumfja01,1994,CIN,68,122,38,15,0.3114754098360656,0.381294964028777,170000.0
brumfja01,Unknown brumfja01,1995,PIT,116,402,109,37,0.27114427860696516,0.3393258426966292,225000.0
brumfja01,Unknown brumfja01,1997,TOR,58,174,36,14,0.20689655172413793,0.26842105263157895,1050000.0
brumfja01,Unknown brumfja01,1999,TOR,62,170,40,19,0.23529411764705882,0.3072916666666667,240000.0
brunato01,Unknown brunato01,1991,BOS,142,459,105,49,0.22875816993464052,0.302504816955684,2500000.0
brunato01,Unknown brunato01,1992,BOS,138,458,122,66,0.2663755458515284,0.3540489642184557,2850000.0
brunato01,Unknown brunato01,1993,ML4,80,224,41,25,0.18303571428571427,0.26506024096385544,1100000.0
brunter01,Unknown brunter01,2005,HOU,91,109,24,10,0.22018348623853212,0.2916666666666667,335000.0
brunter01,Unknown brunter01,2006,HOU,73,119,33,13,0.2773109243697479,0.35074626865671643,365000.0
brunter01,Unknown brunter01,2008,PHI,120,212,46,21,0.2169811320754717,0.2966101694915254,600000.0
brunter01,Unknown brunter01,2009,PHI,72,105,18,5,0.17142857142857143,0.22413793103448276,800000.0
buchabr01,Unknown buchabr01,2001,MIN,69,197,54,19,0.27411167512690354,0.3424657534246575,205000.0
buchabr01,Unknown buchabr01,2002,MIN,44,135,34,6,0.2518518518518518,0.2937062937062937,225000.0
buchabr01,Unknown buchabr01,2003,SDN,115,198,52,24,0.26262626262626265,0.34649122807017546,325000.0
buckjo01,Unknown buckjo01,2005,KCA,118,401,97,23,0.24189526184538654,0.2867132867132867,318500.0
buckjo01,Unknown buckjo01,2006,KCA,114,371,91,26,0.24528301886792453,0.30617283950617286,349500.0
buckjo01,Unknown buckjo01,2007,KCA,113,347,77,36,0.2219020172910663,0.3082706766917293,440000.0
buckjo01,Unknown buckjo01,2008,KCA,109,370,83,38,0.22432432432432434,0.3038277511961722,2200000.0
buckjo01,Unknown buckjo01,2009,KCA,59,186,46,13,0.24731182795698925,0.29850746268656714,2900000.0
buckjo01,Unknown buckjo01,2010,TOR,118,409,115,16,0.28117359413202936,0.3135011441647597,2000000.0
bucktr01,Unknown bucktr01,2007,OAK,82,285,82,39,0.28771929824561404,0.37650602409638556,380000.0
bucktr01,Unknown bucktr01,2008,OAK,38,155,35,11,0.22580645161290322,0.29069767441860467,400000.0
bucktr01,Unknown bucktr01,2009,OAK,36,105,23,10,0.21904761904761905,0.28695652173913044,410000.0
buechst01,Unknown buechst01,1990,TEX,91,251,54,27,0.2151394422310757,0.29432624113475175,550000.0
buechst01,Unknown buechst01,1991,TEX,121,416,111,39,0.2668269230769231,0.3354978354978355,775000.0
buechst01,Unknown buechst01,1992,PIT,80,285,71,34,0.24912280701754386,0.33126934984520123,2600000.0
buechst01,Unknown buechst01,1993,CHN,133,460,125,48,0.2717391304347826,0.3449612403100775,2900000.0
buechst01,Unknown buechst01,1994,CHN,104,339,82,39,0.24188790560471976,0.3246753246753247,2550000.0
buforda01,Unknown buforda01,1995,NYN,44,136,32,19,0.23529411764705882,0.345679012345679,140000.0
buforda01,Unknown buforda01,1996,TEX,90,145,41,15,0.2827586206896552,0.34782608695652173,165000.0
buforda01,Unknown buforda01,1997,TEX,122,366,82,30,0.22404371584699453,0.286783042394015,225000.0
buforda01,Unknown buforda01,1998,BOS,86,216,61,22,0.2824074074074074,0.34854771784232363,460000.0
buforda01,Unknown buforda01,1999,BOS,91,297,72,21,0.24242424242424243,0.29411764705882354,1100000.0
buforda01,Unknown buforda01,2000,CHN,150,495,124,47,0.2505050505050505,0.3242753623188406,1100000.0
buhneja01,Unknown buhneja01,1990,SEA,51,163,45,17,0.27607361963190186,0.3567567567567568,180000.0
buhneja01,Unknown buhneja01,1991,SEA,137,406,99,53,0.2438423645320197,0.3368869936034115,247500.0
buhneja01,Unknown buhneja01,1992,SEA,152,543,132,71,0.2430939226519337,0.3328025477707006,1445000.0
buhneja01,Unknown buhneja01,1993,SEA,158,563,153,100,0.27175843694493784,0.3789004457652303,2772500.0
buhneja01,Unknown buhneja01,1994,SEA,101,358,100,66,0.27932960893854747,0.39400921658986177,4350000.0
buhneja01,Unknown buhneja01,1995,SEA,126,470,123,60,0.26170212765957446,0.3426443202979516,4066666.0
buhneja01,Unknown buhneja01,1996,SEA,150,564,153,84,0.2712765957446808,0.36881559220389803,5641667.0
buhneja01,Unknown buhneja01,1997,SEA,157,540,131,119,0.24259259259259258,0.38345864661654133,4827962.0
buhneja01,Unknown buhneja01,1998,SEA,72,244,59,38,0.24180327868852458,0.34385964912280703,5367702.0
buhneja01,Unknown buhneja01,1999,SEA,87,266,59,69,0.22180451127819548,0.3877551020408163,4816804.0
buhneja01,Unknown buhneja01,2000,SEA,112,364,92,59,0.25274725274725274,0.3613053613053613,1450000.0
bullesc01,Unknown bullesc01,1995,CHN,104,150,41,12,0.2733333333333333,0.3312883435582822,115000.0
bullesc01,Unknown bullesc01,1996,CHN,109,165,35,10,0.21212121212121213,0.2556818181818182,160000.0
burkech01,Unknown burkech01,2005,HOU,108,318,79,23,0.24842767295597484,0.30857142857142855,316000.0
burkech01,Unknown burkech01,2006,HOU,123,366,101,27,0.27595628415300544,0.3471882640586797,362500.0
burkech01,Unknown burkech01,2007,HOU,111,319,73,27,0.22884012539184953,0.30422535211267604,415000.0
burkech01,Unknown burkech01,2008,ARI,86,165,32,27,0.19393939393939394,0.3096446700507614,955000.0
burkeja02,Unknown burkeja02,2007,SEA,50,113,34,7,0.3008849557522124,0.3629032258064516,380000.0
burksel01,Unknown burksel01,1990,BOS,152,588,174,48,0.29591836734693877,0.3489827856025039,475000.0
burksel01,Unknown burksel01,1991,BOS,130,474,119,39,0.2510548523206751,0.31417624521072796,1825000.0
burksel01,Unknown burksel01,1992,BOS,66,235,60,25,0.2553191489361702,0.3269961977186312,2300000.0
burksel01,Unknown burksel01,1993,CHA,146,499,137,60,0.2745490981963928,0.3520140105078809,2050000.0
burksel01,Unknown burksel01,1994,COL,42,149,48,16,0.3221476510067114,0.3878787878787879,2333333.0
burksel01,Unknown burksel01,1995,COL,103,278,74,39,0.26618705035971224,0.359375,3333333.0
burksel01,Unknown burksel01,1996,COL,156,613,211,61,0.3442088091353997,0.40762463343108507,4033333.0
burksel01,Unknown burksel01,1997,COL,119,424,123,47,0.29009433962264153,0.3634453781512605,4000000.0
burksel01,Unknown burksel01,1998,COL,100,357,102,39,0.2857142857142857,0.3548387096774194,4900000.0
burksel01,Unknown burksel01,1999,SFN,120,390,110,69,0.28205128205128205,0.39445628997867804,4500000.0
burksel01,Unknown burksel01,2000,SFN,122,393,135,56,0.3435114503816794,0.4192139737991266,5500000.0
burksel01,Unknown burksel01,2001,CLE,124,439,123,62,0.28018223234624146,0.36893203883495146,5666667.0
burksel01,Unknown burksel01,2002,CLE,138,518,156,44,0.30115830115830117,0.36203866432337434,6666667.0
burksel01,Unknown burksel01,2003,CLE,55,198,52,27,0.26262626262626265,0.35964912280701755,7166667.0
burnije01,Unknown burnije01,1994,NYN,45,143,34,23,0.23776223776223776,0.3473053892215569,175000.0
burnije01,Unknown burnije01,1996,CLE,71,128,36,25,0.28125,0.4064516129032258,190000.0
burnije01,Unknown burnije01,1997,ML4,153,494,139,75,0.2813765182186235,0.38153310104529614,225000.0
burnije01,Unknown burnije01,1998,MIL,161,609,160,70,0.2627257799671593,0.3391304347826087,912500.0
burnije01,Unknown burnije01,1999,MIL,130,467,126,91,0.2698072805139186,0.4017241379310345,3612500.0
burnije01,Unknown burnije01,2000,MIL,161,564,131,99,0.2322695035460993,0.3556851311953353,4462500.0
burnije01,Unknown burnije01,2001,MIL,154,562,141,80,0.2508896797153025,0.34715821812596004,5512500.0
burnije01,Unknown burnije01,2002,NYN,154,479,103,58,0.2150313152400835,0.3114754098360656,7166667.0
burnije01,Unknown burnije01,2003,NYN,65,234,64,21,0.27350427350427353,0.3436293436293436,12166667.0
burnije01,Unknown burnije01,2004,COL,150,540,153,58,0.2833333333333333,0.3564356435643564,1250000.0
burnije01,Unknown burnije01,2005,CHN,160,605,156,57,0.2578512396694215,0.32238805970149254,4500000.0
burnije01,Unknown burnije01,2006,PIT,111,313,72,22,0.23003194888178913,0.2894736842105263,6000000.0
burrepa01,Unknown burrepa01,2001,PHI,155,539,139,70,0.25788497217068646,0.34627831715210355,1905000.0
burrepa01,Unknown burrepa01,2002,PHI,157,586,165,89,0.2815699658703072,0.3757309941520468,1905000.0
burrepa01,Unknown burrepa01,2003,PHI,146,522,109,72,0.20881226053639848,0.3088480801335559,1250000.0
burrepa01,Unknown burrepa01,2004,PHI,127,448,115,78,0.25669642857142855,0.3651685393258427,4250000.0
burrepa01,Unknown burrepa01,2005,PHI,154,562,158,99,0.28113879003558717,0.38863976083707025,7250000.0
burrepa01,Unknown burrepa01,2006,PHI,144,462,119,98,0.25757575757575757,0.3880070546737213,9750000.0
burrepa01,Unknown burrepa01,2007,PHI,155,472,121,114,0.2563559322033898,0.3996655518394649,13250000.0
burrepa01,Unknown burrepa01,2008,PHI,157,536,134,102,0.25,0.3674418604651163,14250000.0
burrepa01,Unknown burrepa01,2009,TBA,122,412,91,57,0.220873786407767,0.31512605042016806,7000000.0
burriem01,Unknown burriem01,2009,SFN,61,202,48,14,0.2376237623762376,0.2922374429223744,404000.0
burrose01,Unknown burrose01,2002,SDN,63,192,52,12,0.2708333333333333,0.3170731707317073,200000.0
burrose01,Unknown burrose01,2003,SDN,146,517,148,44,0.2862669245647969,0.3524305555555556,302000.0
burrose01,Unknown burrose01,2004,SDN,130,523,156,31,0.2982791586998088,0.3481349911190053,340000.0
burrose01,Unknown burrose01,2005,SDN,93,284,71,24,0.25,0.3184713375796178,1675000.0
buschbr01,Unknown buschbr01,2009,MIN,61,136,32,24,0.23529411764705882,0.3597560975609756,412500.0
bushho01,Unknown bushho01,1999,TOR,128,485,155,21,0.31958762886597936,0.3533980582524272,227000.0
bushho01,Unknown bushho01,2000,TOR,76,297,64,18,0.21548821548821548,0.27102803738317754,1450000.0
bushho01,Unknown bushho01,2001,TOR,78,271,83,8,0.3062730627306273,0.3356401384083045,2550000.0
bushra01,Unknown bushra01,1990,MIN,73,181,44,21,0.2430939226519337,0.3380952380952381,350000.0
bushra01,Unknown bushra01,1991,MIN,93,165,50,24,0.30303030303030304,0.4010416666666667,500000.0
bushra01,Unknown bushra01,1992,MIN,100,182,39,11,0.21428571428571427,0.26262626262626265,450000.0
buterdr01,Unknown buterdr01,2010,MIN,49,142,28,4,0.19718309859154928,0.23684210526315788,400000.0
butlebi03,Unknown butlebi03,2008,KCA,124,443,122,33,0.27539503386004516,0.32426778242677823,399000.0
butlebi03,Unknown butlebi03,2009,KCA,159,608,183,58,0.30098684210526316,0.36160714285714285,421000.0
butlebi03,Unknown butlebi03,2010,KCA,158,595,189,69,0.3176470588235294,0.387905604719764,470000.0
butlebr01,Unknown butlebr01,1990,SFN,160,622,192,90,0.3086816720257235,0.3972413793103448,1100000.0
butlebr01,Unknown butlebr01,1991,LAN,161,615,182,108,0.2959349593495935,0.40082644628099173,2833333.0
butlebr01,Unknown butlebr01,1992,LAN,157,553,171,95,0.3092224231464738,0.4125766871165644,3333333.0
butlebr01,Unknown butlebr01,1993,LAN,156,607,181,86,0.2981878088962109,0.38746438746438744,3333333.0
butlebr01,Unknown butlebr01,1994,LAN,111,417,131,68,0.31414868105515587,0.4110429447852761,3500000.0
butlebr01,Unknown butlebr01,1995,NYN,90,367,114,43,0.3106267029972752,0.38106796116504854,2000000.0
butlebr01,Unknown butlebr01,1996,LAN,34,131,35,9,0.26717557251908397,0.3125,2000000.0
butlebr01,Unknown butlebr01,1997,LAN,105,343,97,42,0.282798833819242,0.3626943005181347,1733304.0
butleri01,Unknown butleri01,1998,TBA,72,217,49,15,0.22580645161290322,0.27848101265822783,170000.0
bynumfr01,Unknown bynumfr01,2006,CHN,71,136,35,9,0.25735294117647056,0.3082191780821918,327500.0
bynumfr01,Unknown bynumfr01,2008,BAL,40,112,20,5,0.17857142857142858,0.22033898305084745,390000.0
byrdma01,Unknown byrdma01,2003,PHI,135,495,150,44,0.30303030303030304,0.366120218579235,300000.0
byrdma01,Unknown byrdma01,2004,PHI,106,346,79,22,0.22832369942196531,0.2872340425531915,355000.0
byrdma01,Unknown byrdma01,2006,WAS,78,197,44,22,0.2233502538071066,0.31718061674008813,800000.0
byrdma01,Unknown byrdma01,2008,TEX,122,403,120,46,0.2977667493796526,0.3804347826086957,1800000.0
byrdma01,Unknown byrdma01,2009,TEX,146,547,155,32,0.283363802559415,0.328881469115192,3060000.0
byrdma01,Unknown byrdma01,2010,CHN,152,580,170,31,0.29310344827586204,0.346031746031746,3000000.0
byrneer01,Unknown byrneer01,2003,OAK,121,414,109,42,0.2632850241545894,0.33260869565217394,300000.0
byrneer01,Unknown byrneer01,2004,OAK,143,569,161,46,0.28295254833040423,0.34651898734177217,328000.0
byrneer01,Unknown byrneer01,2005,OAK,59,192,51,14,0.265625,0.3364485981308411,2200000.0
byrneer01,Unknown byrneer01,2006,ARI,143,562,150,34,0.2669039145907473,0.3129139072847682,2250000.0
byrneer01,Unknown byrneer01,2007,ARI,160,626,179,57,0.28594249201277955,0.35294117647058826,4575000.0
byrneer01,Unknown byrneer01,2008,ARI,52,206,43,16,0.2087378640776699,0.27232142857142855,6666666.0
byrneer01,Unknown byrneer01,2009,ARI,84,239,54,12,0.22594142259414227,0.26953125,11666666.0
cabreas01,Unknown cabreas01,2008,CLE,114,352,91,46,0.2585227272727273,0.3464373464373464,393300.0
cabreas01,Unknown cabreas01,2009,CLE,131,523,161,44,0.3078393881453155,0.3607705779334501,416700.0
cabreas01,Unknown cabreas01,2010,CLE,97,381,105,25,0.2755905511811024,0.32608695652173914,444600.0
cabreev01,Unknown cabreev01,2009,SDN,103,377,96,46,0.2546419098143236,0.34186046511627904,400000.0
cabreev01,Unknown cabreev01,2010,SDN,76,212,44,19,0.20754716981132076,0.27896995708154504,418800.0
cabrejo02,Unknown cabrejo02,2001,CLE,141,287,75,16,0.2613240418118467,0.31189710610932475,237000.0
cabrejo02,Unknown cabrejo02,2003,LAN,128,347,98,17,0.2824207492795389,0.33156498673740054,435000.0
cabrejo02,Unknown cabrejo02,2004,SEA,113,359,97,16,0.27019498607242337,0.3118556701030928,1000000.0
cabreme01,Unknown cabreme01,2007,NYA,150,545,149,43,0.27339449541284405,0.3272425249169435,432400.0
cabreme01,Unknown cabreme01,2008,NYA,129,414,103,29,0.24879227053140096,0.30066815144766146,461200.0
cabreme01,Unknown cabreme01,2009,NYA,154,485,133,43,0.27422680412371137,0.3358208955223881,1400000.0
cabreme01,Unknown cabreme01,2010,ATL,147,458,117,42,0.2554585152838428,0.31746031746031744,3100000.0
cabremi01,Unknown cabremi01,2003,FLO,87,314,84,25,0.267515923566879,0.32456140350877194,165574.0
cabremi01,Unknown cabremi01,2004,FLO,160,603,177,68,0.2935323383084577,0.36642335766423356,320000.0
cabremi01,Unknown cabremi01,2005,FLO,158,613,198,64,0.32300163132137033,0.3854014598540146,370000.0
cabremi01,Unknown cabremi01,2006,FLO,158,576,195,86,0.3385416666666667,0.43047337278106507,472000.0
cabremi01,Unknown cabremi01,2007,FLO,157,588,188,79,0.3197278911564626,0.4005891016200295,7400000.0
cabremi01,Unknown cabremi01,2008,DET,160,616,180,56,0.2922077922077922,0.34941520467836257,11300000.0
cabremi01,Unknown cabremi01,2009,DET,160,611,198,68,0.32405891980360063,0.3956204379562044,14383049.0
cabremi01,Unknown cabremi01,2010,DET,150,548,180,89,0.3284671532846715,0.41975308641975306,20000000.0
cabreor01,Unknown cabreor01,1998,MON,79,261,73,18,0.2796934865900383,0.325,170500.0
cabreor01,Unknown cabreor01,1999,MON,104,382,97,18,0.25392670157068065,0.29280397022332505,225000.0
cabreor01,Unknown cabreor01,2000,MON,125,422,100,25,0.23696682464454977,0.2793791574279379,265000.0
cabreor01,Unknown cabreor01,2001,MON,162,626,173,43,0.2763578274760383,0.3235294117647059,340000.0
cabreor01,Unknown cabreor01,2002,MON,153,563,148,48,0.26287744227353466,0.3209076175040519,2400000.0
cabreor01,Unknown cabreor01,2003,MON,162,626,186,52,0.2971246006389776,0.34738372093023256,3300000.0
cabreor01,Unknown cabreor01,2004,MON,103,390,96,28,0.24615384615384617,0.2978723404255319,6000000.0
cabreor01,Unknown cabreor01,2005,LAA,141,540,139,38,0.2574074074074074,0.30874785591766724,6000000.0
cabreor01,Unknown cabreor01,2006,LAA,153,607,171,51,0.28171334431630973,0.33482142857142855,7500000.0
cabreor01,Unknown cabreor01,2007,LAA,155,638,192,44,0.30094043887147337,0.3452722063037249,8500000.0
cabreor01,Unknown cabreor01,2008,CHA,161,661,186,56,0.2813918305597579,0.3342503438789546,10000000.0
cabreor01,Unknown cabreor01,2009,OAK,101,414,116,25,0.28019323671497587,0.3182844243792325,4000000.0
cabreor01,Unknown cabreor01,2010,CIN,123,494,130,28,0.2631578947368421,0.3026315789473684,2020000.0
cacered01,Unknown cacered01,1995,KCA,55,117,28,8,0.23931623931623933,0.29133858267716534,109000.0
cairomi01,Unknown cairomi01,1998,TBA,150,515,138,24,0.26796116504854367,0.3071297989031079,195000.0
cairomi01,Unknown cairomi01,1999,TBA,120,465,137,24,0.2946236559139785,0.33532934131736525,235000.0
cairomi01,Unknown cairomi01,2000,TBA,119,375,98,29,0.2613333333333333,0.31386861313868614,295000.0
cairomi01,Unknown cairomi01,2002,SLN,108,184,46,13,0.25,0.3069306930693069,600000.0
cairomi01,Unknown cairomi01,2003,SLN,92,261,64,13,0.24521072796934865,0.289198606271777,850000.0
cairomi01,Unknown cairomi01,2004,NYA,122,360,105,18,0.2916666666666667,0.34595959595959597,900000.0
cairomi01,Unknown cairomi01,2005,NYN,100,327,82,19,0.25076452599388377,0.29577464788732394,900000.0
cairomi01,Unknown cairomi01,2006,NYA,81,222,53,13,0.23873873873873874,0.2803347280334728,1000000.0
cairomi01,Unknown cairomi01,2007,NYA,54,107,27,8,0.2523364485981308,0.3076923076923077,750000.0
cairomi01,Unknown cairomi01,2008,SEA,108,221,55,18,0.248868778280543,0.3155737704918033,850000.0
caldeiv01,Unknown caldeiv01,1990,CHA,158,607,166,51,0.27347611202635913,0.3268365817091454,925000.0
caldeiv01,Unknown caldeiv01,1991,MON,134,470,141,53,0.3,0.3675373134328358,2215000.0
caldeiv01,Unknown caldeiv01,1992,MON,48,170,45,14,0.2647058823529412,0.3225806451612903,2600000.0
caldeiv01,Unknown caldeiv01,1993,BOS,73,213,47,21,0.22065727699530516,0.2911392405063291,109000.0
callaal01,Unknown callaal01,2007,ARI,56,144,31,9,0.2152777777777778,0.2645161290322581,380000.0
callaal01,Unknown callaal01,2008,KCA,74,213,65,19,0.3051643192488263,0.3605150214592275,394000.0
callaal01,Unknown callaal01,2009,KCA,155,576,173,52,0.3003472222222222,0.35646687697160884,415500.0
callaal01,Unknown callaal01,2010,KCA,88,349,96,19,0.27507163323782235,0.30831099195710454,460000.0
calloro01,Unknown calloro01,2003,MON,126,340,81,20,0.23823529411764705,0.2821917808219178,300000.0
camermi01,Unknown camermi01,1997,CHA,116,379,98,55,0.25857519788918204,0.35585585585585583,160000.0
camermi01,Unknown camermi01,1998,CHA,141,396,83,37,0.20959595959595959,0.2850678733031674,230000.0
camermi01,Unknown camermi01,1999,CIN,146,542,139,80,0.2564575645756458,0.35657686212361334,295000.0
camermi01,Unknown camermi01,2000,SEA,155,543,145,78,0.26703499079189685,0.36477987421383645,2225000.0
camermi01,Unknown camermi01,2001,SEA,150,540,144,69,0.26666666666666666,0.3528481012658228,3416667.0
camermi01,Unknown camermi01,2002,SEA,158,545,130,79,0.23853211009174313,0.33962264150943394,4666667.0
camermi01,Unknown camermi01,2003,SEA,147,534,135,70,0.25280898876404495,0.3436988543371522,7416667.0
camermi01,Unknown camermi01,2004,NYN,140,493,114,57,0.23123732251521298,0.31907308377896615,4333333.0
camermi01,Unknown camermi01,2005,NYN,76,308,84,29,0.2727272727272727,0.34210526315789475,7333333.0
camermi01,Unknown camermi01,2006,SDN,141,552,148,71,0.26811594202898553,0.3548895899053628,7333333.0
camermi01,Unknown camermi01,2007,SDN,151,571,138,67,0.24168126094570927,0.32819722650231126,7000000.0
camermi01,Unknown camermi01,2008,MIL,120,444,108,54,0.24324324324324326,0.33136094674556216,6250000.0
camermi01,Unknown camermi01,2009,MIL,149,544,136,75,0.25,0.34235668789808915,10000000.0
camermi01,Unknown camermi01,2010,BOS,48,162,42,14,0.25925925925925924,0.3277777777777778,7750000.0
caminke01,Unknown caminke01,1990,HOU,153,541,131,48,0.24214417744916822,0.30185497470489037,240000.0
caminke01,Unknown caminke01,1991,HOU,152,574,145,46,0.25261324041811845,0.31160572337042924,2200000.0
caminke01,Unknown caminke01,1992,HOU,135,506,149,44,0.29446640316205536,0.34954954954954953,1500000.0
caminke01,Unknown caminke01,1993,HOU,143,543,142,49,0.26151012891344383,0.32100840336134456,3150000.0
caminke01,Unknown caminke01,1994,HOU,111,406,115,43,0.2832512315270936,0.3524229074889868,3250000.0
caminke01,Unknown caminke01,1995,SDN,143,526,159,69,0.30228136882129275,0.3803986710963455,4600000.0
caminke01,Unknown caminke01,1996,SDN,146,546,178,78,0.326007326007326,0.40752351097178685,3275000.0
caminke01,Unknown caminke01,1997,SDN,137,486,141,80,0.29012345679012347,0.3888888888888889,3150000.0
caminke01,Unknown caminke01,1998,SDN,131,452,114,71,0.252212389380531,0.3532710280373832,3500000.0
caminke01,Unknown caminke01,1999,HOU,78,273,78,46,0.2857142857142857,0.3860182370820669,4500000.0
caminke01,Unknown caminke01,2000,HOU,59,208,63,42,0.30288461538461536,0.4189723320158103,4500000.0
caminke01,Unknown caminke01,2001,TEX,54,185,43,22,0.23243243243243245,0.3175355450236967,3500000.0
candaca01,Unknown candaca01,1991,HOU,151,461,121,40,0.26247288503253796,0.3194444444444444,350000.0
candaca01,Unknown candaca01,1992,HOU,135,320,68,24,0.2125,0.26912181303116145,935000.0
candaca01,Unknown candaca01,1993,HOU,75,121,29,10,0.2396694214876033,0.29770992366412213,775000.0
cangejo01,Unknown cangejo01,1994,NYN,62,111,28,19,0.25225225225225223,0.3712121212121212,175000.0
cangejo01,Unknown cangejo01,1995,HOU,90,201,64,48,0.31840796019900497,0.4566929133858268,182500.0
cangejo01,Unknown cangejo01,1996,HOU,108,262,69,44,0.2633587786259542,0.3782051282051282,280000.0
cangejo01,Unknown cangejo01,1997,FLO,103,192,47,19,0.24479166666666666,0.3209302325581395,525000.0
cangejo01,Unknown cangejo01,1998,FLO,104,171,43,30,0.25146198830409355,0.3645320197044335,550000.0
canizja01,Unknown canizja01,1996,SFN,43,120,24,9,0.2,0.2595419847328244,109000.0
canizja01,Unknown canizja01,2002,MIN,38,112,24,10,0.21428571428571427,0.28,235000.0
canoro01,Unknown canoro01,2006,NYA,122,482,165,18,0.34232365145228216,0.36489151873767256,381000.0
canoro01,Unknown canoro01,2007,NYA,160,617,189,39,0.3063209076175041,0.3532934131736527,490800.0
canoro01,Unknown canoro01,2008,NYA,159,597,162,26,0.271356783919598,0.3048973143759874,3000000.0
canoro01,Unknown canoro01,2009,NYA,161,637,204,30,0.3202511773940345,0.3516320474777448,6000000.0
canoro01,Unknown canoro01,2010,NYA,160,626,200,57,0.3194888178913738,0.3807471264367816,9000000.0
cansejo01,Unknown cansejo01,1990,OAK,131,481,132,72,0.27442827442827444,0.37122557726465366,2000000.0
cansejo01,Unknown cansejo01,1991,OAK,154,572,152,78,0.26573426573426573,0.3593984962406015,3500000.0
cansejo01,Unknown cansejo01,1992,OAK,97,366,90,48,0.2459016393442623,0.334916864608076,4300000.0
cansejo01,Unknown cansejo01,1993,TEX,60,231,59,16,0.2554112554112554,0.308300395256917,4800000.0
cansejo01,Unknown cansejo01,1994,TEX,111,429,121,69,0.28205128205128205,0.38613861386138615,5100000.0
cansejo01,Unknown cansejo01,1995,BOS,102,396,121,42,0.3055555555555556,0.37777777777777777,5800000.0
cansejo01,Unknown cansejo01,1996,BOS,96,360,104,63,0.28888888888888886,0.40046296296296297,4725000.0
cansejo01,Unknown cansejo01,1997,OAK,108,388,91,51,0.2345360824742268,0.3251121076233184,4225000.0
cansejo01,Unknown cansejo01,1998,TOR,151,583,138,65,0.2367066895368782,0.31762917933130697,2125000.0
cansejo01,Unknown cansejo01,1999,TBA,113,430,120,58,0.27906976744186046,0.36852589641434264,3325000.0
cansejo01,Unknown cansejo01,2000,TBA,61,218,56,41,0.25688073394495414,0.38257575757575757,3000000.0
cantujo01,Unknown cantujo01,2005,TBA,150,598,171,19,0.28595317725752506,0.3111111111111111,316900.0
cantujo01,Unknown cantujo01,2006,TBA,107,413,103,26,0.24939467312348668,0.29464285714285715,355800.0
cantujo01,Unknown cantujo01,2008,FLO,155,628,174,40,0.2770700636942675,0.327007299270073,500000.0
cantujo01,Unknown cantujo01,2009,FLO,149,585,169,47,0.28888888888888886,0.3452566096423017,3500000.0
cantujo01,Unknown cantujo01,2010,FLO,97,374,98,23,0.2620320855614973,0.3097560975609756,6000000.0
carrch02,Unknown carrch02,1993,FLO,142,551,147,49,0.26678765880217786,0.32673267326732675,123000.0
carrch02,Unknown carrch02,1994,FLO,106,433,114,22,0.2632794457274827,0.3051948051948052,230000.0
carrch02,Unknown carrch02,1995,FLO,105,308,70,46,0.22727272727272727,0.329608938547486,255000.0
carrch02,Unknown carrch02,1996,ML4,27,106,29,6,0.27358490566037735,0.30973451327433627,325000.0
carrch02,Unknown carrch02,1997,HOU,63,192,53,15,0.2760416666666667,0.3333333333333333,250000.0
carrema01,Unknown carrema01,1990,NYN,82,188,47,15,0.25,0.3121951219512195,125000.0
carrema01,Unknown carrema01,1991,NYN,106,254,66,12,0.25984251968503935,0.29739776951672864,215000.0
carrema01,Unknown carrema01,1992,DET,101,336,78,22,0.23214285714285715,0.27823691460055094,355000.0
carrema01,Unknown carrema01,1993,SFN,78,150,49,13,0.32666666666666666,0.3727810650887574,300000.0
carrema01,Unknown carrema01,1994,SFN,51,100,27,7,0.27,0.32432432432432434,650000.0
carrema01,Unknown carrema01,1995,SFN,117,396,119,23,0.3005050505050505,0.3427230046948357,750000.0
carrema01,Unknown carrema01,1996,SFN,81,292,76,22,0.2602739726027397,0.3166144200626959,1000000.0
carrima01,Unknown carrima01,1994,FLO,80,136,34,9,0.25,0.2945205479452055,120000.0
carrobr01,Unknown carrobr01,2009,FLO,92,141,33,11,0.23404255319148937,0.3057324840764331,400000.0
carroja01,Unknown carroja01,2003,MON,105,227,59,19,0.2599118942731278,0.32270916334661354,300000.0
carroja01,Unknown carroja01,2004,MON,102,218,63,32,0.2889908256880734,0.3779527559055118,310000.0
carroja01,Unknown carroja01,2005,WAS,113,303,76,34,0.2508250825082508,0.3333333333333333,335000.0
carroja01,Unknown carroja01,2006,COL,136,463,139,56,0.3002159827213823,0.37714285714285717,700000.0
carroja01,Unknown carroja01,2007,COL,108,227,51,28,0.22466960352422907,0.31679389312977096,1700000.0
carroja01,Unknown carroja01,2008,CLE,113,347,96,34,0.276657060518732,0.35459183673469385,2150000.0
carroja01,Unknown carroja01,2009,CLE,93,315,87,36,0.2761904761904762,0.35492957746478876,2500000.0
carroja01,Unknown carroja01,2010,LAN,133,351,102,51,0.2905982905982906,0.37897310513447435,1535677.0
cartega01,Unknown cartega01,1990,SFN,92,244,62,25,0.2540983606557377,0.3235294117647059,250000.0
cartega01,Unknown cartega01,1991,LAN,101,248,61,22,0.24596774193548387,0.3225806451612903,500000.0
cartega01,Unknown cartega01,1992,MON,95,285,62,33,0.21754385964912282,0.2993827160493827,825000.0
cartejo01,Unknown cartejo01,1990,SDN,162,634,147,48,0.23186119873817035,0.2898134863701578,1866667.0
cartejo01,Unknown cartejo01,1991,TOR,162,638,174,49,0.2727272727272727,0.330028328611898,3791667.0
cartejo01,Unknown cartejo01,1992,TOR,158,622,164,36,0.26366559485530544,0.3093841642228739,3691667.0
cartejo01,Unknown cartejo01,1993,TOR,155,603,153,47,0.2537313432835821,0.312406576980568,5550000.0
cartejo01,Unknown cartejo01,1994,TOR,111,435,118,33,0.271264367816092,0.3167701863354037,5550000.0
cartejo01,Unknown cartejo01,1995,TOR,139,558,141,37,0.25268817204301075,0.30016583747927034,7500000.0
cartejo01,Unknown cartejo01,1996,TOR,157,625,158,44,0.2528,0.3064516129032258,6525000.0
cartejo01,Unknown cartejo01,1997,TOR,157,612,143,40,0.23366013071895425,0.2844311377245509,6500000.0
cartejo01,Unknown cartejo01,1998,BAL,85,283,70,18,0.24734982332155478,0.297029702970297,3151380.0
carusmi01,Unknown carusmi01,1998,CHA,133,523,160,14,0.30592734225621415,0.33089579524680074,170000.0
carusmi01,Unknown carusmi01,1999,CHA,136,529,132,20,0.2495274102079395,0.28028933092224234,275000.0
casanra01,Unknown casanra01,1997,DET,101,304,74,26,0.24342105263157895,0.3083832335329341,157500.0
casanra01,Unknown casanra01,2001,MIL,71,192,50,12,0.2604166666666667,0.30288461538461536,400000.0
caseyse01,Unknown caseyse01,1998,CIN,96,302,82,43,0.271523178807947,0.3646723646723647,175000.0
caseyse01,Unknown caseyse01,1999,CIN,151,594,197,61,0.33164983164983164,0.3991031390134529,220000.0
caseyse01,Unknown caseyse01,2000,CIN,133,480,151,52,0.3145833333333333,0.3853211009174312,400000.0
caseyse01,Unknown caseyse01,2001,CIN,145,533,165,43,0.30956848030018763,0.36904761904761907,3000000.0
caseyse01,Unknown caseyse01,2002,CIN,120,425,111,43,0.2611764705882353,0.33403361344537813,4000000.0
caseyse01,Unknown caseyse01,2003,CIN,147,573,167,51,0.2914485165794066,0.3497615262321145,5600000.0
caseyse01,Unknown caseyse01,2004,CIN,146,571,185,46,0.3239929947460595,0.3807266982622433,6800000.0
caseyse01,Unknown caseyse01,2005,CIN,137,529,165,48,0.31190926275992437,0.37137989778534924,7800000.0
caseyse01,Unknown caseyse01,2006,PIT,59,213,63,23,0.29577464788732394,0.3770491803278688,8500000.0
caseyse01,Unknown caseyse01,2007,DET,143,453,134,39,0.2958057395143488,0.3528225806451613,4000000.0
caseyse01,Unknown caseyse01,2008,BOS,69,199,64,17,0.32160804020100503,0.38073394495412843,800000.0
cashke01,Unknown cashke01,2004,TOR,60,181,35,10,0.19337016574585636,0.24873096446700507,302000.0
cashke01,Unknown cashke01,2008,BOS,61,142,32,18,0.22535211267605634,0.30864197530864196,400000.0
casilal01,Unknown casilal01,2009,MIN,80,228,46,22,0.20175438596491227,0.2795275590551181,427500.0
casilal01,Unknown casilal01,2010,MIN,69,152,42,13,0.27631578947368424,0.3313253012048193,437500.0
castial01,Unknown castial01,1999,SLN,93,255,67,24,0.2627450980392157,0.3263157894736842,225000.0
castial01,Unknown castial01,2000,TOR,66,185,39,21,0.21081081081081082,0.28708133971291866,425000.0
castial01,Unknown castial01,2001,TOR,66,131,26,7,0.1984732824427481,0.2553191489361702,725000.0
castial01,Unknown castial01,2005,KCA,34,100,21,12,0.21,0.2920353982300885,450000.0
castica01,Unknown castica01,1990,MIN,64,137,30,3,0.21897810218978103,0.23943661971830985,550000.0
castijo02,Unknown castijo02,2004,PIT,129,383,98,23,0.2558746736292428,0.2982885085574572,300000.0
castijo02,Unknown castijo02,2005,PIT,101,370,99,23,0.26756756756756755,0.30730478589420657,327000.0
castijo02,Unknown castijo02,2006,PIT,148,518,131,32,0.2528957528957529,0.2994652406417112,348000.0
castijo02,Unknown castijo02,2007,PIT,87,221,54,6,0.24434389140271492,0.26956521739130435,1900000.0
castijo02,Unknown castijo02,2008,SFN,112,394,96,25,0.2436548223350254,0.2904761904761905,650000.0
castilu01,Unknown castilu01,1996,FLO,41,164,43,14,0.2621951219512195,0.3202247191011236,109000.0
castilu01,Unknown castilu01,1997,FLO,75,263,63,27,0.23954372623574144,0.3103448275862069,154000.0
castilu01,Unknown castilu01,1998,FLO,44,153,31,22,0.20261437908496732,0.3068181818181818,200000.0
castilu01,Unknown castilu01,1999,FLO,128,487,147,67,0.30184804928131415,0.38420107719928187,225000.0
castilu01,Unknown castilu01,2000,FLO,136,539,180,78,0.3339517625231911,0.4181523500810373,390000.0
castilu01,Unknown castilu01,2001,FLO,134,537,141,67,0.26256983240223464,0.34375,2200000.0
castilu01,Unknown castilu01,2002,FLO,146,606,185,55,0.30528052805280526,0.3644578313253012,3325000.0
castilu01,Unknown castilu01,2003,FLO,152,595,187,63,0.3142857142857143,0.3812405446293495,4850000.0
castilu01,Unknown castilu01,2004,FLO,150,564,164,75,0.2907801418439716,0.37267080745341613,4666667.0
castilu01,Unknown castilu01,2005,FLO,122,439,132,65,0.30068337129840544,0.391304347826087,5166667.0
castilu01,Unknown castilu01,2006,MIN,142,584,173,56,0.2962328767123288,0.35769828926905134,5071506.0
castilu01,Unknown castilu01,2007,MIN,85,349,106,29,0.3037249283667622,0.3562005277044855,5750000.0
castilu01,Unknown castilu01,2008,NYN,87,298,73,50,0.24496644295302014,0.35511363636363635,6250000.0
castilu01,Unknown castilu01,2009,NYN,142,486,147,69,0.30246913580246915,0.3868092691622103,6250000.0
castilu01,Unknown castilu01,2010,NYN,86,247,58,39,0.23481781376518218,0.3368055555555556,6250000.0
castivi02,Unknown castivi02,1993,COL,105,337,86,13,0.2551928783382789,0.28291316526610644,120000.0
castivi02,Unknown castivi02,1994,COL,52,130,43,7,0.33076923076923076,0.35714285714285715,192500.0
castivi02,Unknown castivi02,1995,COL,139,527,163,30,0.3092979127134725,0.3474426807760141,265000.0
castivi02,Unknown castivi02,1996,COL,160,629,191,35,0.3036565977742448,0.34323922734026746,1200000.0
castivi02,Unknown castivi02,1997,COL,159,612,186,44,0.30392156862745096,0.3562874251497006,2225000.0
castivi02,Unknown castivi02,1998,COL,162,645,206,40,0.31937984496124033,0.3615494978479197,5025000.0
castivi02,Unknown castivi02,1999,COL,158,615,169,53,0.27479674796747966,0.33086053412462907,6000000.0
castivi02,Unknown castivi02,2000,TBA,85,331,73,14,0.22054380664652568,0.2542372881355932,6250000.0
castivi02,Unknown castivi02,2002,ATL,143,543,126,22,0.23204419889502761,0.2681660899653979,3000000.0
castivi02,Unknown castivi02,2003,ATL,147,542,150,26,0.2767527675276753,0.31022530329289427,5000000.0
castivi02,Unknown castivi02,2004,COL,148,583,158,51,0.27101200686106347,0.3317901234567901,2100000.0
castivi02,Unknown castivi02,2005,WAS,142,494,125,43,0.25303643724696356,0.3193430656934307,3000000.0
castivi02,Unknown castivi02,2006,SDN,72,254,59,9,0.23228346456692914,0.26022304832713755,3200000.0
castrju01,Unknown castrju01,1996,LAN,70,132,26,10,0.19696969696969696,0.2535211267605634,124000.0
castrju01,Unknown castrju01,1998,LAN,89,220,43,15,0.19545454545454546,0.24472573839662448,240000.0
castrju01,Unknown castrju01,2001,CIN,96,242,54,13,0.2231404958677686,0.2607003891050584,400000.0
castrju01,Unknown castrju01,2003,CIN,113,320,81,18,0.253125,0.2903225806451613,800000.0
castrju01,Unknown castrju01,2004,CIN,111,299,73,14,0.24414715719063546,0.2770700636942675,1000000.0
castrju01,Unknown castrju01,2005,MIN,97,272,70,9,0.25735294117647056,0.2791519434628975,1000000.0
castrju01,Unknown castrju01,2006,MIN,50,156,36,6,0.23076923076923078,0.25766871165644173,1000000.0
castrju01,Unknown castrju01,2010,PHI,54,126,25,7,0.1984126984126984,0.23703703703703705,700000.0
castrra01,Unknown castrra01,2002,FLO,54,101,24,14,0.2376237623762376,0.3220338983050847,216000.0
castrra01,Unknown castrra01,2005,NYN,99,209,51,25,0.24401913875598086,0.3206751054852321,500000.0
castrra01,Unknown castrra01,2006,NYN,40,126,30,15,0.23809523809523808,0.32167832167832167,800000.0
castrra01,Unknown castrra01,2007,NYN,52,144,41,10,0.2847222222222222,0.33121019108280253,850000.0
castrra01,Unknown castrra01,2008,NYN,52,143,35,13,0.24475524475524477,0.31210191082802546,1975000.0
castrra01,Unknown castrra01,2010,CHA,37,115,32,9,0.2782608695652174,0.328,800000.0
catalfr01,Unknown catalfr01,1998,DET,89,213,60,12,0.28169014084507044,0.3247863247863248,170000.0
catalfr01,Unknown catalfr01,1999,DET,100,286,79,15,0.2762237762237762,0.326984126984127,237500.0
catalfr01,Unknown catalfr01,2000,TEX,103,282,82,33,0.2907801418439716,0.3746130030959752,305000.0
catalfr01,Unknown catalfr01,2001,TEX,133,463,153,39,0.3304535637149028,0.3913894324853229,850000.0
catalfr01,Unknown catalfr01,2002,TEX,68,212,57,25,0.2688679245283019,0.3643724696356275,2475000.0
catalfr01,Unknown catalfr01,2003,TOR,133,489,146,35,0.2985685071574642,0.350844277673546,2200000.0
catalfr01,Unknown catalfr01,2004,TOR,75,249,73,17,0.2931726907630522,0.3443223443223443,2300000.0
catalfr01,Unknown catalfr01,2005,TOR,130,419,126,37,0.30071599045346065,0.3673036093418259,2700000.0
catalfr01,Unknown catalfr01,2006,TOR,128,437,131,52,0.2997711670480549,0.3762575452716298,2700000.0
catalfr01,Unknown catalfr01,2007,TEX,103,331,86,28,0.2598187311178248,0.33692722371967654,3500000.0
catalfr01,Unknown catalfr01,2008,TEX,88,248,68,20,0.27419354838709675,0.3418181818181818,4000000.0
cedenan01,Unknown cedenan01,1992,HOU,71,220,38,14,0.17272727272727273,0.2320675105485232,139000.0
cedenan01,Unknown cedenan01,1993,HOU,149,505,143,48,0.28316831683168314,0.34581105169340465,178000.0
cedenan01,Unknown cedenan01,1994,HOU,98,342,90,29,0.2631578947368421,0.33421052631578946,340000.0
cedenan01,Unknown cedenan01,1995,SDN,120,390,82,28,0.21025641025641026,0.27122641509433965,1150000.0
cedenan01,Unknown cedenan01,1996,SDN,49,154,36,9,0.23376623376623376,0.2787878787878788,500000.0
cedendo01,Unknown cedendo01,1995,TOR,51,161,38,10,0.2360248447204969,0.28901734104046245,140000.0
cedendo01,Unknown cedendo01,1996,TOR,77,282,79,15,0.2801418439716312,0.32,230000.0
cedendo01,Unknown cedendo01,1997,TEX,113,365,103,27,0.2821917808219178,0.3341772151898734,285000.0
cedendo01,Unknown cedendo01,1998,TEX,61,141,37,10,0.2624113475177305,0.3092105263157895,500000.0
cedenro01,Unknown cedenro01,1996,LAN,86,211,52,24,0.24644549763033174,0.326271186440678,124000.0
cedenro01,Unknown cedenro01,1997,LAN,80,194,53,25,0.27319587628865977,0.36160714285714285,200000.0
cedenro01,Unknown cedenro01,1998,LAN,105,240,58,27,0.24166666666666667,0.31716417910447764,280000.0
cedenro01,Unknown cedenro01,1999,NYN,155,453,142,60,0.31346578366445915,0.39575289575289574,487500.0
cedenro01,Unknown cedenro01,2000,HOU,74,259,73,43,0.28185328185328185,0.38283828382838286,2400000.0
cedenro01,Unknown cedenro01,2001,DET,131,523,153,36,0.2925430210325048,0.3374558303886926,2700000.0
cedenro01,Unknown cedenro01,2002,NYN,149,511,133,42,0.2602739726027397,0.3177737881508079,2375000.0
cedenro01,Unknown cedenro01,2003,NYN,148,484,129,38,0.2665289256198347,0.32,4875000.0
cedenro01,Unknown cedenro01,2004,SLN,95,200,53,19,0.265,0.32727272727272727,5375000.0
cedenro02,Unknown cedenro02,2006,CHN,151,534,131,17,0.24531835205992508,0.2710951526032316,336000.0
cedenro02,Unknown cedenro02,2008,CHN,99,216,58,18,0.26851851851851855,0.3276595744680851,407000.0
cedenro02,Unknown cedenro02,2009,SEA,59,186,31,10,0.16666666666666666,0.2131979695431472,822500.0
cedenro02,Unknown cedenro02,2010,PIT,139,468,120,23,0.2564102564102564,0.29292929292929293,1125000.0
ceronri01,Unknown ceronri01,1990,NYA,49,139,42,5,0.302158273381295,0.32413793103448274,600000.0
ceronri01,Unknown ceronri01,1991,NYN,90,227,62,30,0.27312775330396477,0.36046511627906974,100000.0
cervefr01,Unknown cervefr01,2010,NYA,93,266,72,33,0.2706766917293233,0.3592233009708738,410800.0
chambwe01,Unknown chambwe01,1991,PHI,101,383,92,31,0.2402088772845953,0.3004807692307692,105000.0
chambwe01,Unknown chambwe01,1992,PHI,76,275,71,10,0.2581818181818182,0.2847222222222222,200000.0
chambwe01,Unknown chambwe01,1993,PHI,96,284,80,17,0.28169014084507044,0.3202614379084967,250000.0
chaveen01,Unknown chaveen01,2003,MON,141,483,121,31,0.2505175983436853,0.2940038684719536,300000.0
chaveen01,Unknown chaveen01,2006,NYN,133,353,108,24,0.3059490084985836,0.3482849604221636,500000.0
chaveen01,Unknown chaveen01,2007,NYN,71,150,43,9,0.2866666666666667,0.325,1725000.0
chaveen01,Unknown chaveen01,2008,NYN,133,270,72,17,0.26666666666666666,0.3079584775086505,1800000.0
chaveen01,Unknown chaveen01,2009,SEA,54,161,44,14,0.2732919254658385,0.327683615819209,2050000.0
chaveer01,Unknown chaveer01,1999,OAK,115,356,88,46,0.24719101123595505,0.3333333333333333,201000.0
chaveer01,Unknown chaveer01,2000,OAK,153,501,139,62,0.2774451097804391,0.35500878734622143,240000.0
chaveer01,Unknown chaveer01,2001,OAK,151,552,159,41,0.28804347826086957,0.33774834437086093,625000.0
chaveer01,Unknown chaveer01,2002,OAK,153,585,161,65,0.27521367521367524,0.34762633996937214,2125000.0
chaveer01,Unknown chaveer01,2003,OAK,156,588,166,62,0.282312925170068,0.35015290519877673,3675000.0
chaveer01,Unknown chaveer01,2004,OAK,125,475,131,95,0.27578947368421053,0.3968804159445407,5325000.0
chaveer01,Unknown chaveer01,2005,OAK,160,625,168,58,0.2688,0.3285302593659942,8500000.0
chaveer01,Unknown chaveer01,2006,OAK,137,485,117,84,0.24123711340206186,0.3506944444444444,9500000.0
chaveer01,Unknown chaveer01,2007,OAK,90,341,82,34,0.2404692082111437,0.30606860158311344,9500000.0
chaveer01,Unknown chaveer01,2010,OAK,33,111,26,8,0.23423423423423423,0.2764227642276423,12500000.0
chavera01,Unknown chavera01,2004,HOU,64,162,34,10,0.20987654320987653,0.2558139534883721,315000.0
choihe01,Unknown choihe01,2003,CHN,80,202,44,37,0.21782178217821782,0.3497942386831276,305000.0
choihe01,Unknown choihe01,2004,FLO,95,281,76,52,0.2704626334519573,0.3875739644970414,310000.0
choihe01,Unknown choihe01,2005,LAN,133,320,81,34,0.253125,0.3360655737704918,351500.0
choosh01,Unknown choosh01,2008,CLE,94,317,98,44,0.30914826498422715,0.3972972972972973,390400.0
choosh01,Unknown choosh01,2009,CLE,156,583,175,78,0.30017152658662094,0.39416058394160586,420300.0
choosh01,Unknown choosh01,2010,CLE,144,550,165,83,0.3,0.40092879256965946,461100.0
chrisry01,Unknown chrisry01,1998,OAK,117,370,95,36,0.25675675675675674,0.32116788321167883,170000.0
chrisry01,Unknown chrisry01,1999,OAK,106,268,56,38,0.208955223880597,0.3054662379421222,202500.0
chrisry01,Unknown chrisry01,2000,OAK,121,129,32,19,0.24806201550387597,0.348993288590604,221000.0
churcry01,Unknown churcry01,2005,WAS,102,268,77,24,0.2873134328358209,0.35333333333333333,316000.0
churcry01,Unknown churcry01,2007,WAS,144,470,128,49,0.2723404255319149,0.3490566037735849,395000.0
churcry01,Unknown churcry01,2008,NYN,90,319,88,33,0.27586206896551724,0.3463687150837989,2000000.0
churcry01,Unknown churcry01,2009,NYN,67,232,65,17,0.2801724137931034,0.33201581027667987,2800000.0
churcry01,Unknown churcry01,2010,PIT,69,170,31,12,0.18235294117647058,0.24043715846994534,1500000.0
cianfar01,Unknown cianfar01,1994,SDN,59,146,32,3,0.2191780821917808,0.25161290322580643,185000.0
cianfar01,Unknown cianfar01,1995,SDN,51,118,31,11,0.2627118644067797,0.3333333333333333,200000.0
cianfar01,Unknown cianfar01,1996,SDN,79,192,54,8,0.28125,0.31527093596059114,262500.0
cianfar01,Unknown cianfar01,1997,SDN,89,220,54,25,0.24545454545454545,0.328,400000.0
cintral01,Unknown cintral01,2004,ARI,154,564,148,31,0.2624113475177305,0.3011647254575707,335000.0
cintral01,Unknown cintral01,2005,ARI,122,330,90,12,0.2727272727272727,0.2976878612716763,360000.0
cintral01,Unknown cintral01,2006,CHA,91,288,82,10,0.2847222222222222,0.3102310231023102,1600000.0
cintral01,Unknown cintral01,2007,CHA,68,185,45,9,0.24324324324324326,0.28061224489795916,1900000.0
cirilje01,Unknown cirilje01,1994,ML4,39,126,30,11,0.23809523809523808,0.30935251798561153,109000.0
cirilje01,Unknown cirilje01,1995,ML4,125,328,91,47,0.2774390243902439,0.370757180156658,109000.0
cirilje01,Unknown cirilje01,1996,ML4,158,566,184,58,0.3250883392226148,0.39089481946624804,187500.0
cirilje01,Unknown cirilje01,1997,ML4,154,580,167,60,0.28793103448275864,0.3668188736681887,350000.0
cirilje01,Unknown cirilje01,1998,MIL,156,604,194,79,0.3211920529801324,0.4020319303338171,1500000.0
cirilje01,Unknown cirilje01,1999,MIL,157,607,198,75,0.3261943986820428,0.40057636887608067,3000000.0
cirilje01,Unknown cirilje01,2000,COL,157,598,195,67,0.32608695652173914,0.3923865300146413,3600000.0
cirilje01,Unknown cirilje01,2001,COL,138,528,165,43,0.3125,0.3641025641025641,4850000.0
cirilje01,Unknown cirilje01,2002,SEA,146,485,121,31,0.24948453608247423,0.301498127340824,6375000.0
cirilje01,Unknown cirilje01,2003,SEA,87,258,53,24,0.2054263565891473,0.2837370242214533,6725000.0
cirilje01,Unknown cirilje01,2005,MIL,77,185,52,23,0.2810810810810811,0.37264150943396224,316000.0
cirilje01,Unknown cirilje01,2006,MIL,112,263,84,21,0.3193916349809886,0.3693379790940767,850000.0
cirilje01,Unknown cirilje01,2007,MIN,50,153,40,15,0.26143790849673204,0.32748538011695905,1500000.0
clarkbr02,Unknown clarkbr02,2003,MIL,128,315,86,21,0.273015873015873,0.32954545454545453,312500.0
clarkbr02,Unknown clarkbr02,2004,MIL,138,353,99,53,0.2804532577903683,0.38516746411483255,376000.0
clarkbr02,Unknown clarkbr02,2005,MIL,145,599,183,47,0.3055091819699499,0.37237237237237236,1150000.0
clarkbr02,Unknown clarkbr02,2006,MIL,138,415,109,43,0.26265060240963856,0.3480083857442348,3200000.0
clarkda05,Unknown clarkda05,1990,CHN,84,171,47,8,0.27485380116959063,0.30386740331491713,195000.0
clarkda05,Unknown clarkda05,1993,PIT,110,277,75,38,0.27075812274368233,0.3584905660377358,180000.0
clarkda05,Unknown clarkda05,1994,PIT,86,223,66,22,0.29596412556053814,0.3548387096774194,380000.0
clarkda05,Unknown clarkda05,1995,PIT,77,196,55,24,0.28061224489795916,0.35874439461883406,647233.0
clarkda05,Unknown clarkda05,1996,PIT,92,211,58,31,0.27488151658767773,0.3662551440329218,800000.0
clarkda05,Unknown clarkda05,1997,CHN,102,143,43,19,0.3006993006993007,0.3855421686746988,450000.0
clarkda05,Unknown clarkda05,1998,HOU,93,131,27,14,0.20610687022900764,0.2876712328767123,700000.0
clarkja01,Unknown clarkja01,1990,SDN,115,334,89,104,0.26646706586826346,0.4411764705882353,2000000.0
clarkja01,Unknown clarkja01,1991,BOS,140,481,120,96,0.2494802494802495,0.37435897435897436,2900000.0
clarkja01,Unknown clarkja01,1992,BOS,81,257,54,56,0.21011673151750973,0.35,2900000.0
clarkje01,Unknown clarkje01,1990,SDN,53,101,27,5,0.26732673267326734,0.29906542056074764,109500.0
clarkje01,Unknown clarkje01,1991,SDN,118,369,84,31,0.22764227642276422,0.2951219512195122,127500.0
clarkje01,Unknown clarkje01,1992,SDN,146,496,120,22,0.24193548387096775,0.2780952380952381,200000.0
clarkje01,Unknown clarkje01,1993,COL,140,478,135,20,0.2824267782426778,0.3241650294695481,690000.0
clarkje01,Unknown clarkje01,1995,MIN,36,109,37,2,0.3394495412844037,0.35398230088495575,400000.0
clarkph02,Unknown clarkph02,1993,SDN,102,240,75,8,0.3125,0.34509803921568627,122500.0
clarkph02,Unknown clarkph02,1994,SDN,61,149,32,5,0.21476510067114093,0.25,155000.0
clarkto02,Unknown clarkto02,1996,DET,100,376,94,29,0.25,0.29927007299270075,109000.0
clarkto02,Unknown clarkto02,1997,DET,159,580,160,93,0.27586206896551724,0.37591776798825255,260000.0
clarkto02,Unknown clarkto02,1998,DET,157,602,175,63,0.29069767441860467,0.35809806835066865,762500.0
clarkto02,Unknown clarkto02,1999,DET,143,536,150,64,0.2798507462686567,0.361247947454844,2362500.0
clarkto02,Unknown clarkto02,2000,DET,60,208,57,24,0.27403846153846156,0.34913793103448276,4062500.0
clarkto02,Unknown clarkto02,2001,DET,126,428,123,62,0.28738317757009346,0.37424547283702214,4462500.0
clarkto02,Unknown clarkto02,2002,BOS,90,275,57,21,0.20727272727272728,0.2651006711409396,5000000.0
clarkto02,Unknown clarkto02,2004,NYA,106,253,56,26,0.22134387351778656,0.2968197879858657,750000.0
clarkto02,Unknown clarkto02,2005,ARI,130,349,106,37,0.3037249283667622,0.366412213740458,750000.0
clarkto02,Unknown clarkto02,2006,ARI,79,132,26,13,0.19696969696969696,0.2789115646258503,1034000.0
clarkto02,Unknown clarkto02,2007,ARI,113,221,55,21,0.248868778280543,0.31020408163265306,1034000.0
clarkwi02,Unknown clarkwi02,1990,SFN,154,600,177,62,0.295,0.35693215339233036,2250000.0
clarkwi02,Unknown clarkwi02,1991,SFN,148,565,170,51,0.3008849557522124,0.35852090032154343,3750000.0
clarkwi02,Unknown clarkwi02,1992,SFN,144,513,154,73,0.3001949317738791,0.3843594009983361,4275000.0
clarkwi02,Unknown clarkwi02,1993,SFN,132,491,139,63,0.2830957230142566,0.3674911660777385,4750000.0
clarkwi02,Unknown clarkwi02,1994,TEX,110,389,128,71,0.32904884318766064,0.43070362473347545,3875972.0
clarkwi02,Unknown clarkwi02,1995,TEX,123,454,137,68,0.30176211453744495,0.3891992551210428,5647726.0
clarkwi02,Unknown clarkwi02,1996,TEX,117,436,124,64,0.28440366972477066,0.376953125,5657365.0
clarkwi02,Unknown clarkwi02,1997,TEX,110,393,128,49,0.3256997455470738,0.4,5657365.0
clarkwi02,Unknown clarkwi02,1998,TEX,149,554,169,72,0.30505415162454874,0.3836477987421384,5812595.0
clarkwi02,Unknown clarkwi02,1999,BAL,77,251,76,38,0.30278884462151395,0.3945578231292517,4920840.0
clarkwi02,Unknown clarkwi02,2000,BAL,79,256,77,47,0.30078125,0.4129032258064516,6000000.0
claytro01,Unknown claytro01,1992,SFN,98,321,72,26,0.22429906542056074,0.2808022922636103,109000.0
claytro01,Unknown claytro01,1993,SFN,153,549,155,38,0.28233151183970856,0.330550918196995,155000.0
claytro01,Unknown claytro01,1994,SFN,108,385,91,30,0.23636363636363636,0.29523809523809524,325000.0
claytro01,Unknown claytro01,1995,SFN,138,509,124,38,0.24361493123772102,0.298372513562387,475000.0
claytro01,Unknown claytro01,1996,SLN,129,491,136,33,0.2769857433808554,0.32136105860113423,1600000.0
claytro01,Unknown claytro01,1997,SLN,154,576,153,33,0.265625,0.3063209076175041,2650000.0
claytro01,Unknown claytro01,1998,SLN,90,355,83,40,0.23380281690140844,0.3132832080200501,3500000.0
claytro01,Unknown claytro01,1999,TEX,133,465,134,39,0.28817204301075267,0.34637964774951074,4500000.0
claytro01,Unknown claytro01,2000,TEX,148,513,124,42,0.24171539961013644,0.30124777183600715,4500000.0
claytro01,Unknown claytro01,2001,CHA,135,433,114,33,0.2632794457274827,0.31512605042016806,4500000.0
claytro01,Unknown claytro01,2002,CHA,112,342,86,20,0.25146198830409355,0.2953929539295393,4500000.0
claytro01,Unknown claytro01,2003,MIL,146,483,110,49,0.2277432712215321,0.300556586270872,1500000.0
claytro01,Unknown claytro01,2004,COL,146,574,160,48,0.2787456445993031,0.3375796178343949,650000.0
claytro01,Unknown claytro01,2005,ARI,143,522,141,38,0.27011494252873564,0.3197158081705151,1350000.0
claytro01,Unknown claytro01,2006,WAS,87,305,82,19,0.26885245901639343,0.3153153153153153,1000000.0
claytro01,Unknown claytro01,2007,TOR,69,189,48,14,0.25396825396825395,0.30434782608695654,1500000.0
clemeed02,Unknown clemeed02,1999,COL,57,162,41,7,0.25308641975308643,0.2823529411764706,202000.0
clemeje01,Unknown clemeje01,2010,PIT,54,144,29,6,0.2013888888888889,0.23684210526315788,405000.0
clossjd01,Unknown clossjd01,2005,COL,92,237,52,32,0.21940928270042195,0.31365313653136534,317000.0
cochrda01,Unknown cochrda01,1991,SEA,65,178,44,9,0.24719101123595505,0.2857142857142857,108000.0
cochrda01,Unknown cochrda01,1992,SEA,65,152,38,12,0.25,0.3090909090909091,162000.0
coghlch01,Unknown coghlch01,2010,FLO,91,358,96,33,0.2681564245810056,0.3350125944584383,475000.0
colbrgr01,Unknown colbrgr01,1993,MON,70,153,39,6,0.2549019607843137,0.2822085889570552,126000.0
colbrgr01,Unknown colbrgr01,1994,FLO,47,155,47,9,0.3032258064516129,0.34523809523809523,150000.0
colbrgr01,Unknown colbrgr01,1995,FLO,138,528,146,22,0.2765151515151515,0.3107142857142857,225000.0
colbrgr01,Unknown colbrgr01,1996,FLO,141,511,146,25,0.2857142857142857,0.3333333333333333,1200000.0
colbrgr01,Unknown colbrgr01,1997,MIN,70,217,61,8,0.28110599078341014,0.30701754385964913,750000.0
colbrgr01,Unknown colbrgr01,1998,COL,62,122,38,8,0.3114754098360656,0.35877862595419846,735000.0
colbrgr01,Unknown colbrgr01,1999,ARI,67,135,44,12,0.32592592592592595,0.39215686274509803,900000.0
colbrgr01,Unknown colbrgr01,2000,ARI,116,329,103,43,0.3130699088145897,0.4051948051948052,1005000.0
colbrgr01,Unknown colbrgr01,2002,ARI,72,171,57,13,0.3333333333333333,0.3783783783783784,1800000.0
coleal01,Unknown coleal01,1991,CLE,122,387,114,58,0.29457364341085274,0.3861607142857143,155000.0
coleal01,Unknown coleal01,1993,COL,126,348,89,43,0.2557471264367816,0.3392405063291139,350000.0
coleal01,Unknown coleal01,1994,MIN,105,345,102,44,0.2956521739130435,0.375,375000.0
colemvi01,Unknown colemvi01,1990,SLN,124,497,145,35,0.2917505030181087,0.3401869158878505,1012500.0
colemvi01,Unknown colemvi01,1991,NYN,72,278,71,39,0.25539568345323743,0.3470031545741325,3112500.0
colemvi01,Unknown colemvi01,1992,NYN,71,229,63,27,0.27510917030567683,0.3552123552123552,3212500.0
colemvi01,Unknown colemvi01,1993,NYN,92,373,104,21,0.27882037533512066,0.31565656565656564,2312500.0
colemvi01,Unknown colemvi01,1994,KCA,104,438,105,29,0.23972602739726026,0.2854122621564482,3312500.0
colemvi01,Unknown colemvi01,1995,KCA,75,293,84,27,0.28668941979522183,0.34782608695652173,250000.0
colesda01,Unknown colesda01,1990,SEA,37,107,23,4,0.21495327102803738,0.24778761061946902,690000.0
colesda01,Unknown colesda01,1993,TOR,64,194,49,16,0.25257731958762886,0.3194444444444444,500000.0
colesda01,Unknown colesda01,1994,TOR,48,143,30,10,0.2097902097902098,0.26282051282051283,500000.0
colesda01,Unknown colesda01,1995,SLN,63,138,31,16,0.2246376811594203,0.31645569620253167,300000.0
collilo01,Unknown collilo01,1998,PIT,110,334,82,31,0.24550898203592814,0.31648936170212766,176000.0
collilo01,Unknown collilo01,1999,MIL,74,135,35,14,0.25925925925925924,0.32450331125827814,215000.0
colvity01,Unknown colvity01,2010,CHN,135,358,91,30,0.2541899441340782,0.3155216284987277,401000.0
coninje01,Unknown coninje01,1993,FLO,162,595,174,52,0.292436974789916,0.35106382978723405,125000.0
coninje01,Unknown coninje01,1994,FLO,115,451,144,40,0.31929046563192903,0.37298387096774194,230000.0
coninje01,Unknown coninje01,1995,FLO,133,483,146,66,0.3022774327122153,0.3790035587188612,510000.0
coninje01,Unknown coninje01,1996,FLO,157,597,175,62,0.2931323283082077,0.3597014925373134,1800000.0
coninje01,Unknown coninje01,1997,FLO,151,405,98,57,0.2419753086419753,0.3369098712446352,2800000.0
coninje01,Unknown coninje01,1998,KCA,93,309,79,26,0.255663430420712,0.3119533527696793,2240000.0
coninje01,Unknown coninje01,1999,BAL,139,444,129,30,0.2905405405405405,0.3347107438016529,1960000.0
coninje01,Unknown coninje01,2000,BAL,119,409,116,36,0.28361858190709044,0.34146341463414637,2500000.0
coninje01,Unknown coninje01,2001,BAL,139,524,163,64,0.3110687022900763,0.3860232945091514,3000000.0
coninje01,Unknown coninje01,2002,BAL,116,451,123,25,0.2727272727272727,0.3073770491803279,3500000.0
coninje01,Unknown coninje01,2003,BAL,124,493,143,37,0.29006085192697767,0.3382084095063985,4250000.0
coninje01,Unknown coninje01,2004,FLO,140,521,146,48,0.2802303262955854,0.3396880415944541,3000000.0
coninje01,Unknown coninje01,2005,FLO,131,335,102,38,0.3044776119402985,0.3743455497382199,3000000.0
coninje01,Unknown coninje01,2006,BAL,114,389,103,35,0.2647814910025707,0.3248259860788863,1700000.0
coninje01,Unknown coninje01,2007,CIN,80,215,57,20,0.2651162790697674,0.31950207468879666,2000000.0
conrabr01,Unknown conrabr01,2010,ATL,103,156,39,16,0.25,0.3236994219653179,400000.0
contija01,Unknown contija01,2002,TBA,78,222,57,18,0.25675675675675674,0.3153526970954357,205000.0
coolbsc01,Unknown coolbsc01,1990,TEX,67,180,36,15,0.2,0.2639593908629442,100000.0
coomero01,Unknown coomero01,1995,MIN,37,101,26,9,0.25742574257425743,0.32432432432432434,109000.0
coomero01,Unknown coomero01,1996,MIN,95,233,69,17,0.296137339055794,0.33992094861660077,122500.0
coomero01,Unknown coomero01,1997,MIN,140,523,156,22,0.2982791586998088,0.3236363636363636,170000.0
coomero01,Unknown coomero01,1998,MIN,137,529,146,18,0.27599243856332706,0.2954954954954955,325000.0
coomero01,Unknown coomero01,1999,MIN,127,467,123,30,0.2633832976445396,0.3073852295409182,1150000.0
coomero01,Unknown coomero01,2000,MIN,140,544,147,36,0.2702205882352941,0.3174872665534805,1500000.0
coomero01,Unknown coomero01,2001,CHN,111,349,91,29,0.2607449856733524,0.3160621761658031,1100000.0
coomero01,Unknown coomero01,2002,NYA,55,148,39,6,0.2635135135135135,0.2903225806451613,750000.0
coopesc01,Unknown coopesc01,1992,BOS,123,337,93,37,0.27596439169139464,0.34574468085106386,145000.0
coopesc01,Unknown coopesc01,1993,BOS,156,526,147,58,0.279467680608365,0.3547297297297297,240000.0
coopesc01,Unknown coopesc01,1994,BOS,104,369,104,30,0.28184281842818426,0.3333333333333333,500000.0
coopesc01,Unknown coopesc01,1995,SLN,118,374,86,49,0.22994652406417113,0.3209302325581395,1525000.0
coopesc01,Unknown coopesc01,1997,KCA,75,159,32,17,0.20125786163522014,0.2833333333333333,375000.0
coraal01,Unknown coraal01,2001,LAN,134,405,88,31,0.21728395061728395,0.28475336322869954,240000.0
coraal01,Unknown coraal01,2002,LAN,115,258,75,26,0.29069767441860467,0.3711340206185567,625000.0
coraal01,Unknown coraal01,2003,LAN,148,477,119,16,0.24947589098532494,0.2871287128712871,1150000.0
coraal01,Unknown coraal01,2004,LAN,138,405,107,47,0.2641975308641975,0.3644067796610169,1300000.0
coraal01,Unknown coraal01,2005,CLE,49,146,30,5,0.2054794520547945,0.25,1300000.0
coraal01,Unknown coraal01,2006,BOS,96,235,56,19,0.23829787234042554,0.31153846153846154,1400000.0
coraal01,Unknown coraal01,2007,BOS,83,207,51,7,0.2463768115942029,0.29777777777777775,2000000.0
coraal01,Unknown coraal01,2008,BOS,75,152,41,16,0.26973684210526316,0.3707865168539326,2000000.0
coraal01,Unknown coraal01,2009,NYN,82,271,68,25,0.25092250922509224,0.32,2000000.0
coraal01,Unknown coraal01,2010,NYN,62,169,35,10,0.20710059171597633,0.2648648648648649,1850000.0
corajo01,Unknown corajo01,1990,SDN,51,100,27,6,0.27,0.3113207547169811,100000.0
corajo01,Unknown corajo01,1991,CHA,100,228,55,20,0.2412280701754386,0.3125,120000.0
corajo01,Unknown corajo01,1992,CHA,68,122,30,22,0.2459016393442623,0.3708609271523179,235000.0
corajo01,Unknown corajo01,1993,CHA,153,579,155,67,0.26770293609671847,0.3505311077389985,465000.0
corajo01,Unknown corajo01,1994,CHA,90,312,86,38,0.27564102564102566,0.35294117647058826,625000.0
corajo01,Unknown corajo01,1995,SEA,120,427,127,37,0.297423887587822,0.35864978902953587,425000.0
corajo01,Unknown corajo01,1996,SEA,144,530,154,35,0.29056603773584905,0.3396880415944541,850000.0
corajo01,Unknown corajo01,1997,SEA,149,574,172,53,0.29965156794425085,0.358814352574103,1025000.0
corajo01,Unknown corajo01,1998,SEA,131,519,147,62,0.2832369942196532,0.3622448979591837,1700000.0
cordewi01,Unknown cordewi01,1993,MON,138,475,118,34,0.24842105263157896,0.30754352030947774,126500.0
cordewi01,Unknown cordewi01,1994,MON,110,415,122,41,0.29397590361445786,0.3634408602150538,200000.0
cordewi01,Unknown cordewi01,1995,MON,131,514,147,36,0.28599221789883267,0.3410301953818828,315000.0
cordewi01,Unknown cordewi01,1996,BOS,59,198,57,11,0.2878787878787879,0.330188679245283,1850000.0
cordewi01,Unknown cordewi01,1997,BOS,140,570,160,31,0.2807017543859649,0.32019704433497537,3000000.0
cordewi01,Unknown cordewi01,1999,CLE,54,194,58,15,0.29896907216494845,0.3640552995391705,500000.0
cordewi01,Unknown cordewi01,2000,PIT,89,348,98,25,0.28160919540229884,0.335978835978836,2166667.0
cordewi01,Unknown cordewi01,2001,CLE,89,268,67,22,0.25,0.31313131313131315,2666667.0
cordewi01,Unknown cordewi01,2003,MON,130,436,121,49,0.2775229357798165,0.35365853658536583,600000.0
cordoma01,Unknown cordoma01,1995,MIN,137,512,142,52,0.27734375,0.35233160621761656,109000.0
cordoma01,Unknown cordoma01,1996,MIN,145,569,176,53,0.3093145869947276,0.37089201877934275,500000.0
cordoma01,Unknown cordoma01,1997,MIN,103,378,93,30,0.24603174603174602,0.3050847457627119,800000.0
cordoma01,Unknown cordoma01,1998,MIN,119,438,111,50,0.2534246575342466,0.33266533066132264,2000000.0
cordoma01,Unknown cordoma01,1999,MIN,124,425,121,48,0.2847058823529412,0.36475409836065575,3000000.0
cordoma01,Unknown cordoma01,2000,TOR,62,200,49,18,0.245,0.3167420814479638,500000.0
cordoma01,Unknown cordoma01,2001,CLE,122,409,123,23,0.30073349633251834,0.34841628959276016,500000.0
cordoma01,Unknown cordoma01,2002,BAL,131,458,116,47,0.25327510917030566,0.324853228962818,2500000.0
costash01,Unknown costash01,2006,KCA,72,237,65,6,0.2742616033755274,0.304,327500.0
costech01,Unknown costech01,2007,PHI,48,129,36,4,0.27906976744186046,0.3111111111111111,385000.0
costech01,Unknown costech01,2008,PHI,98,274,72,16,0.26277372262773724,0.32450331125827814,415000.0
costech01,Unknown costech01,2009,PHI,45,102,25,14,0.24509803921568626,0.3418803418803419,460000.0
cotahu01,Unknown cotahu01,2005,PIT,93,297,72,17,0.24242424242424243,0.2852664576802508,324000.0
cotahu01,Unknown cotahu01,2006,PIT,38,100,19,8,0.19,0.24770642201834864,342000.0
cottohe01,Unknown cottohe01,1990,SEA,127,355,92,22,0.2591549295774648,0.3072916666666667,425000.0
cottohe01,Unknown cottohe01,1991,SEA,66,177,54,10,0.3050847457627119,0.3473684210526316,600000.0
cottohe01,Unknown cottohe01,1992,SEA,108,294,76,14,0.2585034013605442,0.29354838709677417,875000.0
cottohe01,Unknown cottohe01,1993,SEA,54,105,20,2,0.19047619047619047,0.21296296296296297,900000.0
counscr01,Unknown counscr01,1997,FLO,51,164,49,18,0.29878048780487804,0.3763440860215054,150000.0
counscr01,Unknown counscr01,1998,FLO,107,335,84,51,0.2507462686567164,0.3554987212276215,185000.0
counscr01,Unknown counscr01,2002,ARI,112,436,123,45,0.28211009174311924,0.34845360824742266,1516667.0
counscr01,Unknown counscr01,2003,ARI,89,303,71,41,0.23432343234323433,0.3275862068965517,2516667.0
counscr01,Unknown counscr01,2004,MIL,140,473,114,59,0.24101479915433405,0.3296296296296296,3166667.0
counscr01,Unknown counscr01,2005,ARI,150,578,148,78,0.2560553633217993,0.3502994011976048,1350000.0
counscr01,Unknown counscr01,2006,ARI,105,372,95,31,0.2553763440860215,0.3268765133171913,1750000.0
counscr01,Unknown counscr01,2007,MIL,122,282,62,41,0.2198581560283688,0.3231707317073171,2800000.0
counscr01,Unknown counscr01,2008,MIL,110,248,56,46,0.22580645161290322,0.3554817275747508,2800000.0
counscr01,Unknown counscr01,2009,MIL,130,404,115,42,0.28465346534653463,0.3574561403508772,1000000.0
counscr01,Unknown counscr01,2010,MIL,102,204,51,21,0.25,0.32158590308370044,2100000.0
coxst01,Unknown coxst01,2000,TBA,116,318,90,45,0.2830188679245283,0.3794037940379404,200000.0
coxst01,Unknown coxst01,2001,TBA,108,342,88,24,0.2573099415204678,0.32275132275132273,255000.0
coxst01,Unknown coxst01,2002,TBA,148,560,142,60,0.25357142857142856,0.330173775671406,280000.0
craigal01,Unknown craigal01,2010,SLN,44,114,28,9,0.24561403508771928,0.29838709677419356,400000.0
crawfca02,Unknown crawfca02,2003,TBA,151,630,177,26,0.28095238095238095,0.3090909090909091,300000.0
crawfca02,Unknown crawfca02,2004,TBA,152,626,185,35,0.2955271565495208,0.33083832335329344,320000.0
crawfca02,Unknown crawfca02,2005,TBA,156,644,194,27,0.30124223602484473,0.3313782991202346,370000.0
crawfca02,Unknown crawfca02,2006,TBA,151,600,183,37,0.305,0.3483670295489891,2625000.0
crawfca02,Unknown crawfca02,2007,TBA,143,584,184,32,0.3150684931506849,0.3547351524879615,4125000.0
crawfca02,Unknown crawfca02,2008,TBA,109,443,121,30,0.27313769751693,0.31875,5375000.0
crawfca02,Unknown crawfca02,2009,TBA,156,606,185,51,0.30528052805280526,0.3641791044776119,8250000.0
crawfca02,Unknown crawfca02,2010,TBA,154,600,184,46,0.30666666666666664,0.3562691131498471,10000000.0
credejo01,Unknown credejo01,2003,CHA,151,536,140,32,0.26119402985074625,0.3079584775086505,315000.0
credejo01,Unknown credejo01,2004,CHA,144,490,117,34,0.23877551020408164,0.2987012987012987,340000.0
credejo01,Unknown credejo01,2005,CHA,132,432,109,25,0.2523148148148148,0.302771855010661,400000.0
credejo01,Unknown credejo01,2006,CHA,150,544,154,28,0.28308823529411764,0.3225255972696246,2675000.0
credejo01,Unknown credejo01,2007,CHA,47,167,36,10,0.2155688622754491,0.25842696629213485,4940000.0
credejo01,Unknown credejo01,2008,CHA,97,335,83,30,0.24776119402985075,0.3136729222520107,5100000.0
credejo01,Unknown credejo01,2009,MIN,90,333,75,29,0.22522522522522523,0.2888283378746594,2500000.0
crespfe01,Unknown crespfe01,1998,TOR,66,130,34,15,0.26153846153846155,0.3422818791946309,185000.0
crespfe01,Unknown crespfe01,2000,SFN,89,131,38,10,0.2900763358778626,0.35135135135135137,232000.0
crispco01,Unknown crispco01,2004,CLE,139,491,146,36,0.2973523421588595,0.3440453686200378,319400.0
crispco01,Unknown crispco01,2005,CLE,145,594,178,44,0.2996632996632997,0.3452566096423017,364900.0
crispco01,Unknown crispco01,2006,BOS,105,413,109,31,0.2639225181598063,0.31685393258426964,2750000.0
crispco01,Unknown crispco01,2007,BOS,145,526,141,50,0.26806083650190116,0.32989690721649484,3833333.0
crispco01,Unknown crispco01,2008,BOS,118,361,102,35,0.28254847645429365,0.34413965087281795,5083333.0
crispco01,Unknown crispco01,2009,KCA,49,180,41,29,0.22777777777777777,0.33649289099526064,6083333.0
crispco01,Unknown crispco01,2010,OAK,75,290,81,30,0.2793103448275862,0.3415384615384615,5000000.0
crometr01,Unknown crometr01,1995,SLN,105,345,78,14,0.22608695652173913,0.2608695652173913,112000.0
crosbbo01,Unknown crosbbo01,2004,OAK,151,545,130,58,0.23853211009174313,0.3187702265372168,300500.0
crosbbo01,Unknown crosbbo01,2005,OAK,84,333,92,35,0.27627627627627627,0.34594594594594597,350000.0
crosbbo01,Unknown crosbbo01,2006,OAK,96,358,82,36,0.22905027932960895,0.29797979797979796,800000.0
crosbbo01,Unknown crosbbo01,2007,OAK,93,349,79,23,0.22636103151862463,0.27807486631016043,2550000.0
crosbbo01,Unknown crosbbo01,2008,OAK,145,556,132,47,0.23741007194244604,0.2958677685950413,3550000.0
crosbbo01,Unknown crosbbo01,2009,OAK,97,238,53,24,0.22268907563025211,0.2947761194029851,5300000.0
crosbbo01,Unknown crosbbo01,2010,PIT,61,156,35,16,0.22435897435897437,0.30057803468208094,1000000.0
crowetr01,Unknown crowetr01,2009,CLE,68,183,43,11,0.23497267759562843,0.2777777777777778,400000.0
cruzde01,Unknown cruzde01,1997,DET,147,436,105,14,0.2408256880733945,0.26269315673289184,150000.0
cruzde01,Unknown cruzde01,1998,DET,135,454,118,13,0.2599118942731278,0.2838983050847458,245000.0
cruzde01,Unknown cruzde01,1999,DET,155,518,147,12,0.28378378378378377,0.30241187384044527,430000.0
cruzde01,Unknown cruzde01,2000,DET,156,583,176,13,0.3018867924528302,0.31795716639209226,1975000.0
cruzde01,Unknown cruzde01,2001,DET,110,414,106,17,0.2560386473429952,0.2906178489702517,3525000.0
cruzde01,Unknown cruzde01,2002,SDN,151,514,135,22,0.26264591439688717,0.29411764705882354,600000.0
cruzde01,Unknown cruzde01,2003,BAL,152,548,137,13,0.25,0.26902654867256637,1000000.0
cruzde01,Unknown cruzde01,2005,SFN,81,209,56,10,0.2679425837320574,0.3013698630136986,800000.0
cruzja01,Unknown cruzja01,2005,CIN,110,127,30,16,0.23622047244094488,0.32413793103448274,500000.0
cruzjo02,Unknown cruzjo02,1997,TOR,55,212,49,28,0.23113207547169812,0.3155737704918033,150000.0
cruzjo02,Unknown cruzjo02,1998,TOR,105,352,89,57,0.2528409090909091,0.35351089588377727,325000.0
cruzjo02,Unknown cruzjo02,1999,TOR,106,349,84,64,0.24068767908309455,0.3583535108958838,400000.0
cruzjo02,Unknown cruzjo02,2000,TOR,162,603,146,71,0.24212271973466004,0.3225331369661267,395000.0
cruzjo02,Unknown cruzjo02,2001,TOR,146,577,158,45,0.2738301559792028,0.3264,2350000.0
cruzjo02,Unknown cruzjo02,2002,TOR,124,466,114,51,0.2446351931330472,0.31669865642994244,3950000.0
cruzjo02,Unknown cruzjo02,2003,SFN,158,539,135,102,0.2504638218923933,0.36574074074074076,2500000.0
cruzjo02,Unknown cruzjo02,2004,TBA,153,545,132,76,0.24220183486238533,0.3328050713153724,2500000.0
cruzjo02,Unknown cruzjo02,2005,ARI,64,202,43,42,0.21287128712871287,0.3469387755102041,4000000.0
cruzjo02,Unknown cruzjo02,2006,LAN,86,223,52,43,0.23318385650224216,0.35315985130111527,2910000.0
cruzjo02,Unknown cruzjo02,2007,SDN,91,256,60,31,0.234375,0.3159722222222222,650000.0
cruzne02,Unknown cruzne02,2007,TEX,96,307,72,21,0.23452768729641693,0.28700906344410876,382000.0
cruzne02,Unknown cruzne02,2009,TEX,128,462,120,49,0.2597402597402597,0.3320388349514563,408070.0
cruzne02,Unknown cruzne02,2010,TEX,108,399,127,38,0.3182957393483709,0.3738738738738739,440000.0
cuddymi01,Unknown cuddymi01,2003,MIN,35,102,25,12,0.24509803921568626,0.32456140350877194,302500.0
cuddymi01,Unknown cuddymi01,2004,MIN,115,339,89,37,0.26253687315634217,0.3394736842105263,307500.0
cuddymi01,Unknown cuddymi01,2005,MIN,126,422,111,41,0.26303317535545023,0.3304904051172708,347500.0
cuddymi01,Unknown cuddymi01,2006,MIN,150,557,158,62,0.2836624775583483,0.36220472440944884,1300000.0
cuddymi01,Unknown cuddymi01,2007,MIN,144,547,151,64,0.2760511882998172,0.3563402889245586,3575000.0
cuddymi01,Unknown cuddymi01,2008,MIN,71,249,62,25,0.24899598393574296,0.32974910394265233,5916666.0
cuddymi01,Unknown cuddymi01,2009,MIN,153,588,162,54,0.2755102040816326,0.3415384615384615,7666666.0
cuddymi01,Unknown cuddymi01,2010,MIN,157,609,165,58,0.270935960591133,0.3362962962962963,9416666.0
cummimi01,Unknown cummimi01,1995,PIT,59,152,37,13,0.24342105263157895,0.30303030303030304,122000.0
cummimi01,Unknown cummimi01,1997,PIT,52,106,20,8,0.18867924528301888,0.25217391304347825,180000.0
cummimi01,Unknown cummimi01,1998,BOS,67,120,34,17,0.2833333333333333,0.381294964028777,250000.0
cummimi01,Unknown cummimi01,2000,MIN,77,181,50,11,0.27624309392265195,0.3282051282051282,300000.0
curtich01,Unknown curtich01,1992,CAL,139,441,114,51,0.2585034013605442,0.34063745019920316,109000.0
curtich01,Unknown curtich01,1993,CAL,152,583,166,70,0.2847341337907376,0.3614457831325301,220000.0
curtich01,Unknown curtich01,1995,DET,144,586,157,70,0.26791808873720135,0.3492537313432836,1900000.0
curtich01,Unknown curtich01,1996,DET,104,400,105,53,0.2625,0.3456521739130435,2000000.0
curtich01,Unknown curtich01,1998,NYA,151,456,111,75,0.24342105263157895,0.3547794117647059,1250000.0
curtich01,Unknown curtich01,1999,NYA,96,195,51,43,0.26153846153846155,0.3975409836065574,2000000.0
curtich01,Unknown curtich01,2000,TEX,108,335,91,37,0.2716417910447761,0.34308510638297873,2000000.0
curtich01,Unknown curtich01,2001,TEX,38,115,29,14,0.25217391304347825,0.3384615384615385,1900000.0
custja01,Unknown custja01,2008,OAK,148,481,111,111,0.23076923076923078,0.3745819397993311,410000.0
custja01,Unknown custja01,2009,OAK,149,513,123,93,0.23976608187134502,0.3562091503267974,2800000.0
cuylemi01,Unknown cuylemi01,1991,DET,154,475,122,52,0.25684210526315787,0.3352059925093633,100000.0
cuylemi01,Unknown cuylemi01,1992,DET,89,291,70,10,0.24054982817869416,0.2754098360655738,230000.0
cuylemi01,Unknown cuylemi01,1993,DET,82,249,53,19,0.21285140562248997,0.2757352941176471,275000.0
cuylemi01,Unknown cuylemi01,1994,DET,48,116,28,13,0.2413793103448276,0.3181818181818182,275000.0
cuylemi01,Unknown cuylemi01,1996,BOS,50,110,22,13,0.2,0.2992125984251969,242500.0
damonjo01,Unknown damonjo01,1995,KCA,47,188,53,12,0.28191489361702127,0.3235294117647059,109000.0
damonjo01,Unknown damonjo01,1996,KCA,145,517,140,31,0.27079303675048355,0.3129496402877698,180000.0
damonjo01,Unknown damonjo01,1997,KCA,146,472,130,42,0.2754237288135593,0.33783783783783783,240000.0
damonjo01,Unknown damonjo01,1998,KCA,161,642,178,58,0.2772585669781931,0.33946251768033947,460000.0
damonjo01,Unknown damonjo01,1999,KCA,145,583,179,67,0.307032590051458,0.3789954337899543,2100000.0
damonjo01,Unknown damonjo01,2000,KCA,159,655,214,65,0.3267175572519084,0.3819918144611187,4000000.0
damonjo01,Unknown damonjo01,2001,OAK,155,644,165,61,0.2562111801242236,0.3235294117647059,7100000.0
damonjo01,Unknown damonjo01,2002,BOS,154,623,178,65,0.2857142857142857,0.3562231759656652,7250000.0
damonjo01,Unknown damonjo01,2003,BOS,145,608,166,68,0.2730263157894737,0.34502923976608185,7500000.0
damonjo01,Unknown damonjo01,2004,BOS,150,621,189,76,0.30434782608695654,0.3803418803418803,8000000.0
damonjo01,Unknown damonjo01,2005,BOS,148,624,197,53,0.3157051282051282,0.36627906976744184,8250000.0
damonjo01,Unknown damonjo01,2006,NYA,149,593,169,67,0.28499156829679595,0.35874439461883406,13000000.0
damonjo01,Unknown damonjo01,2007,NYA,141,533,144,66,0.2701688555347092,0.3509933774834437,13000000.0
damonjo01,Unknown damonjo01,2008,NYA,143,555,168,64,0.3027027027027027,0.3752012882447665,13000000.0
damonjo01,Unknown damonjo01,2009,NYA,143,550,155,71,0.2818181818181818,0.36538461538461536,13000000.0
damonjo01,Unknown damonjo01,2010,DET,145,539,146,69,0.27087198515769945,0.35515548281505727,8000000.0
danieka01,Unknown danieka01,1990,LAN,130,450,133,68,0.29555555555555557,0.3893129770992366,600000.0
danieka01,Unknown danieka01,1991,LAN,137,461,115,63,0.24945770065075923,0.3370998116760829,2025000.0
danieka01,Unknown danieka01,1992,LAN,35,104,24,10,0.23076923076923078,0.3017241379310345,2500000.0
darrmi02,Unknown darrmi02,2001,SDN,105,289,80,39,0.2768166089965398,0.36253776435045315,215000.0
dascedo01,Unknown dascedo01,1990,CHN,113,241,61,21,0.25311203319502074,0.31203007518796994,100000.0
dascedo01,Unknown dascedo01,1991,CHN,118,239,61,24,0.25523012552301255,0.32706766917293234,165000.0
dascedo01,Unknown dascedo01,1992,CHN,139,376,96,27,0.2553191489361702,0.3037037037037037,240000.0
dascedo01,Unknown dascedo01,1993,TEX,76,146,29,8,0.19863013698630136,0.23870967741935484,450000.0
daubabr01,Unknown daubabr01,1999,BOS,110,381,112,36,0.29396325459317585,0.3595238095238095,215000.0
daubabr01,Unknown daubabr01,2000,BOS,142,495,123,44,0.24848484848484848,0.3151183970856102,295000.0
daubabr01,Unknown daubabr01,2001,BOS,122,407,107,53,0.2628992628992629,0.3503184713375796,400000.0
daubabr01,Unknown daubabr01,2002,BOS,137,444,118,51,0.26576576576576577,0.34782608695652173,2325000.0
daubabr01,Unknown daubabr01,2003,CHA,95,183,42,34,0.22950819672131148,0.3515981735159817,450000.0
daughja01,Unknown daughja01,1990,TEX,125,310,93,22,0.3,0.34718100890207715,105000.0
daughja01,Unknown daughja01,1991,TEX,58,144,28,16,0.19444444444444445,0.26993865030674846,205000.0
daughja01,Unknown daughja01,1992,TEX,59,127,26,16,0.2047244094488189,0.2945205479452055,215000.0
daultda01,Unknown daultda01,1990,PHI,143,459,123,72,0.2679738562091503,0.36685288640595903,425000.0
daultda01,Unknown daultda01,1991,PHI,89,285,56,41,0.19649122807017544,0.2972972972972973,1916666.0
daultda01,Unknown daultda01,1992,PHI,145,485,131,88,0.27010309278350514,0.38461538461538464,2566667.0
daultda01,Unknown daultda01,1993,PHI,147,510,131,117,0.2568627450980392,0.3924646781789639,2466667.0
daultda01,Unknown daultda01,1994,PHI,69,257,77,33,0.29961089494163423,0.3801369863013699,2300000.0
daultda01,Unknown daultda01,1995,PHI,98,342,85,55,0.24853801169590642,0.3589108910891089,5300000.0
daultda01,Unknown daultda01,1997,PHI,84,269,71,54,0.26394052044609667,0.3806646525679758,4825000.0
davanje02,Unknown davanje02,2004,ANA,108,285,79,46,0.2771929824561403,0.37202380952380953,375000.0
davanje02,Unknown davanje02,2005,LAA,108,225,52,39,0.2311111111111111,0.34701492537313433,925000.0
davanje02,Unknown davanje02,2006,ARI,87,221,64,31,0.2895927601809955,0.37109375,525000.0
davidma01,Unknown davidma01,1990,HOU,57,130,38,10,0.2923076923076923,0.3404255319148936,125000.0
davidma01,Unknown davidma01,1991,HOU,85,142,27,12,0.19014084507042253,0.26282051282051283,300000.0
davisal01,Unknown davisal01,1990,SEA,140,494,140,85,0.2834008097165992,0.38682432432432434,1475000.0
davisal01,Unknown davisal01,1991,SEA,145,462,102,56,0.22077922077922077,0.29924242424242425,1725000.0
davisal01,Unknown davisal01,1992,CAL,40,104,26,13,0.25,0.3305084745762712,800000.0
davisbe01,Unknown davisbe01,1999,SDN,76,266,65,25,0.24436090225563908,0.30716723549488056,200000.0
davisbe01,Unknown davisbe01,2001,SDN,138,448,107,66,0.23883928571428573,0.33714285714285713,235000.0
davisbe01,Unknown davisbe01,2002,SEA,80,228,59,18,0.25877192982456143,0.3134920634920635,350000.0
davisbe01,Unknown davisbe01,2003,SEA,80,246,58,18,0.23577235772357724,0.2835820895522388,1000000.0
davisbu02,Unknown davisbu02,1993,TEX,62,159,39,5,0.24528301886792453,0.2727272727272727,130000.0
davisch01,Unknown davisch01,1990,CAL,113,412,109,61,0.2645631067961165,0.35714285714285715,1375000.0
davisch01,Unknown davisch01,1991,MIN,153,534,148,95,0.27715355805243447,0.38485804416403785,1700000.0
davisch01,Unknown davisch01,1992,MIN,138,444,128,73,0.2882882882882883,0.3856332703213611,2800000.0
davisch01,Unknown davisch01,1993,CAL,153,573,139,71,0.2425828970331588,0.3271317829457364,2400000.0
davisch01,Unknown davisch01,1994,CAL,108,392,122,69,0.3112244897959184,0.41025641025641024,2900000.0
davisch01,Unknown davisch01,1995,CAL,119,424,135,89,0.31839622641509435,0.42911877394636017,3800000.0
davisch01,Unknown davisch01,1996,CAL,145,530,155,86,0.29245283018867924,0.387459807073955,3800000.0
davisch01,Unknown davisch01,1997,KCA,140,477,133,85,0.27882599580712786,0.3862433862433862,3800000.0
davisch01,Unknown davisch01,1998,NYA,35,103,30,14,0.2912621359223301,0.3728813559322034,4333333.0
davisch01,Unknown davisch01,1999,NYA,146,476,128,73,0.2689075630252101,0.3664259927797834,4333333.0
davisch02,Unknown davisch02,2009,TEX,113,391,93,24,0.23785166240409208,0.2840095465393795,406620.0
davisch02,Unknown davisch02,2010,TEX,45,120,23,15,0.19166666666666668,0.27941176470588236,414120.0
daviser01,Unknown daviser01,1990,CIN,127,453,118,60,0.26048565121412803,0.3474903474903475,2100000.0
daviser01,Unknown daviser01,1991,CIN,89,285,67,48,0.23508771929824562,0.35294117647058826,3600000.0
daviser01,Unknown daviser01,1992,LAN,76,267,61,36,0.22846441947565543,0.3246753246753247,3600000.0
daviser01,Unknown daviser01,1993,LAN,108,376,88,41,0.23404255319148937,0.3080568720379147,2000000.0
daviser01,Unknown daviser01,1994,DET,37,120,22,18,0.18333333333333332,0.2898550724637681,3000000.0
daviser01,Unknown daviser01,1996,CIN,129,415,119,70,0.28674698795180725,0.3939393939393939,750000.0
daviser01,Unknown daviser01,1997,BAL,42,158,48,14,0.3037974683544304,0.35795454545454547,2200000.0
daviser01,Unknown daviser01,1998,BAL,131,452,148,44,0.3274336283185841,0.38779527559055116,2500000.0
daviser01,Unknown daviser01,1999,SLN,58,191,49,30,0.25654450261780104,0.35874439461883406,3420840.0
daviser01,Unknown daviser01,2000,SLN,92,254,77,36,0.3031496062992126,0.3890784982935154,4420840.0
daviser01,Unknown daviser01,2001,SFN,74,156,32,13,0.20512820512820512,0.26900584795321636,1500000.0
davisgl01,Unknown davisgl01,1990,HOU,93,327,82,46,0.25076452599388377,0.3569553805774278,1985000.0
davisgl01,Unknown davisgl01,1991,BAL,49,176,40,16,0.22727272727272727,0.3065326633165829,3275000.0
davisgl01,Unknown davisgl01,1992,BAL,106,398,110,37,0.27638190954773867,0.3378684807256236,3415000.0
davisgl01,Unknown davisgl01,1993,BAL,30,113,20,7,0.17699115044247787,0.22950819672131148,3817500.0
davisra01,Unknown davisra01,2009,OAK,125,390,119,29,0.30512820512820515,0.36046511627906974,410000.0
davisra01,Unknown davisra01,2010,OAK,143,525,149,26,0.2838095238095238,0.3196428571428571,1350000.0
davisru01,Unknown davisru01,1996,SEA,51,167,39,17,0.23353293413173654,0.3118279569892473,120000.0
davisru01,Unknown davisru01,1997,SEA,119,420,114,27,0.2714285714285714,0.3170731707317073,185000.0
davisru01,Unknown davisru01,1998,SEA,141,502,130,34,0.2589641434262948,0.30474452554744524,1000000.0
davisru01,Unknown davisru01,1999,SEA,124,432,106,32,0.24537037037037038,0.3036093418259023,2350000.0
davisru01,Unknown davisru01,2000,SFN,80,180,47,9,0.2611111111111111,0.3020833333333333,1000000.0
davisru01,Unknown davisru01,2001,SFN,53,167,43,17,0.25748502994011974,0.32620320855614976,1300000.0
dawsoan01,Unknown dawsoan01,1990,CHN,147,529,164,42,0.31001890359168244,0.35800344234079173,2100000.0
dawsoan01,Unknown dawsoan01,1991,CHN,149,563,153,22,0.27175843694493784,0.30201342281879195,3325000.0
dawsoan01,Unknown dawsoan01,1992,CHN,143,542,150,30,0.2767527675276753,0.3161512027491409,3300000.0
dawsoan01,Unknown dawsoan01,1993,BOS,121,461,126,17,0.27331887201735355,0.3132530120481928,4875000.0
dawsoan01,Unknown dawsoan01,1994,BOS,75,292,70,9,0.23972602739726026,0.27124183006535946,4425000.0
dawsoan01,Unknown dawsoan01,1995,FLO,79,226,58,9,0.25663716814159293,0.3048780487804878,500000.0
deazaal01,Unknown deazaal01,2007,FLO,45,144,33,6,0.22916666666666666,0.26143790849673204,380000.0
deckest01,Unknown deckest01,1991,SFN,79,233,48,16,0.20600858369098712,0.26171875,100000.0
deckest01,Unknown deckest01,1995,FLO,51,133,30,19,0.22556390977443608,0.3181818181818182,175000.0
deerro01,Unknown deerro01,1990,ML4,134,440,92,64,0.20909090909090908,0.3131115459882583,885000.0
deerro01,Unknown deerro01,1991,DET,134,448,80,89,0.17857142857142858,0.313543599257885,1966667.0
deerro01,Unknown deerro01,1992,DET,110,393,97,51,0.24681933842239187,0.33705357142857145,2016667.0
deerro01,Unknown deerro01,1993,DET,90,323,70,38,0.21671826625386997,0.3024523160762943,2066667.0
dehaako01,Unknown dehaako01,2000,SDN,90,103,21,5,0.20388349514563106,0.23853211009174313,200000.0
dejesda01,Unknown dejesda01,2005,KCA,122,461,135,42,0.2928416485900217,0.3590733590733591,320000.0
dejesda01,Unknown dejesda01,2006,KCA,119,491,145,43,0.2953156822810591,0.36363636363636365,500000.0
dejesda01,Unknown dejesda01,2007,KCA,157,605,157,64,0.25950413223140495,0.3505747126436782,2000000.0
dejesda01,Unknown dejesda01,2008,KCA,135,518,159,46,0.30694980694980695,0.36649214659685864,2500000.0
dejesda01,Unknown dejesda01,2009,KCA,144,558,157,51,0.28136200716845877,0.34726688102893893,3600000.0
dejesda01,Unknown dejesda01,2010,KCA,91,352,112,34,0.3181818181818182,0.3836317135549872,4700000.0
delgaca01,Unknown delgaca01,1994,TOR,43,130,28,25,0.2153846153846154,0.3522012578616352,109000.0
delgaca01,Unknown delgaca01,1996,TOR,138,488,132,58,0.27049180327868855,0.35346358792184723,165000.0
delgaca01,Unknown delgaca01,1997,TOR,153,519,136,64,0.26204238921001927,0.3495798319327731,500000.0
delgaca01,Unknown delgaca01,1998,TOR,142,530,155,73,0.29245283018867924,0.38548387096774195,2400000.0
delgaca01,Unknown delgaca01,1999,TOR,152,573,156,86,0.27225130890052357,0.37738619676945667,5075000.0
delgaca01,Unknown delgaca01,2000,TOR,162,569,196,123,0.3444639718804921,0.469760900140647,6600000.0
delgaca01,Unknown delgaca01,2001,TOR,162,574,160,111,0.2787456445993031,0.40767045454545453,13650000.0
delgaca01,Unknown delgaca01,2002,TOR,143,505,140,102,0.27722772277227725,0.40605095541401276,19400000.0
delgaca01,Unknown delgaca01,2003,TOR,161,570,172,109,0.3017543859649123,0.425531914893617,18700000.0
delgaca01,Unknown delgaca01,2004,TOR,128,458,123,69,0.2685589519650655,0.3720508166969147,19700000.0
delgaca01,Unknown delgaca01,2005,FLO,144,521,157,72,0.30134357005758156,0.39935064935064934,4000000.0
delgaca01,Unknown delgaca01,2006,NYN,144,524,139,74,0.2652671755725191,0.36084142394822005,13500000.0
delgaca01,Unknown delgaca01,2007,NYN,139,538,139,52,0.258364312267658,0.33278418451400327,14500000.0
delgaca01,Unknown delgaca01,2008,NYN,159,598,162,72,0.2709030100334448,0.35276967930029157,16000000.0
delluda01,Unknown delluda01,1998,ARI,124,416,108,33,0.25961538461538464,0.31788079470198677,177500.0
delluda01,Unknown delluda01,1999,ARI,63,109,43,11,0.3944954128440367,0.4634146341463415,260000.0
delluda01,Unknown delluda01,2001,ARI,115,217,60,22,0.2764976958525346,0.34854771784232363,325000.0
delluda01,Unknown delluda01,2002,ARI,97,229,56,28,0.2445414847161572,0.32567049808429116,775000.0
delluda01,Unknown delluda01,2003,ARI,70,165,40,19,0.24242424242424243,0.328042328042328,900000.0
delluda01,Unknown delluda01,2004,TEX,107,331,80,47,0.24169184290030213,0.34196891191709844,750000.0
delluda01,Unknown delluda01,2005,TEX,128,435,109,76,0.25057471264367814,0.3667953667953668,850000.0
delluda01,Unknown delluda01,2006,PHI,132,264,77,28,0.2916666666666667,0.3687707641196013,950000.0
delluda01,Unknown delluda01,2007,CLE,56,178,41,17,0.2303370786516854,0.2964824120603015,3750000.0
delluda01,Unknown delluda01,2008,CLE,113,336,80,24,0.23809523809523808,0.30666666666666664,3750000.0
dempsri01,Unknown dempsri01,1990,LAN,62,128,25,23,0.1953125,0.31788079470198677,500000.0
dempsri01,Unknown dempsri01,1991,ML4,61,147,34,23,0.23129251700680273,0.32947976878612717,150000.0
denorch01,Unknown denorch01,2006,CIN,49,106,30,11,0.2830188679245283,0.3559322033898305,327000.0
derosma01,Unknown derosma01,2002,ATL,72,212,63,12,0.2971698113207547,0.3391304347826087,222500.0
derosma01,Unknown derosma01,2003,ATL,103,266,70,16,0.2631578947368421,0.3159722222222222,340000.0
derosma01,Unknown derosma01,2004,ATL,118,309,74,23,0.23948220064724918,0.2932551319648094,725000.0
derosma01,Unknown derosma01,2005,TEX,66,148,36,16,0.24324324324324326,0.3253012048192771,500000.0
derosma01,Unknown derosma01,2006,TEX,136,520,154,44,0.29615384615384616,0.35664335664335667,675000.0
derosma01,Unknown derosma01,2007,CHN,149,502,147,58,0.29282868525896416,0.3712784588441331,2750000.0
derosma01,Unknown derosma01,2008,CHN,149,505,144,69,0.2851485148514851,0.3756345177664975,4750000.0
derosma01,Unknown derosma01,2009,CLE,71,278,75,29,0.2697841726618705,0.34185303514376997,5500000.0
deshide01,Unknown deshide01,1990,MON,129,499,144,66,0.28857715430861725,0.37478108581436076,100000.0
deshide01,Unknown deshide01,1992,MON,135,530,155,54,0.29245283018867924,0.3593220338983051,302500.0
deshide01,Unknown deshide01,1993,MON,123,481,142,72,0.29521829521829523,0.3888888888888889,1537500.0
deshide01,Unknown deshide01,1994,LAN,89,320,80,54,0.25,0.35733333333333334,2700000.0
deshide01,Unknown deshide01,1995,LAN,127,425,109,63,0.2564705882352941,0.35306122448979593,3000000.0
deshide01,Unknown deshide01,1996,LAN,154,581,130,53,0.22375215146299485,0.2875,3000000.0
deshide01,Unknown deshide01,1997,SLN,150,572,169,55,0.29545454545454547,0.35691823899371067,1600000.0
deshide01,Unknown deshide01,1998,SLN,117,420,122,56,0.2904761904761905,0.37083333333333335,3000000.0
deshide01,Unknown deshide01,1999,BAL,96,330,87,37,0.2636363636363636,0.33875338753387535,3719758.0
deshide01,Unknown deshide01,2000,BAL,151,561,166,69,0.29590017825311943,0.36875,4209324.0
deshide01,Unknown deshide01,2001,BAL,58,188,37,31,0.19680851063829788,0.31221719457013575,4333667.0
deshide01,Unknown deshide01,2002,CHN,67,146,28,21,0.1917808219178082,0.2916666666666667,1250000.0
desmoia01,Unknown desmoia01,2010,WAS,154,525,141,28,0.26857142857142857,0.30796460176991153,400000.0
destror01,Unknown destror01,1993,FLO,153,569,145,58,0.2548330404217926,0.3238993710691824,2000000.0
destror01,Unknown destror01,1994,FLO,39,130,27,19,0.2076923076923077,0.3157894736842105,1500000.0
devermi01,Unknown devermi01,1990,BAL,108,367,88,28,0.23978201634877383,0.2907268170426065,145000.0
devermi01,Unknown devermi01,1991,BAL,149,608,158,47,0.2598684210526316,0.31316187594553707,210000.0
devermi01,Unknown devermi01,1992,BAL,156,653,180,44,0.27565084226646247,0.3211267605633803,1025000.0
devermi01,Unknown devermi01,1993,BAL,131,527,132,43,0.2504743833017078,0.3060869565217391,3025000.0
devermi01,Unknown devermi01,1994,BAL,85,301,61,22,0.2026578073089701,0.25609756097560976,3375000.0
devermi01,Unknown devermi01,1995,CHA,92,333,102,25,0.3063063063063063,0.3518005540166205,1350000.0
devermi01,Unknown devermi01,1996,BAL,127,323,74,34,0.22910216718266255,0.3047091412742382,900000.0
dewitbl01,Unknown dewitbl01,2008,LAN,117,368,97,45,0.26358695652173914,0.34441805225653205,390000.0
dewitbl01,Unknown dewitbl01,2010,LAN,82,256,69,30,0.26953125,0.35172413793103446,410000.0
diazal01,Unknown diazal01,1994,ML4,79,187,47,10,0.25133689839572193,0.285,112000.0
diazal01,Unknown diazal01,1995,SEA,103,270,67,13,0.24814814814814815,0.2857142857142857,200000.0
diazed01,Unknown diazed01,1990,ML4,86,218,59,21,0.2706422018348624,0.3375,100000.0
diazei01,Unknown diazei01,1999,CLE,119,392,110,23,0.28061224489795916,0.32779097387173395,209000.0
diazei01,Unknown diazei01,2000,CLE,75,250,68,11,0.272,0.32342007434944237,237500.0
diazei01,Unknown diazei01,2001,CLE,134,437,121,17,0.2768878718535469,0.3276595744680851,387500.0
diazei01,Unknown diazei01,2002,CLE,102,320,66,17,0.20625,0.2579710144927536,1087500.0
diazei01,Unknown diazei01,2003,TEX,101,334,86,9,0.25748502994011974,0.29411764705882354,1837500.0
diazei01,Unknown diazei01,2004,MON,55,139,31,11,0.22302158273381295,0.2929936305732484,2587500.0
diazei01,Unknown diazei01,2005,SLN,58,130,27,5,0.2076923076923077,0.24817518248175183,600000.0
diazma01,Unknown diazma01,1993,TEX,71,205,56,8,0.2731707317073171,0.2968036529680365,165000.0
diazma02,Unknown diazma02,2006,ATL,124,297,97,11,0.3265993265993266,0.3644859813084112,330000.0
diazma02,Unknown diazma02,2007,ATL,135,358,121,16,0.33798882681564246,0.3681462140992167,395000.0
diazma02,Unknown diazma02,2008,ATL,43,135,33,3,0.24444444444444444,0.2642857142857143,1225000.0
diazma02,Unknown diazma02,2009,ATL,125,371,116,35,0.31266846361185985,0.3904761904761905,1237500.0
diazma02,Unknown diazma02,2010,ATL,84,224,56,13,0.25,0.30165289256198347,2550000.0
dickech01,Unknown dickech01,2009,CIN,97,255,70,39,0.27450980392156865,0.37037037037037035,400000.0
difelmi01,Unknown difelmi01,1997,SLN,93,260,62,19,0.23846153846153847,0.2968197879858657,152500.0
difelmi01,Unknown difelmi01,1998,TBA,84,248,57,15,0.22983870967741934,0.2744360902255639,210000.0
difelmi01,Unknown difelmi01,1999,TBA,51,179,55,8,0.30726256983240224,0.34554973821989526,267500.0
difelmi01,Unknown difelmi01,2000,TBA,60,204,49,12,0.24019607843137256,0.2798165137614679,525000.0
difelmi01,Unknown difelmi01,2001,TBA,48,149,31,8,0.2080536912751678,0.25925925925925924,775000.0
difelmi01,Unknown difelmi01,2002,SLN,70,174,40,17,0.22988505747126436,0.29743589743589743,750000.0
difelmi01,Unknown difelmi01,2003,KCA,62,189,48,9,0.25396825396825395,0.29901960784313725,625000.0
disarga01,Unknown disarga01,1992,CAL,157,518,128,20,0.2471042471042471,0.28284671532846717,135000.0
disarga01,Unknown disarga01,1993,CAL,126,416,99,15,0.23798076923076922,0.2727272727272727,265000.0
disarga01,Unknown disarga01,1994,CAL,112,389,101,18,0.2596401028277635,0.2944038929440389,400000.0
disarga01,Unknown disarga01,1995,CAL,99,362,111,20,0.30662983425414364,0.34366925064599485,925000.0
disarga01,Unknown disarga01,1996,CAL,150,536,137,21,0.2555970149253731,0.2857142857142857,1600000.0
disarga01,Unknown disarga01,1997,ANA,154,549,135,17,0.2459016393442623,0.271304347826087,2700000.0
disarga01,Unknown disarga01,1998,ANA,157,551,158,21,0.2867513611615245,0.32075471698113206,2800000.0
disarga01,Unknown disarga01,1999,ANA,81,271,62,15,0.22878228782287824,0.27335640138408307,3125000.0
dobbsgr01,Unknown dobbsgr01,2005,SEA,59,142,35,9,0.24647887323943662,0.2875816993464052,316000.0
dobbsgr01,Unknown dobbsgr01,2007,PHI,142,324,88,29,0.2716049382716049,0.329608938547486,385000.0
dobbsgr01,Unknown dobbsgr01,2008,PHI,128,226,68,11,0.3008849557522124,0.3333333333333333,440000.0
dobbsgr01,Unknown dobbsgr01,2009,PHI,97,154,38,11,0.24675324675324675,0.2958579881656805,1150000.0
dobbsgr01,Unknown dobbsgr01,2010,PHI,88,163,32,12,0.19631901840490798,0.25142857142857145,1350000.0
donnech01,Unknown donnech01,1993,HOU,88,179,46,19,0.2569832402234637,0.32663316582914576,137000.0
doranbi02,Unknown doranbi02,1990,HOU,109,344,99,71,0.2877906976744186,0.40476190476190477,934000.0
doranbi02,Unknown doranbi02,1991,CIN,111,361,101,46,0.27977839335180055,0.35853658536585364,2833333.0
doranbi02,Unknown doranbi02,1992,CIN,132,387,91,64,0.2351421188630491,0.34216335540838855,2833333.0
dorsebr01,Unknown dorsebr01,1994,CIN,76,216,53,21,0.24537037037037038,0.3125,170000.0
doumiry01,Unknown doumiry01,2006,PIT,61,149,31,15,0.2080536912751678,0.3220338983050847,333000.0
doumiry01,Unknown doumiry01,2007,PIT,83,252,69,22,0.27380952380952384,0.34050179211469533,390000.0
doumiry01,Unknown doumiry01,2008,PIT,116,431,137,23,0.31786542923433875,0.35698924731182796,412000.0
doumiry01,Unknown doumiry01,2009,PIT,75,280,70,20,0.25,0.2993421052631579,2150000.0
doumiry01,Unknown doumiry01,2010,PIT,124,406,102,41,0.2512315270935961,0.33114035087719296,3650000.0
downibr01,Unknown downibr01,1990,CAL,96,330,90,50,0.2727272727272727,0.37435897435897436,1250000.0
downibr01,Unknown downibr01,1992,TEX,107,320,89,62,0.278125,0.40664961636828645,950000.0
drewjd01,Unknown drewjd01,1999,SLN,104,368,89,50,0.2418478260869565,0.3395784543325527,1791688.0
drewjd01,Unknown drewjd01,2000,SLN,135,407,120,67,0.29484029484029484,0.40124740124740127,1750000.0
drewjd01,Unknown drewjd01,2001,SLN,109,375,121,57,0.32266666666666666,0.41363636363636364,2750000.0
drewjd01,Unknown drewjd01,2002,SLN,135,424,107,57,0.25235849056603776,0.3488843813387424,3100000.0
drewjd01,Unknown drewjd01,2003,SLN,100,287,83,36,0.289198606271777,0.37423312883435583,3700000.0
drewjd01,Unknown drewjd01,2004,ATL,145,518,158,118,0.305019305019305,0.4363354037267081,4200000.0
drewjd01,Unknown drewjd01,2005,LAN,72,252,72,51,0.2857142857142857,0.4115755627009646,9400000.0
drewjd01,Unknown drewjd01,2006,LAN,146,494,140,89,0.2834008097165992,0.39291736930860033,11400000.0
drewjd01,Unknown drewjd01,2007,BOS,140,466,126,79,0.2703862660944206,0.37318840579710144,14000000.0
drewjd01,Unknown drewjd01,2008,BOS,109,368,103,79,0.2798913043478261,0.40789473684210525,14000000.0
drewjd01,Unknown drewjd01,2009,BOS,137,452,126,82,0.27876106194690264,0.39219330855018586,14000000.0
drewjd01,Unknown drewjd01,2010,BOS,139,478,122,60,0.25523012552301255,0.34065934065934067,14000000.0
drewst01,Unknown drewst01,2007,ARI,150,543,129,60,0.23756906077348067,0.3127035830618892,1500000.0
drewst01,Unknown drewst01,2008,ARI,152,611,178,41,0.29132569558101473,0.3333333333333333,1500000.0
drewst01,Unknown drewst01,2009,ARI,135,533,139,49,0.2607879924953096,0.32033898305084746,1500000.0
drewst01,Unknown drewst01,2010,ARI,151,565,157,62,0.2778761061946903,0.3518225039619651,3400000.0
duboija01,Unknown duboija01,2005,CHN,52,142,34,7,0.23943661971830985,0.2894736842105263,320000.0
duceyro01,Unknown duceyro01,1997,SEA,76,143,41,6,0.2867132867132867,0.31125827814569534,200000.0
duceyro01,Unknown duceyro01,1998,SEA,97,217,52,23,0.23963133640552994,0.336,375000.0
duceyro01,Unknown duceyro01,1999,PHI,104,188,49,38,0.26063829787234044,0.3832599118942731,400000.0
duceyro01,Unknown duceyro01,2000,PHI,70,106,20,20,0.18867924528301888,0.31746031746031744,500000.0
duffych01,Unknown duffych01,2006,PIT,84,314,80,19,0.25477707006369427,0.3168604651162791,331000.0
duffych01,Unknown duffych01,2007,PIT,70,241,60,21,0.24896265560165975,0.31343283582089554,395000.0
dukesel01,Unknown dukesel01,2007,TBA,52,184,35,33,0.19021739130434784,0.3181818181818182,380000.0
dukesel01,Unknown dukesel01,2008,WAS,81,276,73,50,0.2644927536231884,0.38622754491017963,392500.0
dukesel01,Unknown dukesel01,2009,WAS,107,364,91,46,0.25,0.33653846153846156,415500.0
duncach01,Unknown duncach01,2007,SLN,127,375,97,55,0.25866666666666666,0.3541666666666667,400000.0
duncach01,Unknown duncach01,2008,SLN,76,222,55,34,0.24774774774774774,0.3463035019455253,439000.0
duncach01,Unknown duncach01,2009,SLN,87,260,59,41,0.22692307692307692,0.32894736842105265,825000.0
duncama01,Unknown duncama01,1990,CIN,125,435,133,24,0.3057471264367816,0.34475374732334046,325000.0
duncama01,Unknown duncama01,1991,CIN,100,333,86,12,0.25825825825825827,0.28774928774928776,925000.0
duncama01,Unknown duncama01,1992,PHI,142,574,153,17,0.2665505226480836,0.2916666666666667,2000000.0
duncama01,Unknown duncama01,1993,PHI,124,496,140,12,0.28225806451612906,0.3035019455252918,2000000.0
duncama01,Unknown duncama01,1994,PHI,88,347,93,17,0.2680115273775216,0.3064516129032258,2250000.0
duncama01,Unknown duncama01,1995,PHI,52,196,56,0,0.2857142857142857,0.285,500000.0
duncama01,Unknown duncama01,1996,NYA,109,400,136,9,0.34,0.35180722891566263,845000.0
duncama01,Unknown duncama01,1997,NYA,50,172,42,6,0.2441860465116279,0.2696629213483146,870000.0
dunnad01,Unknown dunnad01,2002,CIN,158,535,133,128,0.2485981308411215,0.4,250000.0
dunnad01,Unknown dunnad01,2003,CIN,116,381,82,74,0.2152230971128609,0.35394456289978676,400000.0
dunnad01,Unknown dunnad01,2004,CIN,161,568,151,108,0.2658450704225352,0.3876651982378855,445000.0
dunnad01,Unknown dunnad01,2005,CIN,160,543,134,114,0.24677716390423574,0.38748137108792846,4600000.0
dunnad01,Unknown dunnad01,2006,CIN,160,561,131,112,0.23351158645276293,0.3651026392961877,7500000.0
dunnad01,Unknown dunnad01,2007,CIN,152,522,138,101,0.26436781609195403,0.3860759493670886,10500000.0
dunnad01,Unknown dunnad01,2008,CIN,114,373,87,80,0.23324396782841822,0.3728448275862069,13000000.0
dunnad01,Unknown dunnad01,2009,WAS,159,546,146,116,0.2673992673992674,0.39820359281437123,8000000.0
dunnad01,Unknown dunnad01,2010,WAS,158,558,145,77,0.25985663082437277,0.35648148148148145,12000000.0
dunstsh01,Unknown dunstsh01,1990,CHN,146,545,143,15,0.26238532110091745,0.28295254833040423,1250000.0
dunstsh01,Unknown dunstsh01,1991,CHN,142,492,128,23,0.2601626016260163,0.29245283018867924,2100000.0
dunstsh01,Unknown dunstsh01,1994,CHN,88,331,92,16,0.27794561933534745,0.31339031339031337,2375000.0
dunstsh01,Unknown dunstsh01,1995,CHN,127,477,141,10,0.29559748427672955,0.3165322580645161,3775000.0
dunstsh01,Unknown dunstsh01,1996,SFN,82,287,86,13,0.29965156794425085,0.33112582781456956,1460941.0
dunstsh01,Unknown dunstsh01,1997,CHN,114,419,119,8,0.2840095465393795,0.2995391705069124,2325000.0
dunstsh01,Unknown dunstsh01,1998,CLE,62,156,37,6,0.23717948717948717,0.26506024096385544,1000000.0
dunstsh01,Unknown dunstsh01,1999,SLN,62,150,46,2,0.30666666666666664,0.3269230769230769,610000.0
dunstsh01,Unknown dunstsh01,2000,SLN,98,216,54,6,0.25,0.2775330396475771,600000.0
dunstsh01,Unknown dunstsh01,2001,SFN,88,186,52,2,0.27956989247311825,0.2931937172774869,1000000.0
dunstsh01,Unknown dunstsh01,2002,SFN,72,147,34,3,0.23129251700680273,0.25,1150000.0
dunwoto01,Unknown dunwoto01,1998,FLO,116,434,109,21,0.2511520737327189,0.29193899782135074,172000.0
dunwoto01,Unknown dunwoto01,1999,FLO,64,186,41,12,0.22043010752688172,0.27,222000.0
dunwoto01,Unknown dunwoto01,2000,KCA,61,178,37,8,0.20786516853932585,0.23834196891191708,232500.0
durazer01,Unknown durazer01,1999,ARI,52,155,51,26,0.32903225806451614,0.42162162162162165,200000.0
durazer01,Unknown durazer01,2000,ARI,67,196,52,34,0.2653061224489796,0.37339055793991416,260000.0
durazer01,Unknown durazer01,2001,ARI,92,175,47,28,0.26857142857142857,0.3719806763285024,260000.0
durazer01,Unknown durazer01,2002,ARI,76,222,58,49,0.26126126126126126,0.39492753623188404,375000.0
durazer01,Unknown durazer01,2003,OAK,154,537,139,100,0.25884543761638734,0.3736434108527132,1065000.0
durazer01,Unknown durazer01,2004,OAK,142,511,164,56,0.32093933463796476,0.3961937716262976,2100000.0
durazer01,Unknown durazer01,2005,OAK,41,152,36,14,0.23684210526315788,0.30538922155688625,4700000.0
durhara01,Unknown durhara01,1995,CHA,125,471,121,31,0.25690021231422505,0.30859375,109000.0
durhara01,Unknown durhara01,1996,CHA,156,557,153,58,0.2746858168761221,0.34968354430379744,150000.0
durhara01,Unknown durhara01,1997,CHA,155,634,172,61,0.27129337539432175,0.33709449929478136,310000.0
durhara01,Unknown durhara01,1998,CHA,158,635,181,73,0.28503937007874014,0.36262203626220363,1935000.0
durhara01,Unknown durhara01,1999,CHA,153,612,181,73,0.2957516339869281,0.37337192474674386,3400000.0
durhara01,Unknown durhara01,2000,CHA,151,614,172,75,0.28013029315960913,0.36079545454545453,4900000.0
durhara01,Unknown durhara01,2001,CHA,152,611,163,64,0.26677577741407527,0.3372262773722628,9000000.0
durhara01,Unknown durhara01,2002,CHA,96,345,103,49,0.2985507246376812,0.38957816377171217,6300000.0
durhara01,Unknown durhara01,2003,SFN,110,410,117,50,0.28536585365853656,0.3655913978494624,5200000.0
durhara01,Unknown durhara01,2004,SFN,120,471,133,57,0.2823779193205945,0.3643122676579926,7200000.0
durhara01,Unknown durhara01,2005,SFN,142,497,144,48,0.289738430583501,0.3559928443649374,7200000.0
durhara01,Unknown durhara01,2006,SFN,137,498,146,51,0.2931726907630522,0.35985533453887886,7000000.0
durhara01,Unknown durhara01,2007,SFN,138,464,101,53,0.21767241379310345,0.29545454545454547,7000000.0
durhara01,Unknown durhara01,2008,SFN,87,263,77,38,0.29277566539923955,0.3848684210526316,7500000.0
durritr01,Unknown durritr01,1999,ANA,43,122,22,9,0.18032786885245902,0.2366412213740458,200000.0
dyeje01,Unknown dyeje01,1996,ATL,98,292,82,8,0.2808219178082192,0.30392156862745096,109000.0
dyeje01,Unknown dyeje01,1997,KCA,75,263,62,17,0.23574144486692014,0.28368794326241137,175000.0
dyeje01,Unknown dyeje01,1998,KCA,60,214,50,11,0.2336448598130841,0.26956521739130435,230000.0
dyeje01,Unknown dyeje01,1999,KCA,158,608,179,58,0.2944078947368421,0.3536404160475483,260000.0
dyeje01,Unknown dyeje01,2000,KCA,157,601,193,69,0.3211314475873544,0.390279823269514,2300000.0
dyeje01,Unknown dyeje01,2001,KCA,97,367,100,30,0.2724795640326976,0.33251833740831294,3800000.0
dyeje01,Unknown dyeje01,2002,OAK,131,488,123,52,0.2520491803278688,0.3333333333333333,7166667.0
dyeje01,Unknown dyeje01,2003,OAK,65,221,38,25,0.17194570135746606,0.2608695652173913,11666667.0
dyeje01,Unknown dyeje01,2004,OAK,137,532,141,49,0.2650375939849624,0.3288135593220339,11666667.0
dyeje01,Unknown dyeje01,2005,CHA,145,529,145,39,0.2741020793950851,0.3333333333333333,4000000.0
dyeje01,Unknown dyeje01,2006,CHA,146,539,170,59,0.31539888682745826,0.38461538461538464,5000000.0
dyeje01,Unknown dyeje01,2007,CHA,138,508,129,45,0.25393700787401574,0.3172905525846702,7500000.0
dyeje01,Unknown dyeje01,2008,CHA,154,590,172,44,0.29152542372881357,0.34418604651162793,9500000.0
dyeje01,Unknown dyeje01,2009,CHA,141,503,126,64,0.2504970178926441,0.3397212543554007,11500000.0
dykstle01,Unknown dykstle01,1990,PHI,149,590,192,89,0.3254237288135593,0.41799709724238027,700000.0
dykstle01,Unknown dykstle01,1991,PHI,63,246,73,37,0.2967479674796748,0.3908450704225352,2216666.0
dykstle01,Unknown dykstle01,1992,PHI,85,345,104,40,0.30144927536231886,0.375,2316667.0
dykstle01,Unknown dykstle01,1993,PHI,161,637,194,129,0.304552590266876,0.4204398447606727,3066667.0
dykstle01,Unknown dykstle01,1994,PHI,84,315,86,68,0.273015873015873,0.40414507772020725,2650000.0
dykstle01,Unknown dykstle01,1995,PHI,62,254,67,33,0.2637795275590551,0.3527397260273973,6200000.0
dykstle01,Unknown dykstle01,1996,PHI,40,134,35,26,0.26119402985074625,0.38650306748466257,6200000.0
easleda01,Unknown easleda01,1993,CAL,73,230,72,28,0.3130434782608696,0.3916349809885932,112500.0
easleda01,Unknown easleda01,1994,CAL,88,316,68,29,0.21518987341772153,0.28774928774928776,170000.0
easleda01,Unknown easleda01,1995,CAL,114,357,77,32,0.21568627450980393,0.2882205513784461,230000.0
easleda01,Unknown easleda01,1997,DET,151,527,139,68,0.2637571157495256,0.362012987012987,675000.0
easleda01,Unknown easleda01,1998,DET,153,594,161,39,0.27104377104377103,0.3317972350230415,2050000.0
easleda01,Unknown easleda01,1999,DET,151,549,146,51,0.2659380692167577,0.3456,3350000.0
easleda01,Unknown easleda01,2000,DET,126,464,120,55,0.25862068965517243,0.3502824858757062,3950000.0
easleda01,Unknown easleda01,2001,DET,154,585,146,52,0.24957264957264957,0.32262996941896027,5075000.0
easleda01,Unknown easleda01,2002,DET,85,304,68,27,0.2236842105263158,0.3072463768115942,6250000.0
easleda01,Unknown easleda01,2004,FLO,98,223,53,24,0.23766816143497757,0.33073929961089493,300000.0
easleda01,Unknown easleda01,2005,FLO,102,267,64,26,0.2397003745318352,0.3122923588039867,750000.0
easleda01,Unknown easleda01,2006,ARI,90,189,44,21,0.2328042328042328,0.3225806451612903,700000.0
easleda01,Unknown easleda01,2007,NYN,76,193,54,19,0.27979274611398963,0.3577981651376147,850000.0
easleda01,Unknown easleda01,2008,NYN,113,316,85,19,0.2689873417721519,0.3217391304347826,950000.0
echevan01,Unknown echevan01,1999,COL,102,191,56,17,0.2931937172774869,0.36018957345971564,220000.0
echevan01,Unknown echevan01,2001,MIL,75,133,34,8,0.2556390977443609,0.3103448275862069,280000.0
eckstda01,Unknown eckstda01,2001,ANA,153,582,166,43,0.2852233676975945,0.3549382716049383,200000.0
eckstda01,Unknown eckstda01,2002,ANA,152,608,178,45,0.29276315789473684,0.3633720930232558,280000.0
eckstda01,Unknown eckstda01,2003,ANA,120,452,114,36,0.252212389380531,0.3254437869822485,425000.0
eckstda01,Unknown eckstda01,2004,ANA,142,566,156,42,0.2756183745583039,0.33868378812199035,2150000.0
eckstda01,Unknown eckstda01,2005,SLN,158,630,185,58,0.29365079365079366,0.36312056737588655,2333333.0
eckstda01,Unknown eckstda01,2006,SLN,123,500,146,31,0.292,0.34972677595628415,3333333.0
eckstda01,Unknown eckstda01,2007,SLN,117,434,134,24,0.3087557603686636,0.35639412997903563,4583333.0
eckstda01,Unknown eckstda01,2008,TOR,76,260,72,24,0.27692307692307694,0.35374149659863946,4500000.0
eckstda01,Unknown eckstda01,2009,SDN,136,503,131,39,0.26043737574552683,0.3225225225225225,850000.0
eckstda01,Unknown eckstda01,2010,SDN,116,442,118,27,0.2669683257918552,0.32083333333333336,1000000.0
edmonji01,Unknown edmonji01,1994,CAL,94,289,79,30,0.27335640138408307,0.3426791277258567,117500.0
edmonji01,Unknown edmonji01,1995,CAL,141,558,162,51,0.2903225806451613,0.35218093699515346,167500.0
edmonji01,Unknown edmonji01,1996,CAL,114,431,131,46,0.3039443155452436,0.3747412008281574,625000.0
edmonji01,Unknown edmonji01,1997,ANA,133,502,146,60,0.2908366533864542,0.36777583187390545,2025000.0
edmonji01,Unknown edmonji01,1998,ANA,154,599,184,57,0.3071786310517529,0.3677811550151976,3175000.0
edmonji01,Unknown edmonji01,1999,ANA,55,204,51,28,0.25,0.33905579399141633,3550000.0
edmonji01,Unknown edmonji01,2000,SLN,152,525,155,103,0.29523809523809524,0.411214953271028,4500000.0
edmonji01,Unknown edmonji01,2001,SLN,150,500,152,93,0.304,0.4102141680395387,6333333.0
edmonji01,Unknown edmonji01,2002,SLN,144,476,148,86,0.31092436974789917,0.4201388888888889,7333333.0
edmonji01,Unknown edmonji01,2003,SLN,137,447,123,77,0.2751677852348993,0.3849056603773585,8333333.0
edmonji01,Unknown edmonji01,2004,SLN,153,498,150,101,0.30120481927710846,0.41830065359477125,9333333.0
edmonji01,Unknown edmonji01,2005,SLN,142,467,123,91,0.2633832976445396,0.38515901060070673,10333333.0
edmonji01,Unknown edmonji01,2006,SLN,110,350,90,53,0.2571428571428571,0.35049019607843135,12074702.0
edmonji01,Unknown edmonji01,2007,SLN,117,365,92,41,0.25205479452054796,0.3251833740831296,9562540.0
edmonji01,Unknown edmonji01,2010,MIL,73,217,62,21,0.2857142857142857,0.35,850000.0
eisenji01,Unknown eisenji01,1990,KCA,142,496,139,42,0.28024193548387094,0.3351749539594843,475000.0
eisenji01,Unknown eisenji01,1991,KCA,135,375,113,20,0.30133333333333334,0.3333333333333333,950000.0
eisenji01,Unknown eisenji01,1992,KCA,113,353,95,24,0.26912181303116145,0.3131578947368421,1650000.0
eisenji01,Unknown eisenji01,1993,PHI,153,362,115,26,0.31767955801104975,0.3631713554987212,675000.0
eisenji01,Unknown eisenji01,1994,PHI,104,290,87,33,0.3,0.37116564417177916,1225000.0
eisenji01,Unknown eisenji01,1995,PHI,129,377,119,38,0.3156498673740053,0.3752969121140142,1369445.0
eisenji01,Unknown eisenji01,1996,PHI,113,338,122,31,0.3609467455621302,0.4128686327077748,1200000.0
eisenji01,Unknown eisenji01,1997,FLO,120,293,82,30,0.27986348122866894,0.3445121951219512,1400000.0
ellisja01,Unknown ellisja01,2005,SFN,131,352,93,24,0.26420454545454547,0.3157894736842105,316500.0
ellisma01,Unknown ellisma01,2003,OAK,154,553,137,48,0.24773960216998192,0.3132137030995106,307500.0
ellisma01,Unknown ellisma01,2005,OAK,122,434,137,44,0.315668202764977,0.38381742738589214,400000.0
ellisma01,Unknown ellisma01,2006,OAK,124,441,110,40,0.2494331065759637,0.3185483870967742,2250000.0
ellisma01,Unknown ellisma01,2007,OAK,150,583,161,44,0.27615780445969124,0.3359375,3500000.0
ellisma01,Unknown ellisma01,2008,OAK,117,442,103,53,0.2330316742081448,0.3207171314741036,5000000.0
ellisma01,Unknown ellisma01,2009,OAK,105,377,99,23,0.2625994694960212,0.3046683046683047,5000000.0
ellisma01,Unknown ellisma01,2010,OAK,124,436,127,40,0.29128440366972475,0.35787321063394684,5500000.0
ellsbja01,Unknown ellsbja01,2008,BOS,145,554,155,41,0.27978339350180503,0.33553719008264465,406000.0
ellsbja01,Unknown ellsbja01,2009,BOS,153,624,188,49,0.30128205128205127,0.35474452554744523,449500.0
elsteke01,Unknown elsteke01,1990,NYN,92,314,65,30,0.2070063694267516,0.27350427350427353,260000.0
elsteke01,Unknown elsteke01,1991,NYN,115,348,84,40,0.2413793103448276,0.31806615776081426,625000.0
elsteke01,Unknown elsteke01,1996,TEX,157,515,130,52,0.2524271844660194,0.31724137931034485,270000.0
elsteke01,Unknown elsteke01,1997,PIT,39,138,31,21,0.2246376811594203,0.3271604938271605,1650000.0
elsteke01,Unknown elsteke01,1998,TEX,84,297,69,33,0.23232323232323232,0.31137724550898205,1500000.0
elsteke01,Unknown elsteke01,2000,LAN,80,220,50,38,0.22727272727272727,0.34108527131782945,300000.0
encaran01,Unknown encaran01,1995,PIT,58,159,36,13,0.22641509433962265,0.28488372093023256,109000.0
encared01,Unknown encared01,2006,CIN,117,406,112,41,0.27586206896551724,0.35853131749460043,332500.0
encared01,Unknown encared01,2007,CIN,139,502,145,39,0.28884462151394424,0.35611510791366907,407500.0
encared01,Unknown encared01,2008,CIN,146,506,127,61,0.2509881422924901,0.3402061855670103,450000.0
encared01,Unknown encared01,2009,CIN,43,139,29,24,0.20863309352517986,0.3333333333333333,2425000.0
encared01,Unknown encared01,2010,TOR,96,332,81,29,0.24397590361445784,0.30517711171662126,5175000.0
encarju01,Unknown encarju01,1998,DET,40,164,54,7,0.32926829268292684,0.35428571428571426,170000.0
encarju01,Unknown encarju01,1999,DET,132,509,130,14,0.2554027504911591,0.28651685393258425,233000.0
encarju01,Unknown encarju01,2000,DET,141,547,158,29,0.28884826325411334,0.33049403747870526,325000.0
encarju01,Unknown encarju01,2001,DET,120,417,101,25,0.2422062350119904,0.2920353982300885,4400000.0
encarju01,Unknown encarju01,2002,CIN,83,321,89,26,0.2772585669781931,0.33048433048433046,1550000.0
encarju01,Unknown encarju01,2003,FLO,156,601,162,37,0.26955074875207985,0.3132716049382716,3450000.0
encarju01,Unknown encarju01,2004,LAN,86,324,76,21,0.2345679012345679,0.2885714285714286,3565000.0
encarju01,Unknown encarju01,2005,FLO,141,506,145,41,0.2865612648221344,0.3488372093023256,4435000.0
encarju01,Unknown encarju01,2006,SLN,153,557,155,30,0.27827648114901254,0.3165829145728643,3500000.0
encarju01,Unknown encarju01,2007,SLN,78,283,80,18,0.2826855123674912,0.3235294117647059,5000000.0
ensbemo01,Unknown ensbemo01,2002,HOU,49,132,32,18,0.24242424242424243,0.3464052287581699,200000.0
ensbemo01,Unknown ensbemo01,2003,HOU,127,385,112,48,0.2909090909090909,0.37727272727272726,300000.0
ensbemo01,Unknown ensbemo01,2004,HOU,131,411,113,36,0.2749391727493917,0.3303769401330377,380000.0
ensbemo01,Unknown ensbemo01,2005,HOU,150,526,149,85,0.2832699619771863,0.38782051282051283,450000.0
ensbemo01,Unknown ensbemo01,2006,HOU,127,387,91,101,0.2351421188630491,0.39595959595959596,3800000.0
ensbemo01,Unknown ensbemo01,2007,HOU,85,224,52,31,0.23214285714285715,0.3229571984435798,4350000.0
erstada01,Unknown erstada01,1997,ANA,139,539,161,51,0.2987012987012987,0.36,175000.0
erstada01,Unknown erstada01,1998,ANA,133,537,159,43,0.29608938547486036,0.3531409168081494,550000.0
erstada01,Unknown erstada01,1999,ANA,142,585,148,47,0.252991452991453,0.3081761006289308,800000.0
erstada01,Unknown erstada01,2000,ANA,157,676,240,64,0.35502958579881655,0.40939597315436244,2500000.0
erstada01,Unknown erstada01,2001,ANA,157,631,163,62,0.2583201267828843,0.33098591549295775,3450000.0
erstada01,Unknown erstada01,2002,ANA,150,625,177,27,0.2832,0.3130699088145897,6250000.0
erstada01,Unknown erstada01,2003,ANA,67,258,65,18,0.25193798449612403,0.30851063829787234,7250000.0
erstada01,Unknown erstada01,2004,ANA,125,495,146,37,0.29494949494949496,0.34629629629629627,7750000.0
erstada01,Unknown erstada01,2005,LAA,153,609,166,47,0.27257799671592775,0.32473444613050073,8250000.0
erstada01,Unknown erstada01,2007,CHA,87,310,77,28,0.24838709677419354,0.30973451327433627,750000.0
erstada01,Unknown erstada01,2008,HOU,140,322,89,14,0.27639751552795033,0.3088235294117647,1000000.0
erstada01,Unknown erstada01,2009,HOU,107,134,26,14,0.19402985074626866,0.2684563758389262,1750000.0
escalfe01,Unknown escalfe01,2002,TBA,59,157,34,3,0.21656050955414013,0.2619047619047619,200000.0
escobal01,Unknown escobal01,2004,CLE,46,152,32,23,0.21052631578947367,0.3181818181818182,302200.0
escobal02,Unknown escobal02,2010,MIL,145,506,119,36,0.23517786561264822,0.28832116788321166,405500.0
escobyu01,Unknown escobyu01,2008,ATL,136,514,148,59,0.28793774319066145,0.36551724137931035,402500.0
escobyu01,Unknown escobyu01,2009,ATL,141,528,158,57,0.29924242424242425,0.3768844221105528,425000.0
escobyu01,Unknown escobyu01,2010,ATL,75,261,62,37,0.23754789272030652,0.33444816053511706,435000.0
espinal01,Unknown espinal01,1990,NYA,150,438,98,16,0.2237442922374429,0.25813449023861174,256000.0
espinal01,Unknown espinal01,1991,NYA,148,480,123,16,0.25625,0.282,650000.0
espinal01,Unknown espinal01,1993,CLE,129,263,73,8,0.27756653992395436,0.29818181818181816,500000.0
espinal01,Unknown espinal01,1994,CLE,90,231,55,6,0.23809523809523808,0.25833333333333336,475000.0
espinal01,Unknown espinal01,1995,CLE,66,143,36,2,0.2517482517482518,0.2635135135135135,450000.0
espinal01,Unknown espinal01,1996,CLE,59,112,25,6,0.22321428571428573,0.2786885245901639,400000.0
espyce01,Unknown espyce01,1992,PIT,112,194,50,15,0.25773195876288657,0.30952380952380953,250000.0
estalbo02,Unknown estalbo02,1998,PHI,47,165,31,13,0.18787878787878787,0.24725274725274726,170000.0
estalbo02,Unknown estalbo02,2000,SFN,106,299,70,57,0.23411371237458195,0.3573407202216066,210000.0
estalbo02,Unknown estalbo02,2003,COL,46,140,28,19,0.2,0.294478527607362,500000.0
estrajo01,Unknown estrajo01,2004,ATL,134,462,145,39,0.31385281385281383,0.37790697674418605,312500.0
estrajo01,Unknown estrajo01,2005,ATL,105,357,93,20,0.2605042016806723,0.3028720626631854,460000.0
estrajo01,Unknown estrajo01,2006,ARI,115,414,125,13,0.30193236714975846,0.32805429864253394,2000000.0
estrajo01,Unknown estrajo01,2007,MIL,120,442,123,12,0.27828054298642535,0.2958963282937365,3400000.0
ethiean01,Unknown ethiean01,2007,LAN,153,447,127,46,0.2841163310961969,0.3504950495049505,387500.0
ethiean01,Unknown ethiean01,2008,LAN,141,525,160,59,0.3047619047619048,0.37478991596638656,424500.0
ethiean01,Unknown ethiean01,2009,LAN,160,596,162,72,0.27181208053691275,0.3605839416058394,3100000.0
ethiean01,Unknown ethiean01,2010,LAN,139,517,151,59,0.29206963249516443,0.3641025641025641,5750000.0
eusebto01,Unknown eusebto01,1994,HOU,55,159,47,8,0.29559748427672955,0.31976744186046513,121500.0
eusebto01,Unknown eusebto01,1995,HOU,113,368,110,31,0.29891304347826086,0.3538083538083538,160000.0
eusebto01,Unknown eusebto01,1996,HOU,58,152,41,18,0.26973684210526316,0.3430232558139535,300000.0
eusebto01,Unknown eusebto01,1997,HOU,60,164,45,19,0.27439024390243905,0.36363636363636365,650000.0
eusebto01,Unknown eusebto01,1998,HOU,66,182,46,18,0.25274725274725274,0.32019704433497537,725000.0
eusebto01,Unknown eusebto01,1999,HOU,103,323,88,40,0.2724458204334365,0.3526170798898072,900000.0
eusebto01,Unknown eusebto01,2000,HOU,74,218,61,25,0.2798165137614679,0.3614457831325301,1100000.0
eusebto01,Unknown eusebto01,2001,HOU,59,154,39,17,0.2532467532467532,0.3390804597701149,1300000.0
evansdw01,Unknown evansdw01,1990,BOS,123,445,111,67,0.24943820224719102,0.3486590038314176,1500000.0
evansdw01,Unknown evansdw01,1991,BAL,101,270,73,54,0.27037037037037037,0.3932926829268293,800000.0
everead01,Unknown everead01,2004,HOU,104,384,105,17,0.2734375,0.3171912832929782,370000.0
everead01,Unknown everead01,2005,HOU,152,549,136,26,0.24772313296903462,0.28960817717206133,445000.0
everead01,Unknown everead01,2006,HOU,150,514,123,34,0.23929961089494164,0.289568345323741,1900000.0
everead01,Unknown everead01,2007,HOU,66,220,51,14,0.2318181818181818,0.28085106382978725,2800000.0
everead01,Unknown everead01,2008,MIN,48,127,27,12,0.2125984251968504,0.2777777777777778,2800000.0
everead01,Unknown everead01,2009,DET,118,345,82,22,0.23768115942028986,0.288,1000000.0
evereca01,Unknown evereca01,1995,NYN,79,289,75,39,0.25951557093425603,0.3515151515151515,125000.0
evereca01,Unknown evereca01,1996,NYN,101,192,46,21,0.23958333333333334,0.3256880733944954,178000.0
evereca01,Unknown evereca01,1997,NYN,142,443,110,32,0.24830699774266365,0.30785123966942146,205000.0
evereca01,Unknown evereca01,1998,HOU,133,467,138,44,0.2955032119914347,0.35852713178294576,1075000.0
evereca01,Unknown evereca01,1999,HOU,123,464,151,50,0.3254310344827586,0.3977485928705441,2500000.0
evereca01,Unknown evereca01,2000,BOS,137,496,149,52,0.3004032258064516,0.37254901960784315,5000333.0
evereca01,Unknown evereca01,2001,BOS,102,409,105,27,0.2567237163814181,0.32293986636971045,7333333.0
evereca01,Unknown evereca01,2002,TEX,105,374,100,33,0.26737967914438504,0.3333333333333333,8666666.0
evereca01,Unknown evereca01,2003,TEX,74,270,74,31,0.2740740740740741,0.3559870550161812,9150000.0
evereca01,Unknown evereca01,2004,MON,39,127,32,8,0.25196850393700787,0.3191489361702128,3000000.0
evereca01,Unknown evereca01,2005,CHA,135,490,123,42,0.2510204081632653,0.31078610603290674,4000000.0
evereca01,Unknown evereca01,2006,SEA,92,308,70,29,0.22727272727272727,0.29737609329446063,3400000.0
fabrejo01,Unknown fabrejo01,1994,CAL,43,127,36,7,0.28346456692913385,0.3208955223880597,109000.0
fabrejo01,Unknown fabrejo01,1995,CAL,73,227,56,17,0.24669603524229075,0.2979591836734694,111500.0
fabrejo01,Unknown fabrejo01,1996,CAL,90,254,73,17,0.2874015748031496,0.32608695652173914,175000.0
fabrejo01,Unknown fabrejo01,1998,ARI,50,151,30,13,0.1986754966887417,0.2634730538922156,1050000.0
fabrejo01,Unknown fabrejo01,1999,FLO,82,223,46,26,0.2062780269058296,0.2890625,1850000.0
fabrejo01,Unknown fabrejo01,2001,ANA,53,148,33,3,0.22297297297297297,0.23529411764705882,500000.0
faheybr01,Unknown faheybr01,2008,BAL,58,106,24,3,0.22641509433962265,0.25225225225225223,390000.0
fariepa01,Unknown fariepa01,1991,SDN,57,130,23,14,0.17692307692307693,0.2620689655172414,100000.0
farismo01,Unknown farismo01,1992,TEX,67,166,36,17,0.21686746987951808,0.2972972972972973,109000.0
fasansa01,Unknown fasansa01,1996,KCA,51,143,29,14,0.20279720279720279,0.2830188679245283,109000.0
fasansa01,Unknown fasansa01,1998,KCA,74,216,49,10,0.22685185185185186,0.3073770491803279,175000.0
fasansa01,Unknown fasansa01,2000,OAK,52,126,27,14,0.21428571428571427,0.3055555555555556,240000.0
fasansa01,Unknown fasansa01,2006,PHI,50,140,34,5,0.24285714285714285,0.28378378378378377,425000.0
febleca01,Unknown febleca01,1999,KCA,123,453,116,47,0.2560706401766004,0.3359375,200000.0
febleca01,Unknown febleca01,2000,KCA,100,339,87,36,0.25663716814159293,0.344559585492228,250000.0
febleca01,Unknown febleca01,2001,KCA,79,292,69,22,0.2363013698630137,0.2911392405063291,310000.0
febleca01,Unknown febleca01,2002,KCA,119,351,86,41,0.245014245014245,0.3358395989974937,775000.0
febleca01,Unknown febleca01,2003,KCA,74,196,46,13,0.23469387755102042,0.29906542056074764,775000.0
feldemi01,Unknown feldemi01,1990,ML4,121,237,65,22,0.2742616033755274,0.32954545454545453,260000.0
feldemi01,Unknown feldemi01,1992,SFN,145,322,92,21,0.2857142857142857,0.33045977011494254,650000.0
feldemi01,Unknown feldemi01,1993,SEA,109,342,72,22,0.21052631578947367,0.2615803814713896,850000.0
feldemi01,Unknown feldemi01,1994,HOU,58,117,28,4,0.23931623931623933,0.2644628099173554,850000.0
felixju01,Unknown felixju01,1990,TOR,127,463,122,45,0.2634989200863931,0.32815533980582523,155000.0
felixju01,Unknown felixju01,1991,CAL,66,230,65,11,0.2826086956521739,0.32113821138211385,310000.0
felixju01,Unknown felixju01,1992,CAL,139,509,125,33,0.2455795677799607,0.28933092224231466,640000.0
felixju01,Unknown felixju01,1993,FLO,57,214,51,10,0.2383177570093458,0.27555555555555555,1250000.0
felixju01,Unknown felixju01,1994,DET,86,301,92,26,0.30564784053156147,0.37168141592920356,350000.0
felizpe01,Unknown felizpe01,2001,SFN,94,220,50,10,0.22727272727272727,0.26382978723404255,201000.0
felizpe01,Unknown felizpe01,2002,SFN,67,146,37,6,0.2534246575342466,0.28104575163398693,222000.0
felizpe01,Unknown felizpe01,2003,SFN,95,235,58,10,0.24680851063829787,0.2782258064516129,325000.0
felizpe01,Unknown felizpe01,2004,SFN,144,503,139,23,0.27634194831013914,0.3050847457627119,850000.0
felizpe01,Unknown felizpe01,2005,SFN,156,569,142,38,0.24956063268892795,0.2947882736156352,2325000.0
felizpe01,Unknown felizpe01,2006,SFN,160,603,147,33,0.24378109452736318,0.28149300155520995,4000000.0
felizpe01,Unknown felizpe01,2007,SFN,150,557,141,29,0.25314183123877915,0.28983050847457625,5100000.0
felizpe01,Unknown felizpe01,2008,PHI,133,425,106,33,0.24941176470588236,0.30217391304347824,3000000.0
felizpe01,Unknown felizpe01,2009,PHI,158,580,154,35,0.2655172413793103,0.30818619582664525,5000000.0
felizpe01,Unknown felizpe01,2010,HOU,97,289,64,9,0.22145328719723184,0.24342105263157895,4500000.0
fermife01,Unknown fermife01,1990,CLE,148,414,106,26,0.2560386473429952,0.2966292134831461,190000.0
fermife01,Unknown fermife01,1991,CLE,129,424,111,26,0.2617924528301887,0.30701754385964913,575000.0
fermife01,Unknown fermife01,1992,CLE,79,215,58,18,0.26976744186046514,0.326271186440678,950000.0
fermife01,Unknown fermife01,1993,CLE,140,480,126,24,0.2625,0.3025540275049116,975000.0
fermife01,Unknown fermife01,1994,SEA,101,379,120,11,0.316622691292876,0.3383458646616541,1000000.0
fermife01,Unknown fermife01,1995,SEA,73,200,39,6,0.195,0.23222748815165878,900000.0
fernato01,Unknown fernato01,1990,TOR,161,635,175,71,0.2755905511811024,0.3518776077885953,1500000.0
fernato01,Unknown fernato01,1991,SDN,145,558,152,55,0.2724014336917563,0.33713355048859933,2100000.0
fernato01,Unknown fernato01,1992,SDN,155,622,171,56,0.27491961414790994,0.3372262773722628,2100000.0
fernato01,Unknown fernato01,1993,NYN,48,173,39,25,0.2254335260115607,0.32338308457711445,2300000.0
fernato01,Unknown fernato01,1994,CIN,104,366,102,44,0.2786885245901639,0.361244019138756,787500.0
fernato01,Unknown fernato01,1995,NYA,108,384,94,42,0.24479166666666666,0.3218390804597701,1633335.0
fernato01,Unknown fernato01,1997,CLE,120,409,117,22,0.2860635696821516,0.32339449541284404,1550000.0
fernato01,Unknown fernato01,1998,TOR,138,486,156,45,0.32098765432098764,0.38686131386861317,2000000.0
fernato01,Unknown fernato01,1999,TOR,142,485,159,77,0.32783505154639175,0.4270833333333333,2250000.0
fickro01,Unknown fickro01,2000,DET,66,163,41,22,0.25153374233128833,0.3404255319148936,200000.0
fickro01,Unknown fickro01,2001,DET,124,401,109,39,0.2718204488778055,0.3392857142857143,255000.0
fickro01,Unknown fickro01,2002,DET,148,556,150,46,0.2697841726618705,0.3306188925081433,1150000.0
fickro01,Unknown fickro01,2003,ATL,126,409,110,42,0.26894865525672373,0.3347826086956522,1000000.0
fickro01,Unknown fickro01,2004,TBA,76,214,43,20,0.20093457943925233,0.27310924369747897,800000.0
fickro01,Unknown fickro01,2006,WAS,60,128,34,10,0.265625,0.3237410071942446,850000.0
fickro01,Unknown fickro01,2007,WAS,118,197,46,19,0.233502538071066,0.3090909090909091,850000.0
fieldce01,Unknown fieldce01,1990,DET,159,573,159,90,0.2774869109947644,0.3774145616641902,1250000.0
fieldce01,Unknown fieldce01,1991,DET,162,624,163,78,0.26121794871794873,0.34691011235955055,1750000.0
fieldce01,Unknown fieldce01,1992,DET,155,594,145,73,0.2441077441077441,0.3254437869822485,4500000.0
fieldce01,Unknown fieldce01,1993,DET,154,573,153,90,0.2670157068062827,0.36755952380952384,4262500.0
fieldce01,Unknown fieldce01,1994,DET,109,425,110,50,0.25882352941176473,0.3367983367983368,4237500.0
fieldce01,Unknown fieldce01,1995,DET,136,494,120,75,0.242914979757085,0.3460207612456747,9237500.0
fieldce01,Unknown fieldce01,1996,DET,107,391,97,63,0.24808184143222506,0.35434782608695653,9237500.0
fieldce01,Unknown fieldce01,1997,NYA,98,361,94,51,0.26038781163434904,0.35764705882352943,9237500.0
fieldce01,Unknown fieldce01,1998,ANA,103,381,92,52,0.24146981627296588,0.3348519362186788,2800000.0
fieldjo02,Unknown fieldjo02,2009,CHA,79,239,53,25,0.2217573221757322,0.3007518796992481,410000.0
fieldpr01,Unknown fieldpr01,2006,MIL,157,569,154,59,0.27065026362038663,0.3472222222222222,329500.0
fieldpr01,Unknown fieldpr01,2007,MIL,158,573,165,90,0.2879581151832461,0.39500734214390604,415000.0
fieldpr01,Unknown fieldpr01,2008,MIL,159,588,162,84,0.2755102040816326,0.37175792507204614,670000.0
fieldpr01,Unknown fieldpr01,2009,MIL,162,591,177,110,0.29949238578680204,0.41168289290681503,7000000.0
fieldpr01,Unknown fieldpr01,2010,MIL,161,578,151,114,0.26124567474048443,0.4005602240896359,11000000.0
figgich01,Unknown figgich01,2004,ANA,148,577,171,49,0.29636048526863085,0.3503184713375796,320000.0
figgich01,Unknown figgich01,2005,LAA,158,642,186,64,0.2897196261682243,0.35161744022503516,390000.0
figgich01,Unknown figgich01,2006,LAA,155,604,161,65,0.26655629139072845,0.336283185840708,2250000.0
figgich01,Unknown figgich01,2007,LAA,115,442,146,51,0.33031674208144796,0.3932135728542914,3500000.0
figgich01,Unknown figgich01,2008,LAA,116,453,125,62,0.27593818984547464,0.3667953667953668,4750000.0
figgich01,Unknown figgich01,2009,LAA,158,615,183,101,0.2975609756097561,0.39528432732316227,5775000.0
figgich01,Unknown figgich01,2010,SEA,161,602,156,74,0.2591362126245847,0.34014598540145985,8500000.0
finlest01,Unknown finlest01,1990,BAL,142,464,119,32,0.25646551724137934,0.30417495029821073,120000.0
finlest01,Unknown finlest01,1991,HOU,159,596,170,42,0.28523489932885904,0.33126934984520123,280000.0
finlest01,Unknown finlest01,1992,HOU,162,607,177,58,0.2915980230642504,0.35522388059701493,1210000.0
finlest01,Unknown finlest01,1993,HOU,142,545,145,28,0.26605504587155965,0.30397236614853196,2900000.0
finlest01,Unknown finlest01,1994,HOU,94,373,103,28,0.2761394101876676,0.3292079207920792,3050000.0
finlest01,Unknown finlest01,1995,SDN,139,562,167,59,0.297153024911032,0.365814696485623,4500000.0
finlest01,Unknown finlest01,1996,SDN,161,655,195,56,0.29770992366412213,0.3541666666666667,2886672.0
finlest01,Unknown finlest01,1997,SDN,143,560,146,43,0.26071428571428573,0.3132137030995106,2986672.0
finlest01,Unknown finlest01,1998,SDN,159,619,154,45,0.24878836833602586,0.30104321907600595,3400000.0
finlest01,Unknown finlest01,1999,ARI,156,590,156,63,0.26440677966101694,0.3358547655068079,5375000.0
finlest01,Unknown finlest01,2000,ARI,152,539,151,65,0.28014842300556586,0.3607085346215781,5375000.0
finlest01,Unknown finlest01,2001,ARI,140,495,136,47,0.27474747474747474,0.336996336996337,5375000.0
finlest01,Unknown finlest01,2002,ARI,150,505,145,65,0.2871287128712871,0.3697916666666667,5375000.0
finlest01,Unknown finlest01,2003,ARI,147,516,148,57,0.2868217054263566,0.36254295532646047,4250000.0
finlest01,Unknown finlest01,2004,ARI,104,404,111,40,0.2747524752475248,0.3377777777777778,7000000.0
finlest01,Unknown finlest01,2005,LAA,112,406,90,26,0.22167487684729065,0.27107061503416857,6000000.0
finlest01,Unknown finlest01,2006,SFN,139,426,105,46,0.24647887323943662,0.3200836820083682,7000000.0
fiskca01,Unknown fiskca01,1990,CHA,137,452,129,61,0.2853982300884956,0.3781190019193858,1750000.0
fiskca01,Unknown fiskca01,1991,CHA,134,460,111,32,0.24130434782608695,0.2994011976047904,1250000.0
fiskca01,Unknown fiskca01,1992,CHA,62,188,43,23,0.22872340425531915,0.3130841121495327,1000000.0
fitzgmi02,Unknown fitzgmi02,1990,MON,111,313,76,60,0.24281150159744408,0.36507936507936506,525000.0
fitzgmi02,Unknown fitzgmi02,1991,MON,71,198,40,22,0.20202020202020202,0.27802690582959644,700000.0
fitzgmi02,Unknown fitzgmi02,1992,CAL,95,189,40,22,0.21164021164021163,0.2938388625592417,350000.0
flahejo01,Unknown flahejo01,1995,DET,112,354,86,18,0.24293785310734464,0.2838196286472148,172500.0
flahejo01,Unknown flahejo01,1996,DET,47,152,38,8,0.25,0.29012345679012347,275000.0
flahejo01,Unknown flahejo01,1997,SDN,129,439,120,33,0.2733485193621868,0.3227848101265823,900000.0
flahejo01,Unknown flahejo01,1998,TBA,91,304,63,22,0.20723684210526316,0.2606060606060606,1600000.0
flahejo01,Unknown flahejo01,1999,TBA,117,446,124,19,0.27802690582959644,0.3097713097713098,1280000.0
flahejo01,Unknown flahejo01,2000,TBA,109,394,103,20,0.2614213197969543,0.2956730769230769,2947410.0
flahejo01,Unknown flahejo01,2001,TBA,78,248,59,10,0.23790322580645162,0.2692307692307692,3000000.0
flahejo01,Unknown flahejo01,2002,TBA,76,281,73,15,0.2597864768683274,0.2956810631229236,3250000.0
flahejo01,Unknown flahejo01,2003,NYA,40,105,28,4,0.26666666666666666,0.2972972972972973,750000.0
flahejo01,Unknown flahejo01,2004,NYA,47,127,32,5,0.25196850393700787,0.2857142857142857,775000.0
flahejo01,Unknown flahejo01,2005,NYA,47,127,21,6,0.16535433070866143,0.20588235294117646,800000.0
fletcda01,Unknown fletcda01,1992,MON,83,222,54,14,0.24324324324324326,0.2892561983471074,125000.0
fletcda01,Unknown fletcda01,1993,MON,133,396,101,34,0.255050505050505,0.32045454545454544,170000.0
fletcda01,Unknown fletcda01,1994,MON,94,285,74,25,0.2596491228070175,0.31384615384615383,615000.0
fletcda01,Unknown fletcda01,1995,MON,110,350,100,32,0.2857142857142857,0.35051546391752575,900000.0
fletcda01,Unknown fletcda01,1996,MON,127,394,105,27,0.26649746192893403,0.3209302325581395,1125000.0
fletcda01,Unknown fletcda01,1997,MON,96,310,86,17,0.27741935483870966,0.32335329341317365,1350000.0
fletcda01,Unknown fletcda01,1998,TOR,124,407,115,25,0.28255528255528256,0.32808988764044944,1475000.0
fletcda01,Unknown fletcda01,1999,TOR,115,412,120,26,0.2912621359223301,0.3392857142857143,2625000.0
fletcda01,Unknown fletcda01,2000,TOR,122,416,133,20,0.31971153846153844,0.3550561797752809,2500000.0
fletcda01,Unknown fletcda01,2001,TOR,134,416,94,24,0.22596153846153846,0.2743362831858407,3525000.0
fletcda01,Unknown fletcda01,2002,TOR,45,127,28,4,0.2204724409448819,0.23880597014925373,3825000.0
fletcsc01,Unknown fletcsc01,1990,CHA,151,509,123,45,0.24165029469548133,0.304270462633452,1000000.0
fletcsc01,Unknown fletcsc01,1991,CHA,90,248,51,17,0.2056451612903226,0.26199261992619927,1300000.0
fletcsc01,Unknown fletcsc01,1992,ML4,123,386,106,30,0.27461139896373055,0.33489461358313816,300000.0
fletcsc01,Unknown fletcsc01,1993,BOS,121,480,137,37,0.28541666666666665,0.34095238095238095,825000.0
fletcsc01,Unknown fletcsc01,1994,BOS,63,185,42,16,0.22702702702702704,0.2955665024630542,500000.0
fletcsc01,Unknown fletcsc01,1995,DET,67,182,42,19,0.23076923076923078,0.3121951219512195,250000.0
floreje02,Unknown floreje02,2007,WAS,79,180,44,14,0.24444444444444444,0.3096446700507614,380000.0
floreje02,Unknown floreje02,2008,WAS,90,301,77,15,0.2558139534883721,0.2962962962962963,400000.0
floydcl01,Unknown floydcl01,1994,MON,100,334,94,24,0.281437125748503,0.3324175824175824,109500.0
floydcl01,Unknown floydcl01,1996,MON,117,227,55,30,0.2422907488986784,0.33962264150943394,150000.0
floydcl01,Unknown floydcl01,1997,FLO,61,137,32,24,0.23357664233576642,0.35365853658536583,390000.0
floydcl01,Unknown floydcl01,1998,FLO,153,588,166,47,0.282312925170068,0.3369734789391576,500000.0
floydcl01,Unknown floydcl01,1999,FLO,69,251,76,30,0.30278884462151395,0.37894736842105264,2500000.0
floydcl01,Unknown floydcl01,2000,FLO,121,420,126,50,0.3,0.37782340862423,4500000.0
floydcl01,Unknown floydcl01,2001,FLO,149,555,176,59,0.3171171171171171,0.38950715421303655,5500000.0
floydcl01,Unknown floydcl01,2002,FLO,84,296,85,58,0.28716216216216217,0.4143646408839779,6500000.0
floydcl01,Unknown floydcl01,2003,NYN,108,365,106,51,0.29041095890410956,0.3764705882352941,6500000.0
floydcl01,Unknown floydcl01,2004,NYN,113,396,103,47,0.2601010101010101,0.3522975929978118,6500000.0
floydcl01,Unknown floydcl01,2005,NYN,150,550,150,63,0.2727272727272727,0.35782747603833864,6616856.0
floydcl01,Unknown floydcl01,2006,NYN,97,332,81,29,0.24397590361445784,0.324468085106383,6616856.0
floydcl01,Unknown floydcl01,2007,CHN,108,282,80,35,0.28368794326241137,0.37267080745341613,3000000.0
floydcl01,Unknown floydcl01,2008,TBA,80,246,66,28,0.2682926829268293,0.3485915492957746,2750000.0
foleyto02,Unknown foleyto02,1990,MON,73,164,35,12,0.21341463414634146,0.2655367231638418,335000.0
foleyto02,Unknown foleyto02,1992,MON,72,115,20,8,0.17391304347826086,0.23015873015873015,365000.0
foleyto02,Unknown foleyto02,1993,PIT,86,194,49,11,0.25257731958762886,0.28708133971291866,360000.0
foleyto02,Unknown foleyto02,1994,PIT,59,123,29,13,0.23577235772357724,0.30656934306569344,400000.0
fontemi01,Unknown fontemi01,2008,CHN,119,243,74,34,0.3045267489711934,0.39501779359430605,405000.0
fontemi01,Unknown fontemi01,2009,CHN,135,377,89,35,0.23607427055702918,0.30071599045346065,430000.0
fontemi01,Unknown fontemi01,2010,CHN,75,169,48,10,0.28402366863905326,0.33152173913043476,1000000.0
fonvich01,Unknown fonvich01,1995,LAN,88,308,85,23,0.275974025974026,0.32831325301204817,109000.0
fonvich01,Unknown fonvich01,1996,LAN,103,201,41,17,0.20398009950248755,0.26605504587155965,175000.0
fordle01,Unknown fordle01,2005,MIN,147,522,138,45,0.26436781609195403,0.33843537414965985,385000.0
fordle01,Unknown fordle01,2006,MIN,104,234,53,16,0.2264957264957265,0.2874015748031496,425000.0
fordle01,Unknown fordle01,2007,MIN,55,116,27,11,0.23275862068965517,0.3153846153846154,985000.0
fordybr01,Unknown fordybr01,1998,CIN,57,146,37,11,0.2534246575342466,0.3057324840764331,180000.0
fordybr01,Unknown fordybr01,1999,CHA,105,333,99,21,0.2972972972972973,0.3426183844011142,230000.0
fordybr01,Unknown fordybr01,2000,CHA,40,125,34,6,0.272,0.31343283582089554,675000.0
fordybr01,Unknown fordybr01,2001,BAL,95,292,61,21,0.2089041095890411,0.26813880126182965,825000.0
fordybr01,Unknown fordybr01,2002,BAL,56,130,30,9,0.23076923076923078,0.3006993006993007,2500000.0
fordybr01,Unknown fordybr01,2003,BAL,108,348,95,19,0.27298850574712646,0.3108108108108108,3500000.0
fordybr01,Unknown fordybr01,2004,TBA,54,151,31,9,0.2052980132450331,0.25925925925925924,650000.0
fowlede01,Unknown fowlede01,2009,COL,135,433,115,67,0.26558891454965355,0.3630952380952381,401000.0
fowlede01,Unknown fowlede01,2010,COL,132,439,114,57,0.25968109339407747,0.3473895582329317,406000.0
foxan01,Unknown foxan01,1996,NYA,113,189,37,20,0.19576719576719576,0.2761904761904762,109000.0
foxan01,Unknown foxan01,1998,ARI,139,502,139,43,0.27689243027888444,0.3546099290780142,240000.0
foxan01,Unknown foxan01,1999,ARI,99,274,70,33,0.25547445255474455,0.3510971786833856,350000.0
foxan01,Unknown foxan01,2002,FLO,133,435,109,49,0.25057471264367814,0.3380281690140845,700000.0
foxan01,Unknown foxan01,2003,FLO,70,108,21,7,0.19444444444444445,0.2689075630252101,800000.0
francbe01,Unknown francbe01,2009,CLE,89,308,77,33,0.25,0.33618233618233617,421400.0
francbe01,Unknown francbe01,2010,PHI,88,179,48,14,0.2681564245810056,0.32653061224489793,470000.0
francje02,Unknown francje02,2006,ATL,162,651,169,23,0.25960061443932414,0.29300291545189505,384500.0
francje02,Unknown francje02,2007,ATL,162,642,188,42,0.29283489096573206,0.33764367816091956,427500.0
francje02,Unknown francje02,2008,ATL,155,599,143,39,0.2387312186978297,0.294478527607362,460000.0
francje02,Unknown francje02,2009,ATL,82,304,76,12,0.25,0.28173374613003094,3375000.0
francje02,Unknown francje02,2010,NYN,124,401,95,29,0.23690773067331672,0.2930648769574944,5000000.0
francju01,Unknown francju01,1990,TEX,157,582,172,82,0.29553264604810997,0.38323353293413176,1633333.0
francju01,Unknown francju01,1991,TEX,146,589,201,65,0.34125636672325976,0.40819423368740515,2350000.0
francju01,Unknown francju01,1992,TEX,35,107,25,15,0.2336448598130841,0.32786885245901637,2450000.0
francju01,Unknown francju01,1993,TEX,144,532,154,62,0.2894736842105263,0.36046511627906974,3000000.0
francju01,Unknown francju01,1994,CHA,112,433,138,62,0.3187066974595843,0.40594059405940597,1000000.0
francju01,Unknown francju01,1996,CLE,112,432,139,61,0.32175925925925924,0.40681362725450904,2401972.0
francju01,Unknown francju01,1997,CLE,78,289,82,38,0.2837370242214533,0.3669724770642202,3292404.0
francju01,Unknown francju01,1997,ML4,42,141,34,31,0.24113475177304963,0.3728813559322034,150000.0
francju01,Unknown francju01,2002,ATL,125,338,96,39,0.28402366863905326,0.3569553805774278,600000.0
francju01,Unknown francju01,2003,ATL,103,197,58,25,0.29441624365482233,0.3721973094170404,600000.0
francju01,Unknown francju01,2004,ATL,125,320,99,36,0.309375,0.37777777777777777,750000.0
francju01,Unknown francju01,2005,ATL,108,233,64,27,0.27467811158798283,0.3484848484848485,1000000.0
francju01,Unknown francju01,2006,NYN,95,165,45,13,0.2727272727272727,0.329608938547486,1050000.0
francma01,Unknown francma01,1997,NYN,112,163,45,13,0.27607361963190186,0.32954545454545453,160000.0
francma01,Unknown francma01,1998,NYN,103,161,44,23,0.2732919254658385,0.3655913978494624,202500.0
francma01,Unknown francma01,1999,NYN,122,132,31,28,0.23484848484848486,0.36645962732919257,250000.0
francma01,Unknown francma01,2000,NYN,101,134,32,21,0.23880597014925373,0.33974358974358976,462500.0
francma01,Unknown francma01,2003,ATL,112,134,33,11,0.2462686567164179,0.29931972789115646,800000.0
frandke01,Unknown frandke01,2007,SFN,109,264,71,21,0.2689393939393939,0.3310580204778157,380500.0
frazilo01,Unknown frazilo01,1993,MON,112,189,54,16,0.2857142857142857,0.33980582524271846,109000.0
frazilo01,Unknown frazilo01,1994,MON,76,140,38,18,0.2714285714285714,0.3584905660377358,140000.0
freelry01,Unknown freelry01,2004,CIN,143,505,140,67,0.27722772277227725,0.375,320000.0
freelry01,Unknown freelry01,2005,CIN,103,369,100,51,0.27100271002710025,0.37149532710280375,405000.0
freelry01,Unknown freelry01,2006,CIN,132,454,123,57,0.2709251101321586,0.36346153846153845,1300000.0
freelry01,Unknown freelry01,2007,CIN,75,277,68,18,0.24548736462093862,0.3079470198675497,2325000.0
freelry01,Unknown freelry01,2008,CIN,48,131,39,8,0.29770992366412213,0.3404255319148936,3000000.0
freemch01,Unknown freemch01,2006,COL,88,173,41,14,0.23699421965317918,0.2978723404255319,329000.0
freesda01,Unknown freesda01,2010,SLN,70,240,71,21,0.29583333333333334,0.3609022556390977,400000.0
friasha01,Unknown friasha01,1999,ARI,69,150,41,29,0.2733333333333333,0.39106145251396646,209000.0
friasha01,Unknown friasha01,2000,ARI,75,112,23,17,0.20535714285714285,0.31007751937984496,243500.0
fryeje01,Unknown fryeje01,1992,TEX,67,199,51,16,0.2562814070351759,0.319634703196347,109000.0
fryeje01,Unknown fryeje01,1994,TEX,57,205,67,29,0.32682926829268294,0.40756302521008403,115000.0
fryeje01,Unknown fryeje01,1995,TEX,90,313,87,24,0.2779552715654952,0.3352601156069364,190000.0
fryeje01,Unknown fryeje01,1996,BOS,105,419,120,54,0.2863961813842482,0.37214137214137216,125000.0
fryeje01,Unknown fryeje01,1997,BOS,127,404,126,27,0.3118811881188119,0.3522727272727273,900000.0
fryeje01,Unknown fryeje01,1999,BOS,41,114,32,14,0.2807017543859649,0.36153846153846153,2400000.0
fryeje01,Unknown fryeje01,2000,BOS,69,239,69,28,0.28870292887029286,0.3643122676579926,2500000.0
fryeje01,Unknown fryeje01,2001,TOR,74,175,43,12,0.24571428571428572,0.30526315789473685,1000000.0
frymatr01,Unknown frymatr01,1990,DET,66,232,69,17,0.2974137931034483,0.348,100000.0
frymatr01,Unknown frymatr01,1991,DET,149,557,144,40,0.2585278276481149,0.3085808580858086,150000.0
frymatr01,Unknown frymatr01,1992,DET,161,659,175,45,0.26555386949924126,0.31564245810055863,300000.0
frymatr01,Unknown frymatr01,1993,DET,151,607,182,77,0.29983525535420097,0.37896253602305474,675000.0
frymatr01,Unknown frymatr01,1994,DET,114,464,122,45,0.2629310344827586,0.32637571157495254,2425000.0
frymatr01,Unknown frymatr01,1995,DET,144,567,156,63,0.2751322751322751,0.346875,4150000.0
frymatr01,Unknown frymatr01,1996,DET,157,616,165,57,0.26785714285714285,0.3289665211062591,5175000.0
frymatr01,Unknown frymatr01,1997,DET,154,595,163,46,0.2739495798319328,0.3257229832572298,6400000.0
frymatr01,Unknown frymatr01,1998,CLE,146,557,160,44,0.2872531418312388,0.3404605263157895,5400000.0
frymatr01,Unknown frymatr01,1999,CLE,85,322,82,25,0.2546583850931677,0.30857142857142855,5250000.0
frymatr01,Unknown frymatr01,2000,CLE,155,574,184,73,0.3205574912891986,0.39209726443769,5550000.0
frymatr01,Unknown frymatr01,2001,CLE,98,334,88,30,0.2634730538922156,0.327027027027027,5750000.0
frymatr01,Unknown frymatr01,2002,CLE,118,397,86,40,0.21662468513853905,0.29157175398633256,5825000.0
fukudko01,Unknown fukudko01,2008,CHN,150,501,129,81,0.25748502994011974,0.358843537414966,7000000.0
fukudko01,Unknown fukudko01,2009,CHN,146,499,129,93,0.25851703406813625,0.375,12500000.0
fukudko01,Unknown fukudko01,2010,CHN,130,358,94,64,0.26256983240223464,0.37089201877934275,14000000.0
fullmbr01,Unknown fullmbr01,1998,MON,140,505,138,39,0.2732673267326733,0.3272394881170018,172500.0
fullmbr01,Unknown fullmbr01,1999,MON,100,347,96,22,0.276657060518732,0.32085561497326204,270000.0
fullmbr01,Unknown fullmbr01,2000,TOR,133,482,142,30,0.2946058091286307,0.33969465648854963,310000.0
fullmbr01,Unknown fullmbr01,2001,TOR,146,522,143,38,0.2739463601532567,0.3263525305410122,2500000.0
fullmbr01,Unknown fullmbr01,2002,ANA,130,429,124,32,0.289044289044289,0.3569937369519833,4000000.0
fullmbr01,Unknown fullmbr01,2003,ANA,63,206,63,26,0.3058252427184466,0.3872340425531915,1000000.0
fullmbr01,Unknown fullmbr01,2004,TEX,76,258,60,27,0.23255813953488372,0.3103448275862069,1000000.0
furcara01,Unknown furcara01,2000,ATL,131,455,134,73,0.2945054945054945,0.39399624765478425,200000.0
furcara01,Unknown furcara01,2001,ATL,79,324,89,24,0.27469135802469136,0.3211267605633803,355000.0
furcara01,Unknown furcara01,2002,ATL,154,636,175,43,0.2751572327044025,0.3230994152046784,405000.0
furcara01,Unknown furcara01,2003,ATL,156,664,194,60,0.2921686746987952,0.35157318741450067,2200000.0
furcara01,Unknown furcara01,2004,ATL,143,563,157,58,0.27886323268206037,0.3444976076555024,3700000.0
furcara01,Unknown furcara01,2005,ATL,154,616,175,62,0.2840909090909091,0.347953216374269,5600000.0
furcara01,Unknown furcara01,2006,LAN,159,654,196,73,0.2996941896024465,0.3693570451436389,8715508.0
furcara01,Unknown furcara01,2007,LAN,138,581,157,55,0.270223752151463,0.3328125,13730196.0
furcara01,Unknown furcara01,2008,LAN,36,143,51,20,0.35664335664335667,0.43902439024390244,15730195.0
furcara01,Unknown furcara01,2009,LAN,150,613,165,61,0.26916802610114193,0.3353028064992615,7500000.0
furcara01,Unknown furcara01,2010,LAN,97,383,115,40,0.3002610966057441,0.36619718309859156,9500000.0
gaettga01,Unknown gaettga01,1990,MIN,154,577,132,36,0.22876949740034663,0.27403846153846156,500000.0
gaettga01,Unknown gaettga01,1991,CAL,152,586,144,33,0.24573378839590443,0.2927215189873418,2700000.0
gaettga01,Unknown gaettga01,1992,CAL,130,456,103,21,0.22587719298245615,0.2674897119341564,2700000.0
gaettga01,Unknown gaettga01,1993,KCA,82,281,72,16,0.25622775800711745,0.3086816720257235,109000.0
gaettga01,Unknown gaettga01,1994,KCA,90,327,94,19,0.2874617737003058,0.32763532763532766,109000.0
gaettga01,Unknown gaettga01,1995,KCA,137,514,134,47,0.2607003891050584,0.32869565217391306,1065000.0
gaettga01,Unknown gaettga01,1996,SLN,141,522,143,35,0.2739463601532567,0.3263157894736842,2000000.0
gaettga01,Unknown gaettga01,1997,SLN,148,502,126,36,0.250996015936255,0.3054545454545455,2100000.0
gaettga01,Unknown gaettga01,1998,SLN,91,306,81,31,0.2647058823529412,0.3391304347826087,1000000.0
gaettga01,Unknown gaettga01,1998,CHN,37,128,41,12,0.3203125,0.3972602739726027,170000.0
gaettga01,Unknown gaettga01,1999,CHN,113,280,57,21,0.20357142857142857,0.2597402597402597,2000000.0
gagnegr01,Unknown gagnegr01,1990,MIN,138,388,91,24,0.2345360824742268,0.27951807228915665,833333.0
gagnegr01,Unknown gagnegr01,1991,MIN,139,408,108,26,0.2647058823529412,0.30995475113122173,1733333.0
gagnegr01,Unknown gagnegr01,1992,MIN,146,439,108,19,0.2460136674259681,0.279826464208243,1933334.0
gagnegr01,Unknown gagnegr01,1993,KCA,159,540,151,33,0.2796296296296296,0.3188908145580589,3366667.0
gagnegr01,Unknown gagnegr01,1994,KCA,107,375,97,27,0.25866666666666666,0.3144963144963145,2966667.0
gagnegr01,Unknown gagnegr01,1995,KCA,120,430,110,38,0.2558139534883721,0.3157894736842105,4366667.0
gagnegr01,Unknown gagnegr01,1996,LAN,128,428,109,50,0.2546728971962617,0.3333333333333333,2600000.0
gagnegr01,Unknown gagnegr01,1997,LAN,144,514,129,31,0.2509727626459144,0.29818181818181816,3000000.0
galaran01,Unknown galaran01,1990,MON,155,579,148,40,0.2556131260794473,0.3057324840764331,1950000.0
galaran01,Unknown galaran01,1992,SLN,95,325,79,11,0.24307692307692308,0.2824207492795389,2366667.0
galaran01,Unknown galaran01,1993,COL,120,470,174,24,0.3702127659574468,0.4031620553359684,850000.0
galaran01,Unknown galaran01,1994,COL,103,417,133,19,0.31894484412470026,0.35634743875278396,3850000.0
galaran01,Unknown galaran01,1995,COL,143,554,155,32,0.27978339350180503,0.33112582781456956,3950000.0
galaran01,Unknown galaran01,1996,COL,159,626,190,40,0.3035143769968051,0.35745296671490595,4450000.0
galaran01,Unknown galaran01,1997,COL,154,600,191,54,0.31833333333333336,0.3887240356083086,4950000.0
galaran01,Unknown galaran01,1998,ATL,153,555,169,63,0.3045045045045045,0.3966049382716049,8400000.0
galaran01,Unknown galaran01,2000,ATL,141,494,149,36,0.3016194331983806,0.3686131386861314,8500000.0
galaran01,Unknown galaran01,2001,TEX,72,243,57,18,0.2345679012345679,0.30996309963099633,6000000.0
galaran01,Unknown galaran01,2002,MON,104,292,76,30,0.2602739726027397,0.344311377245509,500000.0
galaran01,Unknown galaran01,2003,SFN,110,272,82,19,0.3014705882352941,0.3515358361774744,500000.0
gallada01,Unknown gallada01,1991,CAL,90,270,79,24,0.29259259259259257,0.3547297297297297,357500.0
gallada01,Unknown gallada01,1992,NYN,98,175,42,19,0.24,0.3069306930693069,628750.0
gallada01,Unknown gallada01,1993,NYN,99,201,55,20,0.2736318407960199,0.33783783783783783,500000.0
gallada01,Unknown gallada01,1994,ATL,89,152,34,22,0.2236842105263158,0.32571428571428573,735000.0
gallada01,Unknown gallada01,1995,PHI,62,157,50,16,0.3184713375796178,0.3793103448275862,250000.0
gallemi01,Unknown gallemi01,1990,OAK,140,389,80,35,0.20565552699228792,0.27674418604651163,500000.0
gallemi01,Unknown gallemi01,1991,OAK,159,482,119,67,0.24688796680497926,0.34290843806104127,565000.0
gallemi01,Unknown gallemi01,1992,NYA,53,173,44,20,0.2543352601156069,0.3434343434343434,1950000.0
gallemi01,Unknown gallemi01,1993,NYA,119,403,114,50,0.28287841191067,0.36363636363636365,1575000.0
gallemi01,Unknown gallemi01,1994,NYA,89,306,73,38,0.238562091503268,0.32670454545454547,1575000.0
gallemi01,Unknown gallemi01,1995,OAK,43,120,28,9,0.23333333333333334,0.2923076923076923,300000.0
gallemi01,Unknown gallemi01,1996,SLN,51,143,30,12,0.2097902097902098,0.27564102564102566,300000.0
gantnji01,Unknown gantnji01,1990,ML4,88,323,85,29,0.2631578947368421,0.327683615819209,700000.0
gantnji01,Unknown gantnji01,1991,ML4,140,526,149,27,0.2832699619771863,0.3196428571428571,1000000.0
gantnji01,Unknown gantnji01,1992,ML4,101,256,63,12,0.24609375,0.2777777777777778,1150000.0
gantro01,Unknown gantro01,1990,ATL,152,575,174,50,0.3026086956521739,0.35714285714285715,125000.0
gantro01,Unknown gantro01,1991,ATL,154,561,141,71,0.25133689839572193,0.338006230529595,1195000.0
gantro01,Unknown gantro01,1992,ATL,153,544,141,45,0.25919117647058826,0.32059800664451826,2700000.0
gantro01,Unknown gantro01,1993,ATL,157,606,166,67,0.2739273927392739,0.34457478005865105,3700000.0
gantro01,Unknown gantro01,1995,CIN,119,410,113,74,0.275609756097561,0.3861788617886179,3633335.0
gantro01,Unknown gantro01,1996,SLN,122,419,103,73,0.2458233890214797,0.3587174348697395,4000000.0
gantro01,Unknown gantro01,1997,SLN,139,502,115,58,0.2290836653386454,0.3096085409252669,4500000.0
gantro01,Unknown gantro01,1998,SLN,121,383,92,51,0.2402088772845953,0.3310502283105023,5500000.0
gantro01,Unknown gantro01,1999,PHI,138,516,134,85,0.2596899224806202,0.36363636363636365,6000000.0
gantro01,Unknown gantro01,2000,PHI,89,343,87,36,0.2536443148688047,0.3237597911227154,5066667.0
gantro01,Unknown gantro01,2001,COL,59,171,44,24,0.2573099415204678,0.34517766497461927,1750000.0
gantro01,Unknown gantro01,2002,SDN,102,309,81,36,0.2621359223300971,0.3380681818181818,500000.0
garcica01,Unknown garcica01,1993,PIT,141,546,147,31,0.2692307692307692,0.3164128595600677,120000.0
garcica01,Unknown garcica01,1994,PIT,98,412,114,16,0.2766990291262136,0.3094688221709007,192500.0
garcica01,Unknown garcica01,1995,PIT,104,367,108,25,0.29427792915531337,0.34005037783375314,350000.0
garcica01,Unknown garcica01,1996,PIT,101,390,111,23,0.2846153846153846,0.32935560859188545,1350000.0
garcica01,Unknown garcica01,1997,TOR,103,350,77,15,0.22,0.25336927223719674,2550000.0
garcifr01,Unknown garcifr01,1998,PIT,56,172,44,18,0.2558139534883721,0.3316062176165803,190000.0
garcifr01,Unknown garcifr01,1999,PIT,55,130,30,4,0.23076923076923078,0.2518518518518518,265000.0
garcije01,Unknown garcije01,2004,ATL,50,115,29,1,0.25217391304347825,0.26495726495726496,312500.0
garcika01,Unknown garcika01,1998,ARI,113,333,74,18,0.2222222222222222,0.2598870056497175,187500.0
garcika01,Unknown garcika01,1999,DET,96,288,69,20,0.23958333333333334,0.28802588996763756,270000.0
garcika01,Unknown garcika01,2004,NYN,62,192,45,10,0.234375,0.2722772277227723,800000.0
garcino01,Unknown garcino01,1997,BOS,153,684,209,35,0.3055555555555556,0.34153005464480873,150000.0
garcino01,Unknown garcino01,1998,BOS,143,604,195,33,0.3228476821192053,0.3619631901840491,1075000.0
garcino01,Unknown garcino01,1999,BOS,135,532,190,51,0.35714285714285715,0.4184873949579832,1400000.0
garcino01,Unknown garcino01,2000,BOS,140,529,197,61,0.3724007561436673,0.4340567612687813,3700000.0
garcino01,Unknown garcino01,2002,BOS,156,635,197,41,0.3102362204724409,0.35209235209235207,9000000.0
garcino01,Unknown garcino01,2003,BOS,156,658,198,39,0.3009118541033435,0.34540389972144847,11000000.0
garcino01,Unknown garcino01,2004,BOS,38,156,50,8,0.32051282051282054,0.3668639053254438,11500000.0
garcino01,Unknown garcino01,2005,CHN,62,230,65,12,0.2826086956521739,0.31983805668016196,8250000.0
garcino01,Unknown garcino01,2006,LAN,122,469,142,42,0.302771855010661,0.367112810707457,6000000.0
garcino01,Unknown garcino01,2007,LAN,121,431,122,31,0.28306264501160094,0.3283261802575107,8516697.0
garcino01,Unknown garcino01,2008,LAN,55,163,43,15,0.26380368098159507,0.3259668508287293,9516697.0
garcino01,Unknown garcino01,2009,OAK,65,160,45,8,0.28125,0.3136094674556213,1000000.0
gardnbr01,Unknown gardnbr01,2009,NYA,108,248,67,26,0.2701612903225806,0.34532374100719426,414000.0
gardnbr01,Unknown gardnbr01,2010,NYA,150,477,132,79,0.27672955974842767,0.3829787234042553,452500.0
gardnje01,Unknown gardnje01,1993,SDN,140,404,106,45,0.2623762376237624,0.3370288248337029,111500.0
garkory01,Unknown garkory01,2007,CLE,138,484,140,34,0.2892561983471074,0.3585951940850277,383100.0
garkory01,Unknown garkory01,2008,CLE,141,495,135,45,0.2727272727272727,0.3463587921847247,420100.0
garkory01,Unknown garkory01,2009,CLE,78,239,68,20,0.28451882845188287,0.36162361623616235,446100.0
gatesbr01,Unknown gatesbr01,1993,OAK,139,535,155,56,0.2897196261682243,0.35655058043117743,109000.0
gatesbr01,Unknown gatesbr01,1994,OAK,64,233,66,21,0.2832618025751073,0.3371647509578544,190000.0
gatesbr01,Unknown gatesbr01,1995,OAK,136,524,133,46,0.2538167938931298,0.3080895008605852,190000.0
gatesbr01,Unknown gatesbr01,1996,OAK,64,247,65,18,0.2631578947368421,0.3159851301115242,290000.0
gatesbr01,Unknown gatesbr01,1997,SEA,65,151,36,14,0.23841059602649006,0.2976190476190476,300000.0
gatesbr01,Unknown gatesbr01,1998,MIN,107,333,83,36,0.24924924924924924,0.3235294117647059,350000.0
gatesbr01,Unknown gatesbr01,1999,MIN,110,306,78,34,0.2549019607843137,0.32848837209302323,425000.0
gathrjo01,Unknown gathrjo01,2006,TBA,55,154,31,20,0.2012987012987013,0.3050847457627119,337200.0
gathrjo01,Unknown gathrjo01,2008,KCA,105,279,71,20,0.25448028673835127,0.3114754098360656,427000.0
gedmari01,Unknown gedmari01,1992,SLN,41,105,23,11,0.21904761904761905,0.2905982905982906,200000.0
gerenbo01,Unknown gerenbo01,1990,NYA,110,277,59,13,0.21299638989169675,0.25925925925925924,180000.0
gerenbo01,Unknown gerenbo01,1991,NYA,64,128,28,9,0.21875,0.27007299270072993,230000.0
gerenbo01,Unknown gerenbo01,1993,SDN,58,145,31,13,0.21379310344827587,0.27848101265822783,125000.0
germaes01,Unknown germaes01,2006,KCA,106,279,91,40,0.32616487455197135,0.42153846153846153,333000.0
germaes01,Unknown germaes01,2007,KCA,121,348,92,43,0.26436781609195403,0.3508771929824561,423000.0
germaes01,Unknown germaes01,2008,KCA,89,216,53,18,0.24537037037037038,0.3025210084033613,1000000.0
gerutjo01,Unknown gerutjo01,2004,CLE,134,481,121,54,0.2515592515592516,0.3339449541284404,325600.0
gerutjo01,Unknown gerutjo01,2005,CLE,44,138,38,18,0.2753623188405797,0.35668789808917195,356200.0
gerutjo01,Unknown gerutjo01,2008,SDN,100,328,97,28,0.29573170731707316,0.351123595505618,700000.0
gerutjo01,Unknown gerutjo01,2009,SDN,37,113,25,5,0.22123893805309736,0.24793388429752067,1775000.0
getzch01,Unknown getzch01,2009,CHA,107,375,98,30,0.2613333333333333,0.32367149758454106,401000.0
getzch01,Unknown getzch01,2010,KCA,72,224,53,19,0.23660714285714285,0.3020408163265306,414500.0
giambja01,Unknown giambja01,1995,OAK,54,176,45,28,0.2556818181818182,0.36363636363636365,109000.0
giambja01,Unknown giambja01,1996,OAK,140,536,156,51,0.291044776119403,0.35510887772194305,120000.0
giambja01,Unknown giambja01,1997,OAK,142,519,152,55,0.2928709055876686,0.3622448979591837,205000.0
giambja01,Unknown giambja01,1998,OAK,153,562,166,81,0.29537366548042704,0.3835616438356164,315000.0
giambja01,Unknown giambja01,1999,OAK,158,575,181,105,0.31478260869565217,0.42158273381294964,2103333.0
giambja01,Unknown giambja01,2000,OAK,152,510,170,137,0.3333333333333333,0.4759036144578313,3103333.0
giambja01,Unknown giambja01,2001,OAK,154,520,178,129,0.3423076923076923,0.47690014903129657,4103333.0
giambja01,Unknown giambja01,2002,NYA,155,560,176,109,0.3142857142857143,0.43541364296081275,10428571.0
giambja01,Unknown giambja01,2003,NYA,156,535,134,129,0.2504672897196262,0.4115942028985507,11428571.0
giambja01,Unknown giambja01,2004,NYA,80,264,55,47,0.20833333333333334,0.3416149068322981,12428571.0
giambja01,Unknown giambja01,2005,NYA,139,417,113,108,0.2709832134292566,0.44036697247706424,13428571.0
giambja01,Unknown giambja01,2006,NYA,139,446,113,110,0.2533632286995516,0.41278065630397237,20428571.0
giambja01,Unknown giambja01,2007,NYA,83,254,60,40,0.23622047244094488,0.3564356435643564,23428571.0
giambja01,Unknown giambja01,2008,NYA,145,458,113,76,0.24672489082969432,0.3734513274336283,23428571.0
giambja01,Unknown giambja01,2009,OAK,83,269,52,50,0.19330855018587362,0.3323170731707317,4000000.0
giambja01,Unknown giambja01,2010,COL,87,176,43,35,0.24431818181818182,0.3783783783783784,1750000.0
giambje01,Unknown giambje01,1999,KCA,90,288,82,40,0.2847222222222222,0.373134328358209,200000.0
giambje01,Unknown giambje01,2000,OAK,104,260,66,32,0.25384615384615383,0.3377926421404682,228000.0
giambje01,Unknown giambje01,2001,OAK,124,371,105,63,0.2830188679245283,0.39090909090909093,282500.0
giambje01,Unknown giambje01,2002,OAK,42,157,43,27,0.27388535031847133,0.39037433155080214,1065000.0
giambje01,Unknown giambje01,2003,BOS,50,127,25,26,0.1968503937007874,0.3419354838709677,2000000.0
gibboja01,Unknown gibboja01,2001,BAL,73,225,53,17,0.23555555555555555,0.3008130081300813,200000.0
gibboja01,Unknown gibboja01,2002,BAL,136,490,121,45,0.24693877551020407,0.31053604436229204,232500.0
gibboja01,Unknown gibboja01,2003,BAL,160,625,173,49,0.2768,0.32991202346041054,375000.0
gibboja01,Unknown gibboja01,2004,BAL,97,346,85,29,0.24566473988439305,0.3034300791556728,2600000.0
gibboja01,Unknown gibboja01,2005,BAL,139,488,135,28,0.2766393442622951,0.3166023166023166,2600000.0
gibboja01,Unknown gibboja01,2006,BAL,90,343,95,32,0.27696793002915454,0.3412698412698413,4200000.0
gibboja01,Unknown gibboja01,2007,BAL,84,270,62,15,0.22962962962962963,0.27241379310344827,5000000.0
gibsoki01,Unknown gibsoki01,1990,LAN,89,315,82,39,0.26031746031746034,0.34540389972144847,1333334.0
gibsoki01,Unknown gibsoki01,1991,KCA,132,462,109,69,0.23593073593073594,0.34137291280148424,1700000.0
gibsoki01,Unknown gibsoki01,1993,DET,116,403,105,44,0.26054590570719605,0.3370044052863436,1100000.0
gibsoki01,Unknown gibsoki01,1994,DET,98,330,91,42,0.27575757575757576,0.35789473684210527,1500000.0
gibsoki01,Unknown gibsoki01,1995,DET,70,227,59,33,0.2599118942731278,0.3584905660377358,1300000.0
gilbe01,Unknown gilbe01,1995,TEX,130,415,91,26,0.21927710843373494,0.26576576576576577,130000.0
gilbe01,Unknown gilbe01,1997,TEX,110,317,71,17,0.22397476340694006,0.26253687315634217,200000.0
gilbe01,Unknown gilbe01,2000,ANA,110,301,72,30,0.23920265780730898,0.3165680473372781,225000.0
gilbe01,Unknown gilbe01,2001,ANA,104,260,77,14,0.29615384615384616,0.32971014492753625,350000.0
gilbe01,Unknown gilbe01,2002,ANA,61,130,37,5,0.2846153846153846,0.30656934306569344,400000.0
gilbe01,Unknown gilbe01,2003,ANA,62,125,24,4,0.192,0.21374045801526717,725000.0
gilesbr02,Unknown gilesbr02,1996,CLE,51,121,43,19,0.35537190082644626,0.43356643356643354,110000.0
gilesbr02,Unknown gilesbr02,1997,CLE,130,377,101,63,0.26790450928381965,0.36830357142857145,175000.0
gilesbr02,Unknown gilesbr02,1998,CLE,112,350,94,73,0.26857142857142857,0.3962703962703963,300000.0
gilesbr02,Unknown gilesbr02,1999,PIT,141,521,164,95,0.31477927063339733,0.4178628389154705,1116666.0
gilesbr02,Unknown gilesbr02,2000,PIT,156,559,176,114,0.3148479427549195,0.4316860465116279,1816667.0
gilesbr02,Unknown gilesbr02,2001,PIT,160,576,178,90,0.3090277777777778,0.4035608308605341,7333333.0
gilesbr02,Unknown gilesbr02,2002,PIT,153,497,148,135,0.2977867203219316,0.4503105590062112,8063003.0
gilesbr02,Unknown gilesbr02,2003,PIT,105,388,116,85,0.29896907216494845,0.4303534303534304,8833333.0
gilesbr02,Unknown gilesbr02,2004,SDN,159,609,173,89,0.28407224958949095,0.37412095639943743,8833333.0
gilesbr02,Unknown gilesbr02,2005,SDN,158,545,164,119,0.30091743119266057,0.4228486646884273,8333333.0
gilesbr02,Unknown gilesbr02,2006,SDN,158,604,159,104,0.2632450331125828,0.3737796373779637,7666666.0
gilesbr02,Unknown gilesbr02,2007,SDN,121,483,131,64,0.2712215320910973,0.3605072463768116,9666667.0
gilesbr02,Unknown gilesbr02,2008,SDN,147,559,171,87,0.30590339892665475,0.3981623277182236,9666666.0
gilesbr02,Unknown gilesbr02,2009,SDN,61,225,43,26,0.19111111111111112,0.2766798418972332,9000000.0
gilesma01,Unknown gilesma01,2002,ATL,68,213,49,25,0.2300469483568075,0.3153526970954357,210000.0
gilesma01,Unknown gilesma01,2003,ATL,145,551,174,59,0.3157894736842105,0.3904,316500.0
gilesma01,Unknown gilesma01,2004,ATL,102,379,118,36,0.3113456464379947,0.37819025522041766,430000.0
gilesma01,Unknown gilesma01,2005,ATL,152,577,168,64,0.29116117850953205,0.3646153846153846,2350000.0
gilesma01,Unknown gilesma01,2006,ATL,141,550,144,62,0.26181818181818184,0.3413848631239936,3850000.0
gilesma01,Unknown gilesma01,2007,SDN,116,420,96,44,0.22857142857142856,0.30425531914893617,3250000.0
gilge01,Unknown gilge01,2002,BAL,125,422,98,21,0.23222748815165878,0.2696629213483146,200000.0
gilge01,Unknown gilge01,2003,BAL,54,169,40,12,0.23668639053254437,0.29891304347826086,330000.0
gilge01,Unknown gilge01,2005,BAL,64,125,24,5,0.192,0.2196969696969697,342500.0
gilkebe01,Unknown gilkebe01,1991,SLN,81,268,58,39,0.21641791044776118,0.3161290322580645,125000.0
gilkebe01,Unknown gilkebe01,1992,SLN,131,384,116,39,0.3020833333333333,0.3644859813084112,135000.0
gilkebe01,Unknown gilkebe01,1993,SLN,137,557,170,56,0.3052064631956912,0.36977491961414793,200000.0
gilkebe01,Unknown gilkebe01,1994,SLN,105,380,96,39,0.25263157894736843,0.33642691415313225,1635000.0
gilkebe01,Unknown gilkebe01,1995,SLN,121,480,143,42,0.29791666666666666,0.3584905660377358,1625000.0
gilkebe01,Unknown gilkebe01,1996,NYN,153,571,181,73,0.3169877408056042,0.3932926829268293,2787500.0
gilkebe01,Unknown gilkebe01,1997,NYN,145,518,129,70,0.24903474903474904,0.33828382838283827,3850000.0
gilkebe01,Unknown gilkebe01,1998,NYN,82,264,60,32,0.22727272727272727,0.31683168316831684,5050000.0
gilkebe01,Unknown gilkebe01,1999,ARI,94,204,60,29,0.29411764705882354,0.37916666666666665,5250000.0
ginteke01,Unknown ginteke01,2003,MIL,127,358,92,37,0.2569832402234637,0.35180722891566263,301000.0
ginteke01,Unknown ginteke01,2004,MIL,113,386,101,37,0.2616580310880829,0.3325635103926097,383333.0
ginteke01,Unknown ginteke01,2005,OAK,51,137,22,13,0.16058394160583941,0.23376623376623376,583333.0
giovaed01,Unknown giovaed01,1998,SDN,92,139,32,22,0.2302158273381295,0.33540372670807456,181000.0
girarjo01,Unknown girarjo01,1990,CHN,133,419,113,17,0.26968973747016706,0.3002257336343115,115000.0
girarjo01,Unknown girarjo01,1992,CHN,91,270,73,19,0.27037037037037037,0.31958762886597936,300000.0
girarjo01,Unknown girarjo01,1993,COL,86,310,90,24,0.2903225806451613,0.34615384615384615,670000.0
girarjo01,Unknown girarjo01,1994,COL,93,330,91,21,0.27575757575757576,0.3211267605633803,1000000.0
girarjo01,Unknown girarjo01,1995,COL,125,462,121,29,0.2619047619047619,0.3076923076923077,1850000.0
girarjo01,Unknown girarjo01,1996,NYA,124,422,124,30,0.2938388625592417,0.3456521739130435,2325000.0
girarjo01,Unknown girarjo01,1997,NYA,112,398,105,26,0.2638190954773869,0.3107476635514019,2250000.0
girarjo01,Unknown girarjo01,1998,NYA,78,254,70,14,0.2755905511811024,0.3173431734317343,2850000.0
girarjo01,Unknown girarjo01,1999,NYA,65,209,50,10,0.23923444976076555,0.27149321266968324,3400000.0
girarjo01,Unknown girarjo01,2000,CHN,106,363,101,32,0.27823691460055094,0.33915211970074816,2000000.0
girarjo01,Unknown girarjo01,2001,CHN,78,229,58,21,0.25327510917030566,0.3147410358565737,2000000.0
girarjo01,Unknown girarjo01,2002,CHN,90,234,53,16,0.2264957264957265,0.2749003984063745,1500000.0
gladdda01,Unknown gladdda01,1990,MIN,136,534,147,26,0.2752808988764045,0.3140350877192982,700000.0
gladdda01,Unknown gladdda01,1991,MIN,126,461,114,36,0.2472885032537961,0.30632411067193677,1100000.0
gladdda01,Unknown gladdda01,1992,DET,113,417,106,30,0.2541966426858513,0.3039647577092511,1050000.0
gladdda01,Unknown gladdda01,1993,DET,91,356,95,21,0.26685393258426965,0.31151832460732987,1150000.0
glanvdo01,Unknown glanvdo01,1997,CHN,146,474,142,24,0.29957805907172996,0.3333333333333333,155000.0
glanvdo01,Unknown glanvdo01,1998,PHI,158,678,189,42,0.27876106194690264,0.32465753424657534,260000.0
glanvdo01,Unknown glanvdo01,1999,PHI,150,628,204,48,0.3248407643312102,0.37554585152838427,541666.0
glanvdo01,Unknown glanvdo01,2000,PHI,154,637,175,31,0.27472527472527475,0.3072378138847858,2016667.0
glanvdo01,Unknown glanvdo01,2001,PHI,153,634,166,19,0.2618296529968454,0.28463855421686746,3016667.0
glanvdo01,Unknown glanvdo01,2002,PHI,138,422,105,25,0.24881516587677724,0.2920353982300885,4000000.0
glanvdo01,Unknown glanvdo01,2003,TEX,52,195,53,6,0.2717948717948718,0.2935323383084577,1000000.0
glanvdo01,Unknown glanvdo01,2004,PHI,87,162,34,8,0.20987654320987653,0.2441860465116279,550000.0
glaustr01,Unknown glaustr01,1998,ANA,48,165,36,15,0.21818181818181817,0.2802197802197802,170000.0
glaustr01,Unknown glaustr01,1999,ANA,154,551,132,71,0.2395644283121597,0.3312202852614897,207500.0
glaustr01,Unknown glaustr01,2000,ANA,159,563,160,112,0.2841918294849023,0.40412979351032446,275000.0
glaustr01,Unknown glaustr01,2001,ANA,161,588,147,107,0.25,0.3672316384180791,1250000.0
glaustr01,Unknown glaustr01,2002,ANA,156,569,142,88,0.24956063268892795,0.35171385991058124,4000000.0
glaustr01,Unknown glaustr01,2003,ANA,91,319,79,46,0.2476489028213166,0.34332425068119893,7250000.0
glaustr01,Unknown glaustr01,2004,ANA,58,207,52,31,0.25120772946859904,0.35537190082644626,9900000.0
glaustr01,Unknown glaustr01,2005,ARI,149,538,139,84,0.258364312267658,0.3627760252365931,9000000.0
glaustr01,Unknown glaustr01,2006,TOR,153,540,136,86,0.2518518518518518,0.3548895899053628,10000000.0
glaustr01,Unknown glaustr01,2007,TOR,115,385,101,61,0.2623376623376623,0.36622807017543857,10500000.0
glaustr01,Unknown glaustr01,2008,SLN,151,544,147,87,0.2702205882352941,0.37205651491365777,12500000.0
glaustr01,Unknown glaustr01,2010,ATL,128,412,99,63,0.24029126213592233,0.34368530020703936,1750000.0
gloadro01,Unknown gloadro01,2004,CHA,110,234,75,20,0.32051282051282054,0.3745173745173745,302000.0
gloadro01,Unknown gloadro01,2006,CHA,77,156,51,6,0.3269230769230769,0.35365853658536583,350000.0
gloadro01,Unknown gloadro01,2007,KCA,102,320,92,16,0.2875,0.3179190751445087,625000.0
gloadro01,Unknown gloadro01,2008,KCA,122,388,106,23,0.27319587628865977,0.31654676258992803,1300000.0
gloadro01,Unknown gloadro01,2009,FLO,125,230,60,23,0.2608695652173913,0.32945736434108525,1900000.0
gloadro01,Unknown gloadro01,2010,PHI,94,128,36,8,0.28125,0.3284671532846715,1000000.0
gomesjo01,Unknown gomesjo01,2006,TBA,117,385,83,61,0.21558441558441557,0.32537960954446854,355800.0
gomesjo01,Unknown gomesjo01,2007,TBA,107,348,85,35,0.2442528735632184,0.3223350253807107,407800.0
gomesjo01,Unknown gomesjo01,2008,TBA,77,154,28,15,0.18181818181818182,0.2824858757062147,1275000.0
gomesjo01,Unknown gomesjo01,2010,CIN,148,511,136,39,0.26614481409001955,0.3274956217162872,800000.0
gomezca01,Unknown gomezca01,2008,MIN,153,577,149,25,0.2582322357019064,0.29623567921440264,395000.0
gomezca01,Unknown gomezca01,2009,MIN,137,315,72,22,0.22857142857142856,0.28654970760233917,437500.0
gomezca01,Unknown gomezca01,2010,MIL,97,291,72,17,0.24742268041237114,0.2980769230769231,1100000.0
gomezch02,Unknown gomezch02,1993,DET,46,128,32,9,0.25,0.30434782608695654,109000.0
gomezch02,Unknown gomezch02,1994,DET,84,296,76,33,0.25675675675675674,0.33633633633633636,140000.0
gomezch02,Unknown gomezch02,1995,DET,123,431,96,41,0.22273781902552203,0.29227557411273486,215000.0
gomezch02,Unknown gomezch02,1996,DET,48,128,31,18,0.2421875,0.3401360544217687,275000.0
gomezch02,Unknown gomezch02,1997,SDN,150,522,132,53,0.25287356321839083,0.3259005145797599,850000.0
gomezch02,Unknown gomezch02,1998,SDN,145,449,120,51,0.267260579064588,0.3464566929133858,1150000.0
gomezch02,Unknown gomezch02,1999,SDN,76,234,59,27,0.25213675213675213,0.33079847908745247,2200000.0
gomezch02,Unknown gomezch02,2001,SDN,40,112,21,9,0.1875,0.24390243902439024,3000000.0
gomezch02,Unknown gomezch02,2002,TBA,130,461,122,21,0.2646420824295011,0.3048780487804878,1000000.0
gomezch02,Unknown gomezch02,2003,MIN,58,175,44,7,0.25142857142857145,0.2786885245901639,500000.0
gomezch02,Unknown gomezch02,2004,TOR,109,341,96,28,0.28152492668621704,0.33689839572192515,750000.0
gomezch02,Unknown gomezch02,2005,BAL,89,219,61,27,0.2785388127853881,0.3588709677419355,850000.0
gomezch02,Unknown gomezch02,2006,BAL,55,132,45,7,0.3409090909090909,0.3873239436619718,850000.0
gomezch02,Unknown gomezch02,2007,BAL,73,169,51,10,0.30177514792899407,0.3388888888888889,850000.0
gomezch02,Unknown gomezch02,2008,PIT,90,183,50,13,0.273224043715847,0.32160804020100503,1000000.0
gomezle02,Unknown gomezle02,1991,BAL,118,391,91,40,0.23273657289002558,0.30227272727272725,102500.0
gomezle02,Unknown gomezle02,1992,BAL,137,468,124,63,0.26495726495726496,0.35648994515539306,150000.0
gomezle02,Unknown gomezle02,1993,BAL,71,244,48,32,0.19672131147540983,0.29537366548042704,312500.0
gomezle02,Unknown gomezle02,1994,BAL,84,285,78,41,0.2736842105263158,0.3663663663663664,550000.0
gomezle02,Unknown gomezle02,1995,BAL,53,127,30,18,0.23622047244094488,0.33557046979865773,925000.0
gomezle02,Unknown gomezle02,1996,CHN,136,362,86,53,0.23756906077348067,0.3443396226415094,550000.0
gonzaad01,Unknown gonzaad01,2005,TEX,43,150,34,10,0.22666666666666666,0.2716049382716049,316000.0
gonzaad01,Unknown gonzaad01,2006,SDN,156,570,173,52,0.30350877192982456,0.3619047619047619,327500.0
gonzaad01,Unknown gonzaad01,2007,SDN,161,646,182,65,0.28173374613003094,0.3472222222222222,500000.0
gonzaad01,Unknown gonzaad01,2008,SDN,162,616,172,74,0.2792207792207792,0.36142857142857143,875000.0
gonzaad01,Unknown gonzaad01,2009,SDN,160,552,153,119,0.27717391304347827,0.4073529411764706,3125000.0
gonzaad01,Unknown gonzaad01,2010,SDN,160,591,176,93,0.29780033840947545,0.3927536231884058,4875000.0
gonzaal01,Unknown gonzaal01,1995,TOR,111,367,89,44,0.24250681198910082,0.32211538461538464,130000.0
gonzaal01,Unknown gonzaal01,1996,TOR,147,527,124,45,0.23529411764705882,0.3,232875.0
gonzaal01,Unknown gonzaal01,1997,TOR,126,426,102,34,0.23943661971830985,0.3019271948608137,500000.0
gonzaal01,Unknown gonzaal01,1998,TOR,158,568,136,28,0.23943661971830985,0.2809917355371901,1497500.0
gonzaal01,Unknown gonzaal01,1999,TOR,38,154,45,16,0.2922077922077922,0.3699421965317919,2275000.0
gonzaal01,Unknown gonzaal01,2000,TOR,141,527,133,43,0.2523719165085389,0.3130434782608696,3025000.0
gonzaal01,Unknown gonzaal01,2001,TOR,154,636,161,43,0.2531446540880503,0.3031609195402299,4250000.0
gonzaal01,Unknown gonzaal01,2002,CHN,142,513,127,46,0.2475633528265107,0.3120567375886525,4250000.0
gonzaal01,Unknown gonzaal01,2003,CHN,152,536,122,47,0.22761194029850745,0.2951096121416526,5750000.0
gonzaal01,Unknown gonzaal01,2004,CHN,37,129,28,4,0.21705426356589147,0.24060150375939848,5750000.0
gonzaal01,Unknown gonzaal01,2005,TBA,109,349,94,26,0.2693409742120344,0.3228346456692913,1750000.0
gonzaal02,Unknown gonzaal02,1999,FLO,136,560,155,15,0.2767857142857143,0.30847457627118646,201000.0
gonzaal02,Unknown gonzaal02,2000,FLO,109,385,77,13,0.2,0.22885572139303484,295000.0
gonzaal02,Unknown gonzaal02,2001,FLO,145,515,129,30,0.2504854368932039,0.30286738351254483,295000.0
gonzaal02,Unknown gonzaal02,2002,FLO,42,151,34,12,0.2251655629139073,0.2958579881656805,1700000.0
gonzaal02,Unknown gonzaal02,2003,FLO,150,528,135,33,0.2556818181818182,0.3126079447322971,1700000.0
gonzaal02,Unknown gonzaal02,2004,FLO,159,561,130,27,0.23172905525846701,0.2701342281879195,2800000.0
gonzaal02,Unknown gonzaal02,2005,FLO,130,435,115,31,0.26436781609195403,0.31856540084388185,3400000.0
gonzaal02,Unknown gonzaal02,2006,BOS,111,388,99,22,0.2551546391752577,0.2985781990521327,2682592.0
gonzaal02,Unknown gonzaal02,2007,CIN,110,393,107,24,0.272264631043257,0.3247663551401869,3500000.0
gonzaal02,Unknown gonzaal02,2009,CIN,68,243,51,15,0.20987654320987653,0.25757575757575757,5375000.0
gonzaal02,Unknown gonzaal02,2010,TOR,85,328,85,17,0.25914634146341464,0.2959770114942529,2750000.0
gonzaal03,Unknown gonzaal03,2009,WAS,105,291,77,14,0.2646048109965636,0.29936305732484075,400000.0
gonzaal03,Unknown gonzaal03,2010,WAS,114,186,46,7,0.24731182795698925,0.27692307692307694,415500.0
gonzaca01,Unknown gonzaca01,2010,COL,145,587,197,40,0.33560477001703576,0.3757861635220126,406000.0
gonzaed02,Unknown gonzaed02,2009,SDN,82,153,33,11,0.21568627450980393,0.2781065088757396,407300.0
gonzaju03,Unknown gonzaju03,1992,TEX,155,584,152,35,0.2602739726027397,0.3037974683544304,287500.0
gonzaju03,Unknown gonzaju03,1993,TEX,140,536,166,37,0.30970149253731344,0.3679727427597956,525000.0
gonzaju03,Unknown gonzaju03,1994,TEX,107,422,116,30,0.27488151658767773,0.3304535637149028,3400000.0
gonzaju03,Unknown gonzaju03,1995,TEX,90,352,104,17,0.29545454545454547,0.3235294117647059,5400000.0
gonzaju03,Unknown gonzaju03,1996,TEX,134,541,170,45,0.3142329020332717,0.36824324324324326,7425000.0
gonzaju03,Unknown gonzaju03,1997,TEX,133,533,158,33,0.2964352720450281,0.33506044905008636,7500000.0
gonzaju03,Unknown gonzaju03,1998,TEX,154,606,193,46,0.3184818481848185,0.3662182361733931,7800000.0
gonzaju03,Unknown gonzaju03,1999,TEX,144,562,183,51,0.32562277580071175,0.3783783783783784,8500000.0
gonzaju03,Unknown gonzaju03,2000,DET,115,461,133,32,0.2885032537960954,0.33669354838709675,7500000.0
gonzaju03,Unknown gonzaju03,2001,CLE,140,532,173,41,0.325187969924812,0.3697478991596639,10000000.0
gonzaju03,Unknown gonzaju03,2002,TEX,70,277,78,17,0.2815884476534296,0.32432432432432434,11000000.0
gonzaju03,Unknown gonzaju03,2003,TEX,82,327,96,14,0.29357798165137616,0.32947976878612717,13000000.0
gonzaju03,Unknown gonzaju03,2004,KCA,33,127,35,9,0.2755905511811024,0.32608695652173914,4000000.0
gonzalu01,Unknown gonzalu01,1991,HOU,137,473,120,40,0.2536997885835095,0.32,105000.0
gonzalu01,Unknown gonzalu01,1992,HOU,122,387,94,24,0.24289405684754523,0.2891566265060241,285000.0
gonzalu01,Unknown gonzalu01,1993,HOU,154,540,162,47,0.3,0.36079077429983525,360000.0
gonzalu01,Unknown gonzalu01,1994,HOU,112,392,107,49,0.2729591836734694,0.35333333333333333,1630000.0
gonzalu01,Unknown gonzalu01,1995,HOU,56,209,54,18,0.2583732057416268,0.3218884120171674,1500000.0
gonzalu01,Unknown gonzalu01,1996,CHN,146,483,131,61,0.2712215320910973,0.35379061371841153,1400000.0
gonzalu01,Unknown gonzalu01,1997,HOU,152,550,142,71,0.2581818181818182,0.34548335974643424,1400000.0
gonzalu01,Unknown gonzalu01,1998,DET,154,547,146,57,0.26691042047531993,0.3403225806451613,2000000.0
gonzalu01,Unknown gonzalu01,1999,ARI,153,614,206,66,0.3355048859934853,0.4031791907514451,2050000.0
gonzalu01,Unknown gonzalu01,2000,ARI,162,618,192,78,0.3106796116504854,0.39166666666666666,3333333.0
gonzalu01,Unknown gonzalu01,2001,ARI,162,609,198,100,0.3251231527093596,0.42857142857142855,4833333.0
gonzalu01,Unknown gonzalu01,2002,ARI,148,524,151,97,0.2881679389312977,0.39968404423380727,4333333.0
gonzalu01,Unknown gonzalu01,2003,ARI,156,579,176,94,0.30397236614853196,0.4020618556701031,4000000.0
gonzalu01,Unknown gonzalu01,2004,ARI,105,379,98,68,0.25857519788918204,0.37250554323725055,8250000.0
gonzalu01,Unknown gonzalu01,2005,ARI,155,579,157,78,0.2711571675302245,0.36607142857142855,10083333.0
gonzalu01,Unknown gonzalu01,2006,ARI,153,586,159,69,0.2713310580204778,0.35179640718562877,10673328.0
gonzalu01,Unknown gonzalu01,2007,LAN,139,464,129,56,0.27801724137931033,0.3593155893536122,7156599.0
gonzalu01,Unknown gonzalu01,2008,FLO,136,341,89,41,0.26099706744868034,0.3359173126614987,2000000.0
gonzalu02,Unknown gonzalu02,2004,COL,102,322,94,15,0.2919254658385093,0.3304093567251462,300000.0
gonzalu02,Unknown gonzalu02,2005,COL,128,404,118,20,0.29207920792079206,0.3325635103926097,324000.0
gonzalu02,Unknown gonzalu02,2006,COL,61,149,36,4,0.24161073825503357,0.2692307692307692,345000.0
gonzare01,Unknown gonzare01,1990,BAL,67,103,22,12,0.21359223300970873,0.2956521739130435,191250.0
gonzare01,Unknown gonzare01,1991,TOR,71,118,23,12,0.19491525423728814,0.28888888888888886,306250.0
gonzare01,Unknown gonzare01,1992,CAL,104,329,91,41,0.2765957446808511,0.3626666666666667,325000.0
gonzare01,Unknown gonzare01,1993,CAL,118,335,84,49,0.2507462686567164,0.3462532299741602,750000.0
gonzawi01,Unknown gonzawi01,2000,SDN,95,284,66,30,0.2323943661971831,0.3113207547169811,208000.0
gonzawi01,Unknown gonzawi01,2001,SDN,64,160,44,11,0.275,0.3352272727272727,240000.0
gonzawi01,Unknown gonzawi01,2002,SDN,56,164,36,27,0.21951219512195122,0.32989690721649484,350000.0
goodwcu01,Unknown goodwcu01,1995,BAL,87,289,76,15,0.2629757785467128,0.30097087378640774,109000.0
goodwcu01,Unknown goodwcu01,1996,CIN,49,136,31,19,0.22794117647058823,0.3225806451612903,145000.0
goodwcu01,Unknown goodwcu01,1998,COL,119,159,39,16,0.24528301886792453,0.3125,208000.0
goodwcu01,Unknown goodwcu01,1999,CHN,89,157,38,13,0.24203821656050956,0.2982456140350877,308000.0
goodwto01,Unknown goodwto01,1995,KCA,133,480,138,38,0.2875,0.34608030592734224,145000.0
goodwto01,Unknown goodwto01,1996,KCA,143,524,148,39,0.2824427480916031,0.3339222614840989,312500.0
goodwto01,Unknown goodwto01,1997,KCA,97,367,100,19,0.2724795640326976,0.3110539845758355,1050000.0
goodwto01,Unknown goodwto01,1998,TEX,154,520,151,73,0.2903846153846154,0.3779264214046823,2350000.0
goodwto01,Unknown goodwto01,1999,TEX,109,405,105,40,0.25925925925925924,0.3236607142857143,3225000.0
goodwto01,Unknown goodwto01,2000,COL,91,317,86,50,0.27129337539432175,0.3682795698924731,3416667.0
goodwto01,Unknown goodwto01,2001,LAN,105,286,66,23,0.23076923076923078,0.2861736334405145,3416667.0
goodwto01,Unknown goodwto01,2003,CHN,87,171,49,11,0.28654970760233917,0.32786885245901637,635000.0
goodwto01,Unknown goodwto01,2004,CHN,77,105,21,8,0.2,0.2543859649122807,650000.0
gordoal01,Unknown gordoal01,2007,KCA,151,543,134,41,0.24677716390423574,0.31385642737896496,380000.0
gordoal01,Unknown gordoal01,2008,KCA,134,493,128,66,0.25963488843813387,0.3508771929824561,406000.0
gordoal01,Unknown gordoal01,2009,KCA,49,164,38,21,0.23170731707317074,0.324468085106383,457000.0
gordoal01,Unknown gordoal01,2010,KCA,74,242,52,34,0.21487603305785125,0.3154121863799283,1150000.0
gotayru01,Unknown gotayru01,2005,KCA,86,282,64,22,0.22695035460992907,0.28753993610223644,316000.0
gotayru01,Unknown gotayru01,2008,ATL,88,102,24,13,0.23529411764705882,0.3217391304347826,403000.0
graboja01,Unknown graboja01,2004,LAN,113,173,38,19,0.21965317919075145,0.296875,301000.0
graboja01,Unknown graboja01,2005,LAN,65,112,18,10,0.16071428571428573,0.22764227642276422,327000.0
gracema01,Unknown gracema01,1990,CHN,157,589,182,59,0.3089983022071307,0.3721633888048411,325000.0
gracema01,Unknown gracema01,1991,CHN,160,619,169,70,0.2730210016155089,0.34620886981402005,1200000.0
gracema01,Unknown gracema01,1992,CHN,158,603,185,72,0.3067993366500829,0.3799126637554585,2262500.0
gracema01,Unknown gracema01,1993,CHN,155,594,193,71,0.32491582491582494,0.3925925925925926,3100000.0
gracema01,Unknown gracema01,1994,CHN,106,403,120,48,0.2977667493796526,0.3700440528634361,4400000.0
gracema01,Unknown gracema01,1995,CHN,143,552,180,65,0.32608695652173914,0.39456869009584666,4400000.0
gracema01,Unknown gracema01,1996,CHN,142,547,181,62,0.33089579524680074,0.3961038961038961,4175000.0
gracema01,Unknown gracema01,1997,CHN,151,555,177,88,0.31891891891891894,0.40888208269525267,4525000.0
gracema01,Unknown gracema01,1998,CHN,158,595,184,93,0.3092436974789916,0.40114613180515757,4225000.0
gracema01,Unknown gracema01,1999,CHN,161,593,183,83,0.3086003372681282,0.38953488372093026,4100000.0
gracema01,Unknown gracema01,2000,CHN,143,510,143,95,0.2803921568627451,0.39418416801292405,5300000.0
gracema01,Unknown gracema01,2001,ARI,145,476,142,67,0.29831932773109243,0.3858695652173913,3000000.0
gracema01,Unknown gracema01,2002,ARI,124,298,75,46,0.2516778523489933,0.3505747126436782,3000000.0
gracema01,Unknown gracema01,2003,ARI,66,135,27,16,0.2,0.2792207792207792,1750000.0
graffto01,Unknown graffto01,1997,ATL,104,186,48,26,0.25806451612903225,0.3440366972477064,152500.0
graffto01,Unknown graffto01,1998,ATL,105,289,61,24,0.21107266435986158,0.27531645569620256,192500.0
graffto01,Unknown graffto01,1999,TBA,39,130,41,9,0.3153846153846154,0.36428571428571427,262500.0
graffto01,Unknown graffto01,2001,CHA,74,145,44,16,0.30344827586206896,0.3696969696969697,375000.0
graffto01,Unknown graffto01,2002,CHA,70,229,60,22,0.26200873362445415,0.32941176470588235,575000.0
graffto01,Unknown graffto01,2003,CHA,90,250,65,24,0.26,0.33093525179856115,675000.0
graffto01,Unknown graffto01,2004,KCA,75,278,73,27,0.26258992805755393,0.33225806451612905,1100000.0
graffto01,Unknown graffto01,2005,KCA,59,191,57,22,0.29842931937172773,0.3767441860465116,1100000.0
graffto01,Unknown graffto01,2006,KCA,69,220,59,25,0.2681818181818182,0.34552845528455284,2050000.0
graffto01,Unknown graffto01,2007,MIL,86,231,55,24,0.23809523809523808,0.3153846153846154,3250000.0
grandcu01,Unknown grandcu01,2006,DET,159,596,155,66,0.2600671140939597,0.33482142857142855,335000.0
grandcu01,Unknown grandcu01,2007,DET,158,612,185,52,0.3022875816993464,0.36065573770491804,410000.0
grandcu01,Unknown grandcu01,2008,DET,141,553,155,71,0.28028933092224234,0.3646496815286624,1000000.0
grandcu01,Unknown grandcu01,2009,DET,160,631,157,72,0.24881141045958796,0.32673267326732675,3500000.0
grandcu01,Unknown grandcu01,2010,NYA,136,466,115,53,0.24678111587982832,0.3244274809160305,5500000.0
grebecr01,Unknown grebecr01,1990,CHA,59,119,20,8,0.16806722689075632,0.22727272727272727,100000.0
grebecr01,Unknown grebecr01,1991,CHA,107,224,63,38,0.28125,0.38636363636363635,125000.0
grebecr01,Unknown grebecr01,1992,CHA,88,287,77,30,0.2682926829268293,0.34055727554179566,200000.0
grebecr01,Unknown grebecr01,1993,CHA,72,190,43,26,0.22631578947368422,0.3194444444444444,632500.0
grebecr01,Unknown grebecr01,1995,CHA,53,154,40,21,0.2597402597402597,0.3595505617977528,670000.0
grebecr01,Unknown grebecr01,1997,ANA,63,126,34,18,0.2698412698412698,0.3586206896551724,400000.0
grebecr01,Unknown grebecr01,1998,TOR,102,301,77,29,0.2558139534883721,0.3273809523809524,415000.0
grebecr01,Unknown grebecr01,1999,TOR,34,113,41,15,0.36283185840707965,0.44274809160305345,550000.0
grebecr01,Unknown grebecr01,2000,TOR,66,241,71,25,0.2946058091286307,0.3643122676579926,800000.0
greenkh01,Unknown greenkh01,2004,SDN,139,484,132,53,0.2727272727272727,0.34900542495479203,300500.0
greenkh01,Unknown greenkh01,2005,SDN,121,436,109,25,0.25,0.2959830866807611,355000.0
greenkh01,Unknown greenkh01,2006,SDN,121,412,101,39,0.24514563106796117,0.31956521739130433,405000.0
greenkh01,Unknown greenkh01,2007,SDN,153,611,155,32,0.25368248772504093,0.291350531107739,2250000.0
greenkh01,Unknown greenkh01,2008,SDN,105,389,83,22,0.2133676092544987,0.26004728132387706,4500000.0
greenkh01,Unknown greenkh01,2009,SLN,77,170,34,15,0.2,0.27225130890052357,6500000.0
greenmi01,Unknown greenmi01,1990,BOS,159,610,181,65,0.2967213114754098,0.36656891495601174,1225000.0
greenmi01,Unknown greenmi01,1991,BOS,147,544,163,43,0.29963235294117646,0.3500837520938023,2650000.0
greenmi01,Unknown greenmi01,1992,BOS,49,180,42,18,0.23333333333333334,0.3069306930693069,3050000.0
greenmi01,Unknown greenmi01,1993,BOS,146,540,170,54,0.3148148148148148,0.3793677204658902,3425000.0
greenmi01,Unknown greenmi01,1994,BOS,95,327,88,38,0.2691131498470948,0.34759358288770054,3325000.0
greenmi01,Unknown greenmi01,1995,BOS,120,481,143,38,0.2972972972972973,0.3485714285714286,3600000.0
greenmi01,Unknown greenmi01,1996,BOS,77,295,87,18,0.29491525423728815,0.33647798742138363,3700000.0
greenni01,Unknown greenni01,2005,TBA,111,318,76,33,0.2389937106918239,0.3287671232876712,325000.0
greenni01,Unknown greenni01,2009,BOS,104,276,65,20,0.23550724637681159,0.30293159609120524,550000.0
greensh01,Unknown greensh01,1995,TOR,121,379,109,20,0.287598944591029,0.32592592592592595,130000.0
greensh01,Unknown greensh01,1996,TOR,132,422,118,33,0.2796208530805687,0.3419354838709677,287500.0
greensh01,Unknown greensh01,1997,TOR,135,429,123,36,0.2867132867132867,0.3404255319148936,500000.0
greensh01,Unknown greensh01,1998,TOR,158,630,175,50,0.2777777777777778,0.33430232558139533,1475000.0
greensh01,Unknown greensh01,1999,TOR,153,614,190,66,0.30944625407166126,0.38362068965517243,3125000.0
greensh01,Unknown greensh01,2000,LAN,162,610,164,90,0.26885245901639343,0.36694677871148457,9416667.0
greensh01,Unknown greensh01,2001,LAN,161,619,184,72,0.2972536348949919,0.3723252496433666,12166667.0
greensh01,Unknown greensh01,2002,LAN,158,582,166,93,0.2852233676975945,0.3854014598540146,13416667.0
greensh01,Unknown greensh01,2003,LAN,160,611,171,68,0.27986906710310966,0.3545586107091172,15666667.0
greensh01,Unknown greensh01,2004,LAN,157,590,157,71,0.26610169491525426,0.35171385991058124,16666667.0
greensh01,Unknown greensh01,2005,ARI,158,581,166,62,0.2857142857142857,0.3551829268292683,7833333.0
greensh01,Unknown greensh01,2006,ARI,115,417,118,37,0.2829736211031175,0.3484848484848485,10213898.0
greensh01,Unknown greensh01,2007,NYN,130,446,130,37,0.2914798206278027,0.35173824130879344,9500000.0
greento02,Unknown greento02,1997,ANA,34,124,36,7,0.2903225806451613,0.3282442748091603,153000.0
greento02,Unknown greento02,1999,ANA,97,321,78,12,0.24299065420560748,0.27514792899408286,225000.0
greento02,Unknown greento02,2003,TEX,62,205,47,2,0.22926829268292684,0.24285714285714285,750000.0
greento02,Unknown greento02,2004,COL,75,195,55,13,0.28205128205128205,0.3253588516746411,550000.0
greento02,Unknown greento02,2005,COL,38,126,32,7,0.25396825396825395,0.29850746268656714,650000.0
greento02,Unknown greento02,2006,SFN,61,159,46,10,0.2893081761006289,0.3352941176470588,700000.0
greenwi01,Unknown greenwi01,1996,CIN,115,287,70,36,0.24390243902439024,0.3271604938271605,130000.0
greenwi01,Unknown greenwi01,1997,CIN,151,495,125,78,0.25252525252525254,0.3535528596187175,300000.0
greenwi01,Unknown greenwi01,1998,CIN,111,356,96,56,0.2696629213483146,0.37170263788968827,1750000.0
greenwi01,Unknown greenwi01,1999,TOR,81,226,46,20,0.20353982300884957,0.2661290322580645,1000000.0
greenwi01,Unknown greenwi01,2000,CHN,105,299,60,36,0.20066889632107024,0.2890855457227139,395000.0
greerru01,Unknown greerru01,1994,TEX,80,277,87,46,0.3140794223826715,0.41033434650455924,109000.0
greerru01,Unknown greerru01,1995,TEX,131,417,113,55,0.2709832134292566,0.3550420168067227,175000.0
greerru01,Unknown greerru01,1996,TEX,139,542,180,62,0.33210332103321033,0.39708265802269044,258333.0
greerru01,Unknown greerru01,1997,TEX,157,601,193,83,0.3211314475873544,0.40493468795355586,358333.0
greerru01,Unknown greerru01,1998,TEX,155,598,183,80,0.3060200668896321,0.38639652677279307,1025000.0
greerru01,Unknown greerru01,1999,TEX,147,556,167,96,0.30035971223021585,0.40483383685800606,3300000.0
greerru01,Unknown greerru01,2000,TEX,105,394,117,51,0.2969543147208122,0.37748344370860926,3600000.0
greerru01,Unknown greerru01,2001,TEX,62,245,67,27,0.27346938775510204,0.34172661870503596,4600000.0
greerru01,Unknown greerru01,2002,TEX,51,199,59,19,0.2964824120603015,0.3561643835616438,6800000.0
greggto01,Unknown greggto01,1990,ATL,124,239,63,20,0.26359832635983266,0.3218390804597701,155000.0
greggto01,Unknown greggto01,1991,ATL,72,107,20,12,0.18691588785046728,0.275,265000.0
greggto01,Unknown greggto01,1995,FLO,72,156,37,16,0.23717948717948717,0.3125,125000.0
grievbe01,Unknown grievbe01,1998,OAK,155,583,168,85,0.2881646655231561,0.3864306784660767,172000.0
grievbe01,Unknown grievbe01,1999,OAK,148,486,129,63,0.2654320987654321,0.35842293906810035,300000.0
grievbe01,Unknown grievbe01,2000,OAK,158,594,166,73,0.27946127946127947,0.3585185185185185,750000.0
grievbe01,Unknown grievbe01,2001,TBA,154,542,143,87,0.26383763837638374,0.37245696400625977,2750000.0
grievbe01,Unknown grievbe01,2002,TBA,136,482,121,69,0.25103734439834025,0.35294117647058826,4000000.0
grievbe01,Unknown grievbe01,2003,TBA,55,165,38,32,0.23030303030303031,0.37073170731707317,5500000.0
grievbe01,Unknown grievbe01,2004,MIL,108,234,61,39,0.2606837606837607,0.36363636363636365,700000.0
griffal01,Unknown griffal01,1990,LAN,141,461,97,29,0.210412147505423,0.25806451612903225,1000000.0
griffal01,Unknown griffal01,1991,LAN,109,350,85,22,0.24285714285714285,0.2857142857142857,900000.0
griffal01,Unknown griffal01,1992,TOR,63,150,35,9,0.23333333333333334,0.2732919254658385,637500.0
griffke02,Unknown griffke02,1990,SEA,155,597,179,63,0.2998324958123953,0.3663663663663664,180000.0
griffke02,Unknown griffke02,1991,SEA,154,548,179,71,0.3266423357664234,0.3990461049284579,700000.0
griffke02,Unknown griffke02,1992,SEA,142,565,174,44,0.30796460176991153,0.36142625607779577,2025000.0
griffke02,Unknown griffke02,1993,SEA,156,582,180,96,0.30927835051546393,0.4081041968162084,4150000.0
griffke02,Unknown griffke02,1994,SEA,111,433,140,56,0.3233256351039261,0.40162271805273836,5100000.0
griffke02,Unknown griffke02,1995,SEA,72,260,67,52,0.25769230769230766,0.37898089171974525,7600000.0
griffke02,Unknown griffke02,1996,SEA,140,545,165,78,0.30275229357798167,0.3924646781789639,7650000.0
griffke02,Unknown griffke02,1997,SEA,157,608,185,76,0.3042763157894737,0.3821022727272727,7885532.0
griffke02,Unknown griffke02,1998,SEA,161,633,180,76,0.2843601895734597,0.36527777777777776,8153667.0
griffke02,Unknown griffke02,1999,SEA,160,606,173,91,0.2854785478547855,0.3838526912181303,8760532.0
griffke02,Unknown griffke02,2000,CIN,145,520,141,94,0.27115384615384613,0.3866877971473851,9329700.0
griffke02,Unknown griffke02,2001,CIN,111,364,104,44,0.2857142857142857,0.36538461538461536,12500000.0
griffke02,Unknown griffke02,2002,CIN,70,197,52,28,0.2639593908629442,0.3577586206896552,8557223.0
griffke02,Unknown griffke02,2003,CIN,53,166,41,27,0.2469879518072289,0.37,12500000.0
griffke02,Unknown griffke02,2004,CIN,83,300,76,44,0.25333333333333335,0.3505747126436782,12500000.0
griffke02,Unknown griffke02,2005,CIN,128,491,148,54,0.3014256619144603,0.36936936936936937,12500000.0
griffke02,Unknown griffke02,2006,CIN,109,428,108,39,0.2523364485981308,0.3156779661016949,10464686.0
griffke02,Unknown griffke02,2007,CIN,144,528,146,85,0.2765151515151515,0.3723916532905297,8446647.0
griffke02,Unknown griffke02,2008,CIN,102,359,88,61,0.24512534818941503,0.3552941176470588,8282695.0
griffke02,Unknown griffke02,2009,SEA,117,387,83,63,0.2144702842377261,0.3237885462555066,2000000.0
grissma02,Unknown grissma02,1990,MON,98,288,74,27,0.2569444444444444,0.31962025316455694,103500.0
grissma02,Unknown grissma02,1992,MON,159,653,180,42,0.27565084226646247,0.3224431818181818,300000.0
grissma02,Unknown grissma02,1993,MON,157,630,188,52,0.2984126984126984,0.35064935064935066,1500000.0
grissma02,Unknown grissma02,1994,MON,110,475,137,41,0.28842105263157897,0.3435700575815739,3575000.0
grissma02,Unknown grissma02,1995,ATL,139,551,142,47,0.2577132486388385,0.31735537190082647,4950000.0
grissma02,Unknown grissma02,1996,ATL,158,671,207,41,0.30849478390462,0.34909596662030595,4850000.0
grissma02,Unknown grissma02,1997,CLE,144,558,146,43,0.2616487455197133,0.31655844155844154,4850000.0
grissma02,Unknown grissma02,1998,MIL,142,542,147,24,0.27121771217712176,0.30350877192982456,5000000.0
grissma02,Unknown grissma02,1999,MIL,154,603,161,49,0.2669983416252073,0.319634703196347,5000000.0
grissma02,Unknown grissma02,2000,MIL,146,595,145,39,0.24369747899159663,0.2884012539184953,5000000.0
grissma02,Unknown grissma02,2001,LAN,135,448,99,16,0.22098214285714285,0.25,5000000.0
grissma02,Unknown grissma02,2002,LAN,111,343,95,22,0.27696793002915454,0.32075471698113206,5000000.0
grissma02,Unknown grissma02,2003,SFN,149,587,176,20,0.29982964224872233,0.32195121951219513,1875000.0
grissma02,Unknown grissma02,2004,SFN,145,562,157,37,0.2793594306049822,0.3228476821192053,2125000.0
grissma02,Unknown grissma02,2005,SFN,44,137,29,7,0.2116788321167883,0.2482758620689655,2750000.0
grossga01,Unknown grossga01,2006,MIL,117,208,57,36,0.27403846153846156,0.3815261044176707,335000.0
grossga01,Unknown grossga01,2007,MIL,93,183,43,25,0.23497267759562843,0.32857142857142857,398000.0
grossga01,Unknown grossga01,2009,TBA,115,282,64,42,0.22695035460992907,0.3261538461538461,1255000.0
grossga01,Unknown grossga01,2010,OAK,105,222,53,17,0.23873873873873874,0.29045643153526973,750000.0
grubeke01,Unknown grubeke01,1990,TOR,150,592,162,48,0.27364864864864863,0.329803328290469,1150000.0
grubeke01,Unknown grubeke01,1991,TOR,113,429,108,31,0.2517482517482518,0.3078556263269639,3033333.0
grubeke01,Unknown grubeke01,1992,TOR,120,446,102,26,0.22869955156950672,0.275,3633333.0
grudzma01,Unknown grudzma01,1995,MON,78,269,66,14,0.24535315985130113,0.3,109000.0
grudzma01,Unknown grudzma01,1996,MON,153,657,201,26,0.3059360730593607,0.339568345323741,135000.0
grudzma01,Unknown grudzma01,1997,MON,156,649,177,23,0.2727272727272727,0.30656934306569344,220000.0
grudzma01,Unknown grudzma01,1998,MON,105,396,109,21,0.27525252525252525,0.32325581395348835,350000.0
grudzma01,Unknown grudzma01,1999,LAN,123,488,159,31,0.32581967213114754,0.37593984962406013,1900000.0
grudzma01,Unknown grudzma01,2000,LAN,148,617,172,45,0.2787682333873582,0.3353115727002967,3000000.0
grudzma01,Unknown grudzma01,2001,LAN,133,539,146,28,0.27087198515769945,0.31732418524871353,4000000.0
grudzma01,Unknown grudzma01,2002,LAN,150,536,145,22,0.27052238805970147,0.3008849557522124,5000000.0
grudzma01,Unknown grudzma01,2003,CHN,121,481,151,30,0.31392931392931395,0.366412213740458,5500000.0
grudzma01,Unknown grudzma01,2004,CHN,81,257,79,15,0.30739299610894943,0.3467153284671533,2500000.0
grudzma01,Unknown grudzma01,2005,SLN,137,528,155,26,0.2935606060606061,0.3339253996447602,1000000.0
grudzma01,Unknown grudzma01,2006,KCA,134,548,163,28,0.29744525547445255,0.33104631217838765,4000000.0
grudzma01,Unknown grudzma01,2007,KCA,116,453,137,23,0.30242825607064017,0.345679012345679,4000000.0
grudzma01,Unknown grudzma01,2008,KCA,86,331,99,19,0.2990936555891239,0.3445378151260504,4500000.0
grudzma01,Unknown grudzma01,2010,CLE,30,110,30,8,0.2727272727272727,0.3277310924369748,600000.0
guerrju01,Unknown guerrju01,1992,HOU,79,125,25,10,0.2,0.2608695652173913,109000.0
guerrpe01,Unknown guerrpe01,1990,SLN,136,498,140,44,0.28112449799196787,0.33393501805054154,2083333.0
guerrpe01,Unknown guerrpe01,1991,SLN,115,427,116,37,0.2716627634660422,0.326271186440678,2283334.0
guerrpe01,Unknown guerrpe01,1992,SLN,43,146,32,11,0.2191780821917808,0.27044025157232704,2425000.0
guerrvl01,Unknown guerrvl01,1997,MON,90,325,98,19,0.30153846153846153,0.3502824858757062,150000.0
guerrvl01,Unknown guerrvl01,1998,MON,159,623,202,42,0.32423756019261635,0.3707533234859675,230000.0
guerrvl01,Unknown guerrvl01,1999,MON,160,610,193,55,0.3163934426229508,0.37833827893175076,1050000.0
guerrvl01,Unknown guerrvl01,2000,MON,154,571,197,58,0.3450087565674256,0.41029641185647425,3500000.0
guerrvl01,Unknown guerrvl01,2001,MON,159,599,184,60,0.3071786310517529,0.3770491803278688,6000000.0
guerrvl01,Unknown guerrvl01,2002,MON,161,614,206,84,0.3355048859934853,0.41748942172073344,8000000.0
guerrvl01,Unknown guerrvl01,2003,MON,112,394,130,63,0.3299492385786802,0.4261241970021413,11500000.0
guerrvl01,Unknown guerrvl01,2004,ANA,156,612,206,52,0.3366013071895425,0.3911764705882353,11000000.0
guerrvl01,Unknown guerrvl01,2005,LAA,141,520,165,61,0.3173076923076923,0.3939393939393939,12500000.0
guerrvl01,Unknown guerrvl01,2006,LAA,156,607,200,50,0.32948929159802304,0.3819548872180451,13500000.0
guerrvl01,Unknown guerrvl01,2007,LAA,150,574,186,71,0.3240418118466899,0.403030303030303,14500000.0
guerrvl01,Unknown guerrvl01,2008,LAA,143,541,164,51,0.3031423290203327,0.365,15500000.0
guerrvl01,Unknown guerrvl01,2009,LAA,100,383,113,19,0.2950391644908616,0.33415233415233414,15000000.0
guerrvl01,Unknown guerrvl01,2010,TEX,152,593,178,35,0.30016863406408095,0.3452566096423017,5500000.0
guerrwi01,Unknown guerrwi01,1997,LAN,111,357,104,8,0.2913165266106443,0.30517711171662126,150000.0
guerrwi01,Unknown guerrwi01,1998,LAN,64,180,51,4,0.2833333333333333,0.2994652406417112,265000.0
guerrwi01,Unknown guerrwi01,1999,MON,132,315,92,13,0.2920634920634921,0.3242424242424242,340000.0
guerrwi01,Unknown guerrwi01,2000,MON,127,288,77,19,0.2673611111111111,0.3116883116883117,825000.0
guerrwi01,Unknown guerrwi01,2001,CIN,60,142,48,3,0.3380281690140845,0.35172413793103446,400000.0
guielaa01,Unknown guielaa01,2004,KCA,42,135,21,17,0.15555555555555556,0.26282051282051283,320000.0
guillca01,Unknown guillca01,2000,SEA,90,288,74,28,0.2569444444444444,0.32398753894080995,205000.0
guillca01,Unknown guillca01,2001,SEA,140,456,118,53,0.25877192982456143,0.3333333333333333,285000.0
guillca01,Unknown guillca01,2002,SEA,134,475,124,46,0.26105263157894737,0.32571428571428573,1400000.0
guillca01,Unknown guillca01,2003,SEA,109,388,107,52,0.2757731958762887,0.35874439461883406,2500000.0
guillca01,Unknown guillca01,2004,DET,136,522,166,52,0.31800766283524906,0.3793103448275862,2500000.0
guillca01,Unknown guillca01,2005,DET,87,334,107,24,0.3203592814371258,0.3684210526315789,4000000.0
guillca01,Unknown guillca01,2006,DET,153,543,174,71,0.32044198895027626,0.4003215434083601,5000000.0
guillca01,Unknown guillca01,2007,DET,151,564,167,55,0.29609929078014185,0.35714285714285715,5000000.0
guillca01,Unknown guillca01,2008,DET,113,420,120,60,0.2857142857142857,0.3757700205338809,12000000.0
guillca01,Unknown guillca01,2009,DET,81,277,67,39,0.24187725631768953,0.3385093167701863,10000000.0
guillca01,Unknown guillca01,2010,DET,68,253,69,21,0.2727272727272727,0.32727272727272727,13000000.0
guilljo01,Unknown guilljo01,1997,PIT,143,498,133,17,0.26706827309236947,0.30038022813688214,150000.0
guilljo01,Unknown guilljo01,1998,PIT,153,573,153,21,0.2670157068062827,0.2980132450331126,255000.0
guilljo01,Unknown guilljo01,1999,PIT,40,120,32,10,0.26666666666666666,0.32061068702290074,375000.0
guilljo01,Unknown guilljo01,2000,TBA,105,316,80,18,0.25316455696202533,0.31988472622478387,375000.0
guilljo01,Unknown guilljo01,2001,TBA,41,135,37,6,0.2740740740740741,0.31724137931034485,975000.0
guilljo01,Unknown guilljo01,2002,ARI,54,131,30,7,0.22900763358778625,0.2765957446808511,500000.0
guilljo01,Unknown guilljo01,2004,ANA,148,565,166,37,0.2938053097345133,0.35161290322580646,2200000.0
guilljo01,Unknown guilljo01,2005,WAS,148,551,156,31,0.2831215970961887,0.3377049180327869,3500000.0
guilljo01,Unknown guilljo01,2006,WAS,69,241,52,15,0.2157676348547718,0.27611940298507465,4000000.0
guilljo01,Unknown guilljo01,2007,SEA,153,593,172,41,0.2900505902192243,0.3525835866261398,5000000.0
guilljo01,Unknown guilljo01,2008,KCA,153,598,158,23,0.26421404682274247,0.3001579778830964,12000000.0
guilljo01,Unknown guilljo01,2009,KCA,81,281,68,22,0.24199288256227758,0.3141025641025641,12000000.0
guilljo01,Unknown guilljo01,2010,KCA,106,396,101,27,0.255050505050505,0.3135011441647597,12000000.0
guilloz01,Unknown guilloz01,1990,CHA,160,516,144,26,0.27906976744186046,0.31204379562043794,1000000.0
guilloz01,Unknown guilloz01,1991,CHA,154,524,143,11,0.2729007633587786,0.28413284132841327,1600000.0
guilloz01,Unknown guilloz01,1993,CHA,134,457,128,10,0.2800875273522976,0.2917547568710359,2000000.0
guilloz01,Unknown guilloz01,1994,CHA,100,365,105,14,0.2876712328767123,0.31070496083550914,2100000.0
guilloz01,Unknown guilloz01,1995,CHA,122,415,103,13,0.24819277108433735,0.2703962703962704,3500000.0
guilloz01,Unknown guilloz01,1996,CHA,150,499,131,10,0.2625250501002004,0.27325581395348836,4000000.0
guilloz01,Unknown guilloz01,1997,CHA,142,490,120,22,0.24489795918367346,0.2751937984496124,4500000.0
guilloz01,Unknown guilloz01,1998,ATL,83,264,73,24,0.2765151515151515,0.33676975945017185,170000.0
guilloz01,Unknown guilloz01,1999,ATL,92,232,56,15,0.2413793103448276,0.284,550000.0
gutiefr01,Unknown gutiefr01,2007,CLE,100,271,72,21,0.2656826568265683,0.31756756756756754,381900.0
gutiefr01,Unknown gutiefr01,2008,CLE,134,399,99,27,0.24812030075187969,0.3073394495412844,404400.0
gutiefr01,Unknown gutiefr01,2009,SEA,153,565,160,46,0.2831858407079646,0.3392857142857143,455000.0
gutiefr01,Unknown gutiefr01,2010,SEA,152,568,139,50,0.24471830985915494,0.30303030303030304,2312500.0
gutieri01,Unknown gutieri01,1993,SDN,133,438,110,50,0.2511415525114155,0.3340080971659919,109000.0
gutieri01,Unknown gutieri01,1994,SDN,90,275,66,32,0.24,0.32051282051282054,187500.0
gutieri01,Unknown gutieri01,1995,HOU,52,156,43,10,0.27564102564102566,0.32142857142857145,210000.0
gutieri01,Unknown gutieri01,1996,HOU,89,218,62,23,0.28440366972477066,0.35918367346938773,235000.0
gutieri01,Unknown gutieri01,1997,HOU,102,303,79,21,0.2607260726072607,0.3149847094801223,420000.0
gutieri01,Unknown gutieri01,1998,HOU,141,491,128,54,0.2606924643584521,0.33691756272401435,850000.0
gutieri01,Unknown gutieri01,1999,HOU,85,268,70,37,0.26119402985074625,0.3538961038961039,2212500.0
gutieri01,Unknown gutieri01,2000,CHN,125,449,124,66,0.27616926503340755,0.3745247148288973,2500000.0
gutieri01,Unknown gutieri01,2001,CHN,147,528,153,40,0.2897727272727273,0.34465195246179964,3400000.0
gutieri01,Unknown gutieri01,2002,CLE,94,353,97,20,0.2747875354107649,0.32545931758530183,2166667.0
guzmacr01,Unknown guzmacr01,1999,MIN,131,420,95,22,0.2261904761904762,0.267260579064588,200000.0
guzmacr01,Unknown guzmacr01,2000,MIN,156,631,156,46,0.24722662440570523,0.2986822840409956,230000.0
guzmacr01,Unknown guzmacr01,2001,MIN,118,493,149,21,0.3022312373225152,0.3371868978805395,325000.0
guzmacr01,Unknown guzmacr01,2002,MIN,148,623,170,17,0.27287319422150885,0.2916666666666667,1425000.0
guzmacr01,Unknown guzmacr01,2003,MIN,143,534,143,30,0.26779026217228463,0.3106457242582897,2525000.0
guzmacr01,Unknown guzmacr01,2004,MIN,145,576,158,30,0.2743055555555556,0.309328968903437,3725000.0
guzmacr01,Unknown guzmacr01,2005,WAS,142,456,100,25,0.21929824561403508,0.2603305785123967,4200000.0
guzmacr01,Unknown guzmacr01,2007,WAS,46,174,57,15,0.3275862068965517,0.3802083333333333,4200000.0
guzmacr01,Unknown guzmacr01,2008,WAS,138,579,183,23,0.3160621761658031,0.3453355155482815,4200000.0
guzmacr01,Unknown guzmacr01,2009,WAS,135,531,151,16,0.2843691148775895,0.30601092896174864,8000000.0
guzmacr01,Unknown guzmacr01,2010,WAS,89,319,90,17,0.28213166144200624,0.32653061224489793,8000000.0
gwynnch01,Unknown gwynnch01,1990,LAN,101,141,40,7,0.28368794326241137,0.31125827814569534,125000.0
gwynnch01,Unknown gwynnch01,1991,LAN,94,139,35,10,0.2517985611510791,0.3006535947712418,260000.0
gwynnch01,Unknown gwynnch01,1993,KCA,103,287,86,24,0.29965156794425085,0.3535031847133758,505000.0
gwynnto01,Unknown gwynnto01,1990,SDN,141,573,177,44,0.3089005235602094,0.35691318327974275,1066667.0
gwynnto01,Unknown gwynnto01,1991,SDN,134,530,168,34,0.3169811320754717,0.35500878734622143,2162500.0
gwynnto01,Unknown gwynnto01,1992,SDN,128,520,165,46,0.3173076923076923,0.37082601054481545,2025000.0
gwynnto01,Unknown gwynnto01,1993,SDN,122,489,175,36,0.35787321063394684,0.3977485928705441,4333333.0
gwynnto01,Unknown gwynnto01,1994,SDN,110,419,165,48,0.3937947494033413,0.45358649789029537,3633333.0
gwynnto01,Unknown gwynnto01,1995,SDN,135,535,197,35,0.36822429906542054,0.4038128249566724,4658334.0
gwynnto01,Unknown gwynnto01,1996,SDN,116,451,159,39,0.352549889135255,0.40040241448692154,4300000.0
gwynnto01,Unknown gwynnto01,1997,SDN,149,592,220,43,0.3716216216216216,0.40923076923076923,4575000.0
gwynnto01,Unknown gwynnto01,1998,SDN,127,461,148,35,0.3210412147505423,0.36435643564356435,4050000.0
gwynnto01,Unknown gwynnto01,1999,SDN,111,411,139,29,0.3381995133819951,0.3811659192825112,4400000.0
gwynnto01,Unknown gwynnto01,2000,SDN,36,127,41,9,0.3228346456692913,0.36428571428571427,6300000.0
gwynnto01,Unknown gwynnto01,2001,SDN,71,102,33,10,0.3235294117647059,0.38392857142857145,2000000.0
gwynnto02,Unknown gwynnto02,2007,MIL,69,123,32,12,0.2601626016260163,0.32592592592592595,381000.0
gwynnto02,Unknown gwynnto02,2010,SDN,117,289,59,41,0.2041522491349481,0.3042168674698795,419800.0
hafnetr01,Unknown hafnetr01,2003,CLE,91,291,74,22,0.2542955326460481,0.3271604938271605,302200.0
hafnetr01,Unknown hafnetr01,2004,CLE,140,482,150,68,0.3112033195020747,0.41012216404886565,316300.0
hafnetr01,Unknown hafnetr01,2005,CLE,137,486,148,79,0.3045267489711934,0.4083044982698962,377400.0
hafnetr01,Unknown hafnetr01,2006,CLE,129,454,140,100,0.30837004405286345,0.43872113676731794,2700000.0
hafnetr01,Unknown hafnetr01,2007,CLE,152,545,145,102,0.26605504587155965,0.38543247344461307,4050000.0
hafnetr01,Unknown hafnetr01,2008,CLE,57,198,39,27,0.19696969696969696,0.30472103004291845,8050000.0
hafnetr01,Unknown hafnetr01,2009,CLE,94,338,92,41,0.27218934911242604,0.35509138381201044,11500000.0
hafnetr01,Unknown hafnetr01,2010,CLE,118,396,110,51,0.2777777777777778,0.37445887445887444,11500000.0
hairsje02,Unknown hairsje02,2000,BAL,49,180,46,21,0.25555555555555554,0.3526570048309179,205000.0
hairsje02,Unknown hairsje02,2001,BAL,159,532,124,44,0.23308270676691728,0.30522765598650925,235000.0
hairsje02,Unknown hairsje02,2002,BAL,122,426,114,34,0.2676056338028169,0.32908704883227174,300000.0
hairsje02,Unknown hairsje02,2003,BAL,58,218,59,23,0.2706422018348624,0.3534136546184739,1550000.0
hairsje02,Unknown hairsje02,2004,BAL,86,287,87,29,0.30313588850174217,0.3780487804878049,1650000.0
hairsje02,Unknown hairsje02,2005,CHN,114,380,99,31,0.26052631578947366,0.33569739952718675,1800000.0
hairsje02,Unknown hairsje02,2007,TEX,73,159,30,11,0.18867924528301888,0.24858757062146894,750000.0
hairsje02,Unknown hairsje02,2009,CIN,86,307,78,21,0.254071661237785,0.30538922155688625,2000000.0
hairsje02,Unknown hairsje02,2010,SDN,119,430,105,31,0.2441860465116279,0.298728813559322,2125000.0
hairssc01,Unknown hairssc01,2007,ARI,76,176,39,19,0.2215909090909091,0.3010204081632653,389000.0
hairssc01,Unknown hairssc01,2008,SDN,112,326,81,28,0.24846625766871167,0.31197771587743733,406000.0
hairssc01,Unknown hairssc01,2009,SDN,56,197,59,17,0.29949238578680204,0.3581395348837209,1250000.0
hairssc01,Unknown hairssc01,2010,SDN,104,295,62,31,0.21016949152542372,0.29464285714285715,2450000.0
halech01,Unknown halech01,1993,MIN,69,186,62,18,0.3333333333333333,0.4075829383886256,128000.0
halech01,Unknown halech01,1994,MIN,67,118,31,16,0.2627118644067797,0.35036496350364965,150000.0
halech01,Unknown halech01,1995,MIN,69,103,27,11,0.2621359223300971,0.3333333333333333,167500.0
hallbi03,Unknown hallbi03,2004,MIL,126,390,93,20,0.23846153846153847,0.27602905569007263,310000.0
hallbi03,Unknown hallbi03,2005,MIL,146,501,146,39,0.29141716566866266,0.34191176470588236,344000.0
hallbi03,Unknown hallbi03,2006,MIL,148,537,145,63,0.27001862197392923,0.34545454545454546,418000.0
hallbi03,Unknown hallbi03,2007,MIL,136,452,115,40,0.25442477876106195,0.3147410358565737,3125000.0
hallbi03,Unknown hallbi03,2008,MIL,128,404,91,37,0.22524752475247525,0.2930648769574944,4925000.0
hallbi03,Unknown hallbi03,2009,MIL,76,214,43,19,0.20093457943925233,0.26495726495726496,6925000.0
hallbi03,Unknown hallbi03,2010,BOS,120,344,85,34,0.24709302325581395,0.3157894736842105,8525000.0
hallme01,Unknown hallme01,1990,NYA,113,360,93,6,0.25833333333333336,0.2722371967654987,1100000.0
hallme01,Unknown hallme01,1991,NYA,141,492,140,26,0.2845528455284553,0.3206831119544592,1100000.0
hallme01,Unknown hallme01,1992,NYA,152,583,163,29,0.27958833619210977,0.3102893890675241,1300000.0
hallto02,Unknown hallto02,2002,TBA,85,330,85,17,0.25757575757575757,0.2934472934472934,210000.0
hallto02,Unknown hallto02,2003,TBA,130,463,117,23,0.2526997840172786,0.29518072289156627,300000.0
hallto02,Unknown hallto02,2004,TBA,119,404,103,24,0.25495049504950495,0.3,320000.0
hallto02,Unknown hallto02,2005,TBA,135,432,124,16,0.28703703703703703,0.31521739130434784,1950000.0
hallto02,Unknown hallto02,2006,TBA,64,221,51,8,0.23076923076923078,0.2606837606837607,2250000.0
hallto02,Unknown hallto02,2007,CHA,38,116,24,3,0.20689655172413793,0.225,1750000.0
hallto02,Unknown hallto02,2008,CHA,41,127,33,6,0.25984251968503935,0.3037037037037037,1750000.0
haltesh01,Unknown haltesh01,1997,KCA,74,123,34,10,0.2764227642276423,0.34074074074074073,150000.0
haltesh01,Unknown haltesh01,1998,KCA,86,204,45,12,0.22058823529411764,0.2648401826484018,200000.0
haltesh01,Unknown haltesh01,2000,DET,105,238,62,14,0.2605042016806723,0.30196078431372547,236000.0
haltesh01,Unknown haltesh01,2001,DET,136,450,128,37,0.28444444444444444,0.344,420000.0
haltesh01,Unknown haltesh01,2002,DET,122,410,98,39,0.23902439024390243,0.3085339168490153,1500000.0
haltesh01,Unknown haltesh01,2003,DET,114,360,78,27,0.21666666666666667,0.2692307692307692,2150000.0
haltesh01,Unknown haltesh01,2004,ANA,46,114,23,7,0.20175438596491227,0.24793388429752067,575000.0
hamelbo01,Unknown hamelbo01,1994,KCA,101,312,88,56,0.28205128205128205,0.3877005347593583,110000.0
hamelbo01,Unknown hamelbo01,1995,KCA,72,208,35,26,0.16826923076923078,0.27800829875518673,435000.0
hamelbo01,Unknown hamelbo01,1996,KCA,89,239,61,54,0.25523012552301255,0.391304347826087,375000.0
hamelbo01,Unknown hamelbo01,1998,MIL,109,146,32,16,0.2191780821917808,0.29518072289156627,450000.0
hamilda02,Unknown hamilda02,1990,ML4,89,156,46,9,0.2948717948717949,0.3333333333333333,100000.0
hamilda02,Unknown hamilda02,1991,ML4,122,405,126,33,0.3111111111111111,0.36054421768707484,168000.0
hamilda02,Unknown hamilda02,1992,ML4,128,470,140,45,0.2978723404255319,0.35564053537284895,395000.0
hamilda02,Unknown hamilda02,1993,ML4,135,520,161,45,0.3096153846153846,0.36731107205623903,1025000.0
hamilda02,Unknown hamilda02,1994,ML4,36,141,37,15,0.2624113475177305,0.33121019108280253,1800000.0
hamilda02,Unknown hamilda02,1995,ML4,112,398,108,47,0.271356783919598,0.35033259423503327,2138890.0
hamilda02,Unknown hamilda02,1996,TEX,148,627,184,54,0.2934609250398724,0.3483309143686502,1300000.0
hamilda02,Unknown hamilda02,1997,SFN,125,460,124,61,0.26956521739130435,0.35372848948374763,1750000.0
hamilda02,Unknown hamilda02,1998,SFN,97,367,108,59,0.29427792915531337,0.3930232558139535,2750000.0
hamilda02,Unknown hamilda02,1999,COL,91,337,102,38,0.3026706231454006,0.3740053050397878,3613333.0
hamilda02,Unknown hamilda02,2000,NYN,43,105,29,14,0.2761904761904762,0.35833333333333334,3633333.0
hamilda02,Unknown hamilda02,2001,NYN,52,126,27,19,0.21428571428571427,0.3221476510067114,3333333.0
hamiljo03,Unknown hamiljo03,2007,CIN,90,298,87,33,0.29194630872483224,0.36795252225519287,380000.0
hamiljo03,Unknown hamiljo03,2008,TEX,156,624,190,64,0.30448717948717946,0.37073863636363635,396830.0
hamiljo03,Unknown hamiljo03,2009,TEX,89,336,90,24,0.26785714285714285,0.3150684931506849,555000.0
hamiljo03,Unknown hamiljo03,2010,TEX,133,518,186,43,0.3590733590733591,0.4105263157894737,3250000.0
hammoje01,Unknown hammoje01,1993,BAL,33,105,32,2,0.3047619047619048,0.3119266055045872,109000.0
hammoje01,Unknown hammoje01,1994,BAL,68,250,74,17,0.296,0.33941605839416056,150000.0
hammoje01,Unknown hammoje01,1995,BAL,57,178,43,9,0.24157303370786518,0.2789473684210526,250000.0
hammoje01,Unknown hammoje01,1996,BAL,71,248,56,23,0.22580645161290322,0.3007246376811594,300000.0
hammoje01,Unknown hammoje01,1997,BAL,118,397,105,32,0.26448362720403024,0.3225806451612903,490000.0
hammoje01,Unknown hammoje01,1998,BAL,63,171,46,26,0.26900584795321636,0.3694581280788177,1333333.0
hammoje01,Unknown hammoje01,1999,CIN,123,262,73,27,0.2786259541984733,0.3470790378006873,2483333.0
hammoje01,Unknown hammoje01,2000,COL,122,454,152,44,0.33480176211453744,0.3948919449901768,3183333.0
hammoje01,Unknown hammoje01,2001,MIL,49,174,43,14,0.2471264367816092,0.31443298969072164,6500000.0
hammoje01,Unknown hammoje01,2002,MIL,128,448,115,52,0.25669642857142855,0.3320235756385069,7500000.0
hammoro01,Unknown hammoro01,2004,ARI,62,195,47,13,0.24102564102564103,0.28708133971291866,315000.0
hanigry01,Unknown hanigry01,2009,CIN,90,251,66,37,0.26294820717131473,0.36082474226804123,400000.0
hanigry01,Unknown hanigry01,2010,CIN,70,203,61,33,0.30049261083743845,0.4049586776859504,415000.0
hannaja01,Unknown hannaja01,2008,OAK,143,436,95,55,0.21788990825688073,0.30522088353413657,395000.0
hanseda01,Unknown hanseda01,1992,LAN,132,341,73,34,0.21407624633431085,0.2857142857142857,135000.0
hanseda01,Unknown hanseda01,1993,LAN,84,105,38,21,0.3619047619047619,0.4645669291338583,173000.0
hanseda01,Unknown hanseda01,1995,LAN,100,181,52,28,0.287292817679558,0.38388625592417064,325000.0
hanseda01,Unknown hanseda01,1996,LAN,80,104,23,11,0.22115384615384615,0.29310344827586204,400000.0
hanseda01,Unknown hanseda01,1997,CHN,90,151,47,31,0.31125827814569534,0.42934782608695654,325000.0
hanseda01,Unknown hanseda01,1999,LAN,100,107,27,26,0.2523364485981308,0.40441176470588236,450000.0
hanseda01,Unknown hanseda01,2000,LAN,102,121,35,26,0.2892561983471074,0.41496598639455784,475000.0
hanseda01,Unknown hanseda01,2001,LAN,92,140,33,32,0.2357142857142857,0.37142857142857144,625000.0
hanseda01,Unknown hanseda01,2002,LAN,96,120,35,14,0.2916666666666667,0.362962962962963,675000.0
hanseda01,Unknown hanseda01,2003,SDN,110,135,33,23,0.24444444444444444,0.3584905660377358,550000.0
hardyjj01,Unknown hardyjj01,2005,MIL,124,372,92,44,0.24731182795698925,0.3269689737470167,316000.0
hardyjj01,Unknown hardyjj01,2006,MIL,35,128,31,10,0.2421875,0.2949640287769784,355000.0
hardyjj01,Unknown hardyjj01,2007,MIL,151,592,164,40,0.27702702702702703,0.32334384858044163,400000.0
hardyjj01,Unknown hardyjj01,2008,MIL,146,569,161,52,0.28295254833040423,0.34294871794871795,2650000.0
hardyjj01,Unknown hardyjj01,2009,MIL,115,414,95,43,0.22946859903381642,0.3017241379310345,4650000.0
hardyjj01,Unknown hardyjj01,2010,MIN,101,340,91,28,0.2676470588235294,0.31989247311827956,5100000.0
harpebr01,Unknown harpebr01,1990,MIN,134,479,141,19,0.29436325678496866,0.3280943025540275,500000.0
harpebr01,Unknown harpebr01,1991,MIN,123,441,137,14,0.31065759637188206,0.3361884368308351,625000.0
harpebr01,Unknown harpebr01,1992,MIN,140,502,154,26,0.30677290836653387,0.3431192660550459,2500000.0
harpebr01,Unknown harpebr01,1993,MIN,147,530,161,29,0.30377358490566037,0.3472949389179756,2400000.0
harpebr01,Unknown harpebr01,1994,ML4,64,251,73,9,0.2908366533864542,0.31835205992509363,1000000.0
harribr01,Unknown harribr01,2007,TBA,137,521,149,42,0.28598848368522073,0.34330985915492956,386100.0
harribr01,Unknown harribr01,2008,MIN,130,434,115,39,0.26497695852534564,0.32712215320910976,431100.0
harribr01,Unknown harribr01,2009,MIN,123,414,108,29,0.2608695652173913,0.30973451327433627,466100.0
harribr01,Unknown harribr01,2010,MIN,43,108,17,9,0.1574074074074074,0.23333333333333334,1450000.0
harrile01,Unknown harrile01,1990,LAN,137,431,131,29,0.3039443155452436,0.3484848484848485,145000.0
harrile01,Unknown harrile01,1991,LAN,145,429,123,37,0.2867132867132867,0.3488372093023256,315000.0
harrile01,Unknown harrile01,1992,LAN,135,347,94,24,0.27089337175792505,0.3181818181818182,840000.0
harrile01,Unknown harrile01,1993,LAN,107,160,38,15,0.2375,0.3028571428571429,900000.0
harrile01,Unknown harrile01,1994,CIN,66,100,31,5,0.31,0.33962264150943394,450000.0
harrile01,Unknown harrile01,1995,CIN,101,197,41,14,0.20812182741116753,0.25943396226415094,522223.0
harrile01,Unknown harrile01,1996,CIN,125,302,86,21,0.2847682119205298,0.3302752293577982,550000.0
harrile01,Unknown harrile01,1997,CIN,120,238,65,18,0.27310924369747897,0.3269230769230769,650000.0
harrile01,Unknown harrile01,1998,CIN,57,122,36,8,0.29508196721311475,0.3383458646616541,775000.0
harrile01,Unknown harrile01,1999,COL,91,158,47,6,0.2974683544303797,0.3231707317073171,1125000.0
harrile01,Unknown harrile01,2001,NYN,110,135,30,8,0.2222222222222222,0.26573426573426573,1100000.0
harrile01,Unknown harrile01,2002,MIL,122,197,60,14,0.30456852791878175,0.35514018691588783,1100000.0
harrile01,Unknown harrile01,2003,CHN,75,131,24,13,0.183206106870229,0.25517241379310346,800000.0
harriwi01,Unknown harriwi01,2004,CHA,129,409,107,51,0.2616136919315403,0.3426724137931034,318500.0
harriwi01,Unknown harriwi01,2005,CHA,56,121,31,13,0.256198347107438,0.3333333333333333,365000.0
harriwi01,Unknown harriwi01,2008,WAS,140,367,92,50,0.2506811989100817,0.34441805225653205,800000.0
harriwi01,Unknown harriwi01,2009,WAS,137,323,76,57,0.23529411764705882,0.3641025641025641,1500000.0
harriwi01,Unknown harriwi01,2010,WAS,132,224,41,33,0.18303571428571427,0.29118773946360155,1500000.0
hartco01,Unknown hartco01,2006,MIL,87,237,67,17,0.28270042194092826,0.328125,329500.0
hartco01,Unknown hartco01,2007,MIL,140,505,149,36,0.29504950495049503,0.35294117647058826,395000.0
hartco01,Unknown hartco01,2008,MIL,157,612,164,27,0.2679738562091503,0.3001531393568147,444000.0
hartco01,Unknown hartco01,2009,MIL,115,419,109,43,0.26014319809069214,0.3354564755838641,3250000.0
hartco01,Unknown hartco01,2010,MIL,145,558,158,45,0.2831541218637993,0.34039087947882735,4800000.0
harveke01,Unknown harveke01,2003,KCA,135,485,129,29,0.26597938144329897,0.31285988483685223,300000.0
harveke01,Unknown harveke01,2004,KCA,120,456,131,28,0.28728070175438597,0.33805668016194335,317500.0
haselbi01,Unknown haselbi01,1993,SEA,58,137,35,12,0.25547445255474455,0.3157894736842105,122500.0
haselbi01,Unknown haselbi01,1995,BOS,64,152,37,17,0.24342105263157895,0.3218390804597701,200000.0
haselbi01,Unknown haselbi01,1996,BOS,77,237,65,19,0.2742616033755274,0.33073929961089493,310000.0
haselbi01,Unknown haselbi01,1997,BOS,67,212,50,15,0.2358490566037736,0.29004329004329005,650000.0
haselbi01,Unknown haselbi01,1998,TEX,40,105,33,3,0.3142857142857143,0.32727272727272727,625000.0
haselbi01,Unknown haselbi01,1999,DET,48,143,39,10,0.2727272727272727,0.3202614379084967,650000.0
haselbi01,Unknown haselbi01,2000,TEX,62,193,53,15,0.27461139896373055,0.32857142857142857,1100000.0
haselbi01,Unknown haselbi01,2001,TEX,47,130,37,8,0.2846153846153846,0.33093525179856115,800000.0
haselbi01,Unknown haselbi01,2002,TEX,69,179,44,11,0.24581005586592178,0.296875,800000.0
hassero01,Unknown hassero01,1990,OAK,94,254,54,27,0.2125984251968504,0.28771929824561404,700000.0
hatchbi01,Unknown hatchbi01,1993,BOS,136,508,146,28,0.2874015748031496,0.33575317604355714,1000000.0
hatchbi01,Unknown hatchbi01,1994,BOS,44,164,40,11,0.24390243902439024,0.29213483146067415,650000.0
hatchmi01,Unknown hatchmi01,1990,LAN,85,132,28,6,0.21212121212121213,0.24822695035460993,450000.0
hattesc01,Unknown hattesc01,1997,BOS,114,350,97,40,0.27714285714285714,0.35368956743002544,150000.0
hattesc01,Unknown hattesc01,1998,BOS,112,359,99,43,0.2757660167130919,0.35853658536585364,240000.0
hattesc01,Unknown hattesc01,2000,BOS,92,230,61,38,0.26521739130434785,0.36666666666666664,695000.0
hattesc01,Unknown hattesc01,2001,BOS,94,278,68,33,0.2446043165467626,0.3322784810126582,1050000.0
hattesc01,Unknown hattesc01,2002,OAK,136,492,138,68,0.2804878048780488,0.37389770723104054,900000.0
hattesc01,Unknown hattesc01,2003,OAK,147,541,137,66,0.2532347504621072,0.34248788368336025,1750000.0
hattesc01,Unknown hattesc01,2004,OAK,152,550,156,72,0.28363636363636363,0.3669291338582677,2300000.0
hattesc01,Unknown hattesc01,2005,OAK,134,464,119,51,0.25646551724137934,0.33397312859884837,2450000.0
hattesc01,Unknown hattesc01,2006,CIN,141,456,132,74,0.2894736842105263,0.3891992551210428,750000.0
hattesc01,Unknown hattesc01,2007,CIN,116,361,112,49,0.31024930747922436,0.3942307692307692,1500000.0
hawpebr01,Unknown hawpebr01,2005,COL,101,305,80,43,0.26229508196721313,0.3504273504273504,317000.0
hawpebr01,Unknown hawpebr01,2007,COL,152,516,150,81,0.29069767441860467,0.3867768595041322,403000.0
hawpebr01,Unknown hawpebr01,2008,COL,138,488,138,76,0.2827868852459016,0.38137082601054484,3925000.0
hawpebr01,Unknown hawpebr01,2009,COL,145,501,143,79,0.28542914171656686,0.3843537414965986,5500000.0
hawpebr01,Unknown hawpebr01,2010,COL,88,259,66,36,0.2548262548262548,0.3433333333333333,7500000.0
hayesch01,Unknown hayesch01,1990,PHI,152,561,145,28,0.25846702317290554,0.2931323283082077,120000.0
hayesch01,Unknown hayesch01,1991,PHI,142,460,106,16,0.23043478260869565,0.25732217573221755,280000.0
hayesch01,Unknown hayesch01,1992,NYA,142,509,131,28,0.25736738703339884,0.2967032967032967,280000.0
hayesch01,Unknown hayesch01,1993,COL,157,573,175,43,0.3054101221640489,0.35453100158982515,1325000.0
hayesch01,Unknown hayesch01,1994,COL,113,423,122,36,0.28841607565011823,0.34773218142548595,3075000.0
hayesch01,Unknown hayesch01,1995,PHI,141,529,146,50,0.27599243856332706,0.3395585738539898,1500000.0
hayesch01,Unknown hayesch01,1996,PIT,128,459,114,36,0.24836601307189543,0.30120481927710846,1750000.0
hayesch01,Unknown hayesch01,1997,NYA,100,353,91,40,0.2577903682719547,0.3316582914572864,1700000.0
hayesch01,Unknown hayesch01,1998,SFN,111,329,94,34,0.2857142857142857,0.3506849315068493,1800000.0
hayesch01,Unknown hayesch01,1999,SFN,95,264,54,33,0.20454545454545456,0.292358803986711,1900000.0
hayesch01,Unknown hayesch01,2000,MIL,121,370,93,57,0.25135135135135134,0.347926267281106,300000.0
hayesvo01,Unknown hayesvo01,1990,PHI,129,467,122,87,0.26124197002141325,0.375,2000000.0
hayesvo01,Unknown hayesvo01,1991,PHI,77,284,64,31,0.22535211267605634,0.30340557275541796,2200000.0
hayesvo01,Unknown hayesvo01,1992,CAL,94,307,69,37,0.2247557003257329,0.30547550432276654,2200000.0
headlch01,Unknown headlch01,2009,SDN,156,543,142,62,0.26151012891344383,0.3415032679738562,411500.0
headlch01,Unknown headlch01,2010,SDN,161,610,161,56,0.2639344262295082,0.32689450222882616,427700.0
heathmi02,Unknown heathmi02,1990,DET,122,370,100,19,0.2702702702702703,0.3106060606060606,600000.0
heathmi02,Unknown heathmi02,1991,ATL,49,139,29,7,0.20863309352517986,0.25,950000.0
helmswe01,Unknown helmswe01,2001,ATL,100,216,48,21,0.2222222222222222,0.2928870292887029,210000.0
helmswe01,Unknown helmswe01,2002,ATL,85,210,51,11,0.24285714285714285,0.2826086956521739,250000.0
helmswe01,Unknown helmswe01,2003,MIL,134,476,124,43,0.2605042016806723,0.3302238805970149,575000.0
helmswe01,Unknown helmswe01,2004,MIL,92,274,72,24,0.26277372262773724,0.33114754098360655,1687500.0
helmswe01,Unknown helmswe01,2005,MIL,95,168,50,14,0.2976190476190476,0.35638297872340424,2812500.0
helmswe01,Unknown helmswe01,2006,FLO,140,240,79,21,0.32916666666666666,0.3897058823529412,800000.0
helmswe01,Unknown helmswe01,2007,PHI,112,280,69,19,0.24642857142857144,0.2973856209150327,2300000.0
helmswe01,Unknown helmswe01,2009,FLO,113,214,58,13,0.27102803738317754,0.31759656652360513,950000.0
helmswe01,Unknown helmswe01,2010,FLO,127,254,56,26,0.2204724409448819,0.29965156794425085,950000.0
heltoto01,Unknown heltoto01,1998,COL,152,530,167,53,0.3150943396226415,0.38047138047138046,190000.0
heltoto01,Unknown heltoto01,1999,COL,159,578,185,68,0.32006920415224915,0.3948170731707317,750000.0
heltoto01,Unknown heltoto01,2000,COL,160,580,216,103,0.3724137931034483,0.4634146341463415,1300000.0
heltoto01,Unknown heltoto01,2001,COL,159,587,197,98,0.33560477001703576,0.4316546762589928,4950000.0
heltoto01,Unknown heltoto01,2002,COL,156,553,182,99,0.3291139240506329,0.4287856071964018,5000000.0
heltoto01,Unknown heltoto01,2003,COL,160,583,209,111,0.3584905660377358,0.45803698435277385,10600000.0
heltoto01,Unknown heltoto01,2004,COL,154,547,190,127,0.3473491773308958,0.4685212298682284,11600000.0
heltoto01,Unknown heltoto01,2005,COL,144,509,163,106,0.32023575638506874,0.4448,12600000.0
heltoto01,Unknown heltoto01,2006,COL,145,546,165,91,0.3021978021978022,0.4036979969183359,16600000.0
heltoto01,Unknown heltoto01,2007,COL,154,557,178,116,0.31956912028725315,0.4340175953079179,16600000.0
heltoto01,Unknown heltoto01,2008,COL,83,299,79,61,0.26421404682274247,0.39058171745152354,16600000.0
heltoto01,Unknown heltoto01,2009,COL,151,544,177,89,0.32536764705882354,0.41550387596899224,16600000.0
heltoto01,Unknown heltoto01,2010,COL,118,398,102,67,0.2562814070351759,0.36152219873150104,17775000.0
hemonsc01,Unknown hemonsc01,1993,OAK,91,215,55,32,0.2558139534883721,0.3534136546184739,132500.0
hemonsc01,Unknown hemonsc01,1994,OAK,91,198,44,16,0.2222222222222222,0.2803738317757009,210000.0
hemonsc01,Unknown hemonsc01,1995,SLN,57,118,17,12,0.1440677966101695,0.23308270676691728,350000.0
hendeda01,Unknown hendeda01,1990,OAK,127,450,122,40,0.27111111111111114,0.3306288032454361,850000.0
hendeda01,Unknown hendeda01,1991,OAK,150,572,158,58,0.2762237762237762,0.34591194968553457,2500000.0
hendeda01,Unknown hendeda01,1993,OAK,107,382,84,32,0.2198952879581152,0.27488151658767773,2250000.0
hendeda01,Unknown hendeda01,1994,KCA,56,198,49,16,0.2474747474747475,0.30414746543778803,750000.0
henderi01,Unknown henderi01,1990,OAK,136,489,159,97,0.32515337423312884,0.4391891891891892,2350000.0
henderi01,Unknown henderi01,1991,OAK,134,470,126,98,0.2680851063829787,0.39965397923875434,3250000.0
henderi01,Unknown henderi01,1992,OAK,117,396,112,95,0.2828282828282828,0.426,3250000.0
henderi01,Unknown henderi01,1993,OAK,90,318,104,85,0.3270440251572327,0.4692874692874693,3550000.0
henderi01,Unknown henderi01,1994,OAK,87,296,77,72,0.26013513513513514,0.4106666666666667,4800000.0
henderi01,Unknown henderi01,1995,OAK,112,407,122,72,0.29975429975429974,0.4074074074074074,3800000.0
henderi01,Unknown henderi01,1996,SDN,148,465,112,125,0.24086021505376345,0.41029900332225916,3250000.0
henderi01,Unknown henderi01,1997,SDN,88,288,79,71,0.2743055555555556,0.42191780821917807,3045000.0
henderi01,Unknown henderi01,1998,OAK,152,542,128,118,0.23616236162361623,0.37574850299401197,1150000.0
henderi01,Unknown henderi01,1999,NYN,121,438,138,82,0.3150684931506849,0.4228571428571429,1900000.0
henderi01,Unknown henderi01,2001,SDN,123,379,86,81,0.22691292875989447,0.3655913978494624,300000.0
henderi01,Unknown henderi01,2002,BOS,72,179,40,38,0.22346368715083798,0.36936936936936937,350000.0
henlebo01,Unknown henlebo01,1998,MON,41,115,35,11,0.30434782608695654,0.3769230769230769,170000.0
hermach01,Unknown hermach01,2000,PIT,33,108,20,6,0.18518518518518517,0.22608695652173913,205000.0
hermach01,Unknown hermach01,2002,PIT,65,194,40,17,0.20618556701030927,0.27230046948356806,223000.0
hermije01,Unknown hermije01,2006,FLO,99,307,77,33,0.250814332247557,0.33236994219653176,327000.0
hermije01,Unknown hermije01,2007,FLO,123,429,127,47,0.29603729603729606,0.36853002070393376,380000.0
hermije01,Unknown hermije01,2008,FLO,142,502,125,48,0.24900398406374502,0.3225806451612903,395000.0
hermije01,Unknown hermije01,2009,FLO,129,429,111,56,0.25874125874125875,0.34826883910386963,2250000.0
hermije01,Unknown hermije01,2010,BOS,52,158,32,12,0.20253164556962025,0.2573099415204678,3345000.0
hernaan01,Unknown hernaan01,2009,WAS,77,231,58,20,0.2510822510822511,0.30952380952380953,400000.0
hernaca01,Unknown hernaca01,1992,LAN,69,173,45,11,0.26011560693641617,0.3157894736842105,135000.0
hernaca01,Unknown hernaca01,1997,SDN,50,134,42,3,0.31343283582089554,0.3284671532846715,425000.0
hernaca01,Unknown hernaca01,1998,SDN,129,390,102,16,0.26153846153846155,0.30455635491606714,700000.0
hernaca01,Unknown hernaca01,2000,SDN,58,191,48,16,0.2513089005235602,0.3160377358490566,1750000.0
hernajo01,Unknown hernajo01,1994,CHN,56,132,32,8,0.24242424242424243,0.2907801418439716,112000.0
hernajo01,Unknown hernajo01,1995,CHN,93,245,60,13,0.24489795918367346,0.28076923076923077,135000.0
hernajo01,Unknown hernajo01,1996,CHN,131,331,80,24,0.24169184290030213,0.29329608938547486,253000.0
hernajo01,Unknown hernajo01,1997,CHN,121,183,50,14,0.273224043715847,0.32323232323232326,450000.0
hernajo01,Unknown hernajo01,1998,CHN,149,488,124,40,0.2540983606557377,0.3107344632768362,725000.0
hernajo01,Unknown hernajo01,1999,CHN,99,342,93,40,0.2719298245614035,0.35658914728682173,2400000.0
hernajo01,Unknown hernajo01,2000,MIL,124,446,109,41,0.24439461883408073,0.31451612903225806,3333333.0
hernajo01,Unknown hernajo01,2001,MIL,152,542,135,39,0.24907749077490776,0.29982964224872233,3333333.0
hernajo01,Unknown hernajo01,2002,MIL,152,525,151,52,0.2876190476190476,0.3556701030927835,3333333.0
hernajo01,Unknown hernajo01,2003,COL,69,257,61,27,0.23735408560311283,0.3076923076923077,1000000.0
hernajo01,Unknown hernajo01,2005,CLE,84,234,54,14,0.23076923076923078,0.2766798418972332,1800000.0
hernajo01,Unknown hernajo01,2006,PIT,67,120,32,11,0.26666666666666666,0.3282442748091603,850000.0
hernake01,Unknown hernake01,1990,CLE,43,130,26,14,0.2,0.2827586206896552,1750000.0
hernara02,Unknown hernara02,1999,OAK,40,136,38,18,0.27941176470588236,0.3630573248407643,200000.0
hernara02,Unknown hernara02,2000,OAK,143,419,101,38,0.24105011933174225,0.31130063965884863,211000.0
hernara02,Unknown hernara02,2001,OAK,136,453,115,37,0.25386313465783666,0.316,245000.0
hernara02,Unknown hernara02,2002,OAK,136,403,94,43,0.23325062034739455,0.31277533039647576,497500.0
hernara02,Unknown hernara02,2003,OAK,140,483,132,33,0.2732919254658385,0.33146067415730335,1887500.0
hernara02,Unknown hernara02,2004,SDN,111,384,106,35,0.2760416666666667,0.3411214953271028,2937500.0
hernara02,Unknown hernara02,2005,SDN,99,369,107,18,0.2899728997289973,0.32225063938618925,4312500.0
hernara02,Unknown hernara02,2006,BAL,144,501,138,43,0.2754491017964072,0.34285714285714286,4000000.0
hernara02,Unknown hernara02,2007,BAL,106,364,94,36,0.25824175824175827,0.33251833740831294,6500000.0
hernara02,Unknown hernara02,2008,BAL,133,463,119,32,0.2570194384449244,0.308300395256917,7500000.0
hernara02,Unknown hernara02,2009,CIN,81,287,74,33,0.2578397212543554,0.3363914373088685,8500000.0
hernara02,Unknown hernara02,2010,CIN,97,313,93,29,0.2971246006389776,0.3638968481375358,3868376.0
herrto01,Unknown herrto01,1990,PHI,119,447,118,36,0.2639821029082774,0.3203285420944558,825000.0
herrto01,Unknown herrto01,1991,NYN,70,155,30,32,0.1935483870967742,0.328042328042328,1400000.0
heywaja01,Unknown heywaja01,2010,ATL,142,520,144,91,0.27692307692307694,0.39325842696629215,400000.0
hiattph01,Unknown hiattph01,1995,KCA,52,113,23,9,0.20353982300884957,0.26229508196721313,150000.0
hidalri01,Unknown hidalri01,1998,HOU,74,211,64,17,0.3033175355450237,0.3547008547008547,170000.0
hidalri01,Unknown hidalri01,1999,HOU,108,383,87,56,0.22715404699738903,0.328125,260000.0
hidalri01,Unknown hidalri01,2000,HOU,153,558,175,56,0.31362007168458783,0.391304347826087,330000.0
hidalri01,Unknown hidalri01,2001,HOU,146,512,141,54,0.275390625,0.35581787521079256,3500000.0
hidalri01,Unknown hidalri01,2002,HOU,114,388,91,43,0.2345360824742268,0.31890660592255127,5500000.0
hidalri01,Unknown hidalri01,2003,HOU,141,514,159,58,0.3093385214007782,0.38461538461538464,8500000.0
hidalri01,Unknown hidalri01,2004,HOU,58,199,51,17,0.2562814070351759,0.3090909090909091,12500000.0
hidalri01,Unknown hidalri01,2005,TEX,88,308,68,26,0.22077922077922077,0.2890855457227139,5000000.0
higgibo02,Unknown higgibo02,1995,DET,131,410,92,62,0.22439024390243903,0.3285123966942149,109000.0
higgibo02,Unknown higgibo02,1996,DET,130,440,141,65,0.32045454545454544,0.404296875,170000.0
higgibo02,Unknown higgibo02,1997,DET,146,546,163,70,0.29853479853479853,0.37881219903691815,375000.0
higgibo02,Unknown higgibo02,1998,DET,157,612,174,63,0.28431372549019607,0.35474452554744523,2425000.0
higgibo02,Unknown higgibo02,1999,DET,107,377,90,64,0.23872679045092837,0.350561797752809,3825000.0
higgibo02,Unknown higgibo02,2000,DET,154,597,179,74,0.2998324958123953,0.3772189349112426,4425000.0
higgibo02,Unknown higgibo02,2001,DET,147,541,150,80,0.27726432532347506,0.3670886075949367,5325000.0
higgibo02,Unknown higgibo02,2002,DET,119,444,125,41,0.28153153153153154,0.3453815261044177,5850000.0
higgibo02,Unknown higgibo02,2003,DET,130,469,110,59,0.2345415778251599,0.3202979515828678,11850000.0
higgibo02,Unknown higgibo02,2004,DET,131,448,110,70,0.24553571428571427,0.3534971644612476,8850000.0
hillaa01,Unknown hillaa01,2006,TOR,155,546,159,42,0.29120879120879123,0.3488372093023256,336000.0
hillaa01,Unknown hillaa01,2007,TOR,160,608,177,41,0.2911184210526316,0.3333333333333333,395000.0
hillaa01,Unknown hillaa01,2008,TOR,55,205,54,16,0.2634146341463415,0.3244444444444444,410000.0
hillaa01,Unknown hillaa01,2009,TOR,158,682,195,42,0.2859237536656892,0.330150068212824,2590000.0
hillaa01,Unknown hillaa01,2010,TOR,138,528,108,41,0.20454545454545456,0.2711571675302245,4000000.0
hillbo01,Unknown hillbo01,2004,PIT,126,233,62,20,0.26609442060085836,0.3533834586466165,315000.0
hilldo01,Unknown hilldo01,1991,CAL,77,209,50,30,0.23923444976076555,0.33472803347280333,500000.0
hillesh02,Unknown hillesh02,2001,BOS,139,468,123,13,0.26282051282051283,0.29065040650406504,200000.0
hillesh02,Unknown hillesh02,2002,BOS,156,634,186,25,0.29337539432176657,0.32988165680473375,260000.0
hillesh02,Unknown hillesh02,2003,BOS,49,185,56,7,0.3027027027027027,0.335,407500.0
hillesh02,Unknown hillesh02,2004,ARI,148,562,174,24,0.3096085409252669,0.347682119205298,2600000.0
hillesh02,Unknown hillesh02,2005,TOR,152,594,173,26,0.29124579124579125,0.3426356589147287,3870000.0
hillesh02,Unknown hillesh02,2006,TOR,81,296,89,14,0.30067567567567566,0.34169278996865204,5800000.0
hillesh02,Unknown hillesh02,2007,LAA,53,197,50,5,0.25380710659898476,0.27450980392156865,6000000.0
hillgl01,Unknown hillgl01,1990,TOR,84,260,60,18,0.23076923076923078,0.2805755395683453,100000.0
hillgl01,Unknown hillgl01,1991,CLE,37,122,32,16,0.26229508196721313,0.34532374100719426,170000.0
hillgl01,Unknown hillgl01,1992,CLE,102,369,89,20,0.24119241192411925,0.2868020304568528,325000.0
hillgl01,Unknown hillgl01,1993,CLE,66,174,39,11,0.22413793103448276,0.26842105263157895,975000.0
hillgl01,Unknown hillgl01,1994,CHN,89,269,80,29,0.29739776951672864,0.36454849498327757,1000000.0
hillgl01,Unknown hillgl01,1995,SFN,132,497,131,39,0.2635814889336016,0.3172541743970315,800000.0
hillgl01,Unknown hillgl01,1996,SFN,98,379,106,33,0.2796833773087071,0.34441805225653205,1700000.0
hillgl01,Unknown hillgl01,1997,SFN,128,398,104,19,0.2613065326633166,0.2967289719626168,1700000.0
hillgl01,Unknown hillgl01,1998,SEA,74,259,75,14,0.28957528957528955,0.33212996389891697,325000.0
hillgl01,Unknown hillgl01,1999,CHN,99,253,76,22,0.30039525691699603,0.35251798561151076,1150000.0
hillgl01,Unknown hillgl01,2000,CHN,64,168,44,10,0.2619047619047619,0.30337078651685395,1500000.0
hillko01,Unknown hillko01,2009,CHN,83,253,60,27,0.23715415019762845,0.3120567375886525,475000.0
hillko01,Unknown hillko01,2010,CHN,77,215,46,12,0.21395348837209302,0.2543859649122807,700000.0
hinchaj01,Unknown hinchaj01,1998,OAK,120,337,78,30,0.2314540059347181,0.2962962962962963,170000.0
hinchaj01,Unknown hinchaj01,1999,OAK,76,205,44,11,0.2146341463414634,0.2602739726027397,230000.0
hinchaj01,Unknown hinchaj01,2001,KCA,45,121,19,8,0.15702479338842976,0.22556390977443608,260000.0
hinchaj01,Unknown hinchaj01,2002,KCA,72,197,49,18,0.24873096446700507,0.3211009174311927,260000.0
hinsker01,Unknown hinsker01,2002,TOR,151,566,158,77,0.2791519434628975,0.3646153846153846,200000.0
hinsker01,Unknown hinsker01,2003,TOR,124,449,109,59,0.24276169265033407,0.32879377431906615,600000.0
hinsker01,Unknown hinsker01,2004,TOR,155,570,140,54,0.24561403508771928,0.31230283911671924,900000.0
hinsker01,Unknown hinsker01,2005,TOR,147,477,125,46,0.2620545073375262,0.3333333333333333,3100000.0
hinsker01,Unknown hinsker01,2006,TOR,78,197,52,27,0.2639593908629442,0.35267857142857145,4425000.0
hinsker01,Unknown hinsker01,2007,BOS,84,186,38,28,0.20430107526881722,0.3165137614678899,5625000.0
hinsker01,Unknown hinsker01,2008,TBA,133,381,94,47,0.24671916010498687,0.3333333333333333,800000.0
hinsker01,Unknown hinsker01,2009,PIT,54,106,27,17,0.25471698113207547,0.373015873015873,1500000.0
hinsker01,Unknown hinsker01,2010,ATL,131,281,72,33,0.25622775800711745,0.3375,1000000.0
hockide01,Unknown hockide01,1996,MIN,49,127,25,8,0.1968503937007874,0.2426470588235294,117500.0
hockide01,Unknown hockide01,1997,MIN,115,253,65,18,0.25691699604743085,0.3076923076923077,152500.0
hockide01,Unknown hockide01,1998,MIN,110,198,40,16,0.20202020202020202,0.25925925925925924,185000.0
hockide01,Unknown hockide01,1999,MIN,136,386,103,22,0.266839378238342,0.3069544364508393,325000.0
hockide01,Unknown hockide01,2000,MIN,134,373,111,48,0.2975871313672922,0.3732394366197183,500000.0
hockide01,Unknown hockide01,2001,MIN,112,327,82,29,0.25076452599388377,0.3147632311977716,900000.0
hockide01,Unknown hockide01,2002,MIN,102,260,65,24,0.25,0.3103448275862069,1100000.0
hockide01,Unknown hockide01,2003,MIN,83,188,45,15,0.2393617021276596,0.2912621359223301,1000000.0
hoffpmi01,Unknown hoffpmi01,2009,CHN,105,234,56,20,0.23931623931623933,0.29961089494163423,407500.0
hoilech01,Unknown hoilech01,1991,BAL,107,341,83,29,0.2434017595307918,0.30376344086021506,107500.0
hoilech01,Unknown hoilech01,1992,BAL,96,310,85,55,0.27419354838709675,0.3837837837837838,175000.0
hoilech01,Unknown hoilech01,1993,BAL,126,419,130,69,0.31026252983293556,0.416,350000.0
hoilech01,Unknown hoilech01,1994,BAL,99,332,82,63,0.2469879518072289,0.3712871287128713,2000000.0
hoilech01,Unknown hoilech01,1995,BAL,114,352,88,67,0.25,0.3732394366197183,2850000.0
hoilech01,Unknown hoilech01,1996,BAL,127,407,105,57,0.257985257985258,0.35625,3350000.0
hoilech01,Unknown hoilech01,1997,BAL,99,320,83,51,0.259375,0.375,3600000.0
hoilech01,Unknown hoilech01,1998,BAL,97,267,70,38,0.26217228464419473,0.35782747603833864,3600000.0
holbera01,Unknown holbera01,1999,KCA,34,100,28,8,0.28,0.3302752293577982,215000.0
hollato01,Unknown hollato01,1995,LAN,41,103,24,10,0.23300970873786409,0.30434782608695654,109000.0
hollato01,Unknown hollato01,1996,LAN,149,478,139,41,0.2907949790794979,0.3479923518164436,136000.0
hollato01,Unknown hollato01,1997,LAN,106,296,73,17,0.24662162162162163,0.2857142857142857,550000.0
hollato01,Unknown hollato01,1998,LAN,55,175,47,9,0.26857142857142857,0.3081081081081081,700000.0
hollato01,Unknown hollato01,1999,LAN,92,261,74,24,0.2835249042145594,0.34494773519163763,850000.0
hollato01,Unknown hollato01,2000,LAN,81,261,61,30,0.23371647509578544,0.31399317406143346,1450000.0
hollato01,Unknown hollato01,2001,COL,33,117,43,8,0.36752136752136755,0.408,2750000.0
hollato01,Unknown hollato01,2002,COL,95,298,88,26,0.2953020134228188,0.3516819571865443,2750000.0
hollato01,Unknown hollato01,2003,FLO,93,228,58,22,0.2543859649122807,0.31746031746031744,1500000.0
hollato01,Unknown hollato01,2004,CHN,57,148,47,17,0.31756756756756754,0.39156626506024095,1000000.0
hollato01,Unknown hollato01,2005,CHN,107,268,68,18,0.2537313432835821,0.30103806228373703,900000.0
hollato01,Unknown hollato01,2006,CLE,56,156,37,4,0.23717948717948717,0.25308641975308643,900000.0
hollida01,Unknown hollida01,1990,PHI,72,114,21,10,0.18421052631578946,0.25196850393700787,100000.0
hollida01,Unknown hollida01,1991,PHI,56,151,45,17,0.2980132450331126,0.37790697674418605,116000.0
hollida01,Unknown hollida01,1992,PHI,156,586,158,76,0.2696245733788396,0.36934306569343067,180000.0
hollida01,Unknown hollida01,1993,PHI,143,543,148,85,0.27255985267034993,0.371875,625000.0
hollida01,Unknown hollida01,1994,PHI,44,162,36,23,0.2222222222222222,0.328125,2000000.0
hollida01,Unknown hollida01,1995,PHI,65,205,47,53,0.22926829268292684,0.39325842696629215,2000000.0
hollida01,Unknown hollida01,1996,MIN,121,422,102,71,0.24170616113744076,0.36381709741550694,1350000.0
hollida01,Unknown hollida01,1997,ANA,149,572,165,62,0.28846153846153844,0.36321483771251933,2050000.0
hollida01,Unknown hollida01,1998,ANA,101,363,88,44,0.24242424242424243,0.33413461538461536,1900000.0
hollida02,Unknown hollida02,2006,TBA,121,333,76,19,0.22822822822822822,0.26912181303116145,346200.0
hollima01,Unknown hollima01,2005,COL,125,479,147,36,0.3068893528183716,0.3612167300380228,366000.0
hollima01,Unknown hollima01,2006,COL,155,602,196,47,0.32558139534883723,0.3868065967016492,500000.0
hollima01,Unknown hollima01,2007,COL,158,636,216,63,0.33962264150943394,0.4053295932678822,4400000.0
hollima01,Unknown hollima01,2008,COL,139,539,173,74,0.3209647495361781,0.40930979133226325,9500000.0
hollima01,Unknown hollima01,2009,OAK,93,346,99,46,0.2861271676300578,0.3775,13500000.0
hollima01,Unknown hollima01,2010,SLN,158,596,186,69,0.31208053691275167,0.3896296296296296,16333327.0
hornsa01,Unknown hornsa01,1991,BAL,121,317,74,41,0.2334384858044164,0.3259668508287293,175000.0
hornsa01,Unknown hornsa01,1992,BAL,63,162,38,21,0.2345679012345679,0.32432432432432434,687500.0
houstty01,Unknown houstty01,1997,CHN,72,196,51,9,0.2602040816326531,0.2898550724637681,185000.0
houstty01,Unknown houstty01,1998,CHN,95,255,65,13,0.2549019607843137,0.2899628252788104,225000.0
houstty01,Unknown houstty01,1999,CHN,100,249,58,28,0.23293172690763053,0.30935251798561153,715000.0
houstty01,Unknown houstty01,2000,MIL,101,284,71,17,0.25,0.292358803986711,835000.0
houstty01,Unknown houstty01,2001,MIL,75,235,68,18,0.28936170212765955,0.3425196850393701,1375000.0
houstty01,Unknown houstty01,2002,MIL,76,255,77,14,0.30196078431372547,0.3467153284671533,1625000.0
howarda02,Unknown howarda02,1991,KCA,94,236,51,16,0.21610169491525424,0.26666666666666666,100000.0
howarda02,Unknown howarda02,1992,KCA,74,219,49,15,0.2237442922374429,0.2711864406779661,152500.0
howarda02,Unknown howarda02,1995,KCA,95,255,62,24,0.24313725490196078,0.3096085409252669,385000.0
howarda02,Unknown howarda02,1996,KCA,143,420,92,40,0.21904761904761905,0.2905982905982906,600000.0
howarda02,Unknown howarda02,1997,KCA,80,162,39,10,0.24074074074074073,0.28735632183908044,762500.0
howarda02,Unknown howarda02,1998,SLN,46,102,25,12,0.24509803921568626,0.3217391304347826,850000.0
howarry01,Unknown howarry01,2006,PHI,159,581,182,108,0.3132530120481928,0.4247159090909091,355000.0
howarry01,Unknown howarry01,2007,PHI,144,529,142,107,0.2684310018903592,0.39197530864197533,900000.0
howarry01,Unknown howarry01,2008,PHI,162,610,153,81,0.25081967213114753,0.3385714285714286,10000000.0
howarry01,Unknown howarry01,2009,PHI,160,616,172,75,0.2792207792207792,0.35988620199146515,15000000.0
howarry01,Unknown howarry01,2010,PHI,143,550,152,59,0.27636363636363637,0.3532258064516129,19000000.0
howarth01,Unknown howarth01,1991,SDN,106,281,70,24,0.2491103202846975,0.30944625407166126,105000.0
howarth01,Unknown howarth01,1993,CLE,74,178,42,12,0.23595505617977527,0.27835051546391754,325000.0
howarth01,Unknown howarth01,1994,CIN,83,178,47,10,0.2640449438202247,0.30158730158730157,575000.0
howarth01,Unknown howarth01,1995,CIN,113,281,85,20,0.302491103202847,0.34983498349834985,675000.0
howarth01,Unknown howarth01,1996,CIN,121,360,98,17,0.2722222222222222,0.3072916666666667,675000.0
howarth01,Unknown howarth01,1997,HOU,107,255,63,26,0.24705882352941178,0.32280701754385965,750000.0
howarth01,Unknown howarth01,1999,SLN,98,195,57,17,0.2923076923076923,0.35348837209302325,325000.0
howarth01,Unknown howarth01,2000,SLN,86,133,28,7,0.21052631578947367,0.2553191489361702,650000.0
howelja02,Unknown howelja02,1990,CAL,105,316,72,46,0.22784810126582278,0.32602739726027397,652500.0
howelja02,Unknown howelja02,1996,CAL,66,126,34,10,0.2698412698412698,0.3235294117647059,300000.0
howelja02,Unknown howelja02,1997,ANA,77,174,45,13,0.25862068965517243,0.30526315789473685,400000.0
hrbekke01,Unknown hrbekke01,1990,MIN,143,492,141,69,0.2865853658536585,0.3767361111111111,2100000.0
hrbekke01,Unknown hrbekke01,1991,MIN,132,462,131,67,0.28354978354978355,0.3728813559322034,2600000.0
hrbekke01,Unknown hrbekke01,1992,MIN,112,394,96,71,0.2436548223350254,0.35683760683760685,3100000.0
hrbekke01,Unknown hrbekke01,1993,MIN,123,392,95,71,0.2423469387755102,0.35683760683760685,3100000.0
hrbekke01,Unknown hrbekke01,1994,MIN,81,274,74,37,0.27007299270072993,0.35331230283911674,3100000.0
hubbatr01,Unknown hubbatr01,1998,LAN,94,208,62,18,0.2980769230769231,0.3577586206896552,250000.0
hubbatr01,Unknown hubbatr01,1999,LAN,82,105,33,13,0.3142857142857143,0.3865546218487395,300000.0
hubbatr01,Unknown hubbatr01,2002,SDN,89,129,27,14,0.20930232558139536,0.2847222222222222,300000.0
huch01,Unknown huch01,2008,LAN,65,116,21,11,0.1810344827586207,0.25196850393700787,390000.0
hudlere01,Unknown hudlere01,1991,SLN,101,207,47,10,0.22705314009661837,0.2602739726027397,300000.0
hudlere01,Unknown hudlere01,1994,CAL,56,124,37,6,0.29838709677419356,0.32575757575757575,411000.0
hudlere01,Unknown hudlere01,1995,CAL,84,223,59,10,0.2645739910313901,0.30962343096234307,347223.0
hudlere01,Unknown hudlere01,1996,CAL,92,302,94,9,0.31125827814569534,0.33650793650793653,400000.0
hudlere01,Unknown hudlere01,1997,PHI,50,122,27,6,0.22131147540983606,0.26356589147286824,1150000.0
hudsoor01,Unknown hudsoor01,2003,TOR,142,474,127,39,0.2679324894514768,0.32821497120921306,313000.0
hudsoor01,Unknown hudsoor01,2004,TOR,135,489,132,51,0.26993865030674846,0.34124087591240876,322000.0
hudsoor01,Unknown hudsoor01,2005,TOR,131,461,125,30,0.27114967462039047,0.3153692614770459,365000.0
hudsoor01,Unknown hudsoor01,2006,ARI,157,579,166,61,0.2867012089810017,0.3544891640866873,2300000.0
hudsoor01,Unknown hudsoor01,2007,ARI,139,517,152,70,0.2940038684719536,0.37583892617449666,3900000.0
hudsoor01,Unknown hudsoor01,2008,ARI,107,407,124,40,0.3046683046683047,0.3672566371681416,6250000.0
hudsoor01,Unknown hudsoor01,2009,LAN,149,551,156,62,0.2831215970961887,0.35691318327974275,3364877.0
hudsoor01,Unknown hudsoor01,2010,MIN,126,497,133,50,0.2676056338028169,0.33754512635379064,5000000.0
huffau01,Unknown huffau01,2003,TBA,162,636,198,53,0.3113207547169811,0.3668555240793201,325000.0
huffau01,Unknown huffau01,2004,TBA,157,600,178,56,0.2966666666666667,0.3598200899550225,2666667.0
huffau01,Unknown huffau01,2005,TBA,154,575,150,49,0.2608695652173913,0.32075471698113206,4916667.0
huffau01,Unknown huffau01,2006,TBA,63,230,65,24,0.2826086956521739,0.34765625,6916667.0
huffau01,Unknown huffau01,2007,BAL,151,550,154,48,0.28,0.33665008291873966,4000000.0
huffau01,Unknown huffau01,2008,BAL,154,598,182,53,0.30434782608695654,0.3600605143721634,8000000.0
huffau01,Unknown huffau01,2009,BAL,110,430,109,41,0.2534883720930233,0.32083333333333336,8000000.0
huffau01,Unknown huffau01,2010,SFN,157,569,165,83,0.28998242530755713,0.3847305389221557,3000000.0
huffmi01,Unknown huffmi01,1991,CLE,51,146,35,25,0.23972602739726026,0.36363636363636365,100000.0
huffmi01,Unknown huffmi01,1992,CHA,60,115,24,10,0.20869565217391303,0.2734375,145000.0
huffmi01,Unknown huffmi01,1994,TOR,80,207,63,27,0.30434782608695654,0.3924050632911392,222000.0
huffmi01,Unknown huffmi01,1995,TOR,61,138,32,22,0.2318840579710145,0.3374233128834356,360000.0
hughebo01,Unknown hughebo01,1998,MIL,85,218,50,16,0.22935779816513763,0.2838983050847458,170000.0
hughebo01,Unknown hughebo01,1999,MIL,48,101,26,5,0.25742574257425743,0.29245283018867924,217000.0
huletti01,Unknown huletti01,1990,BAL,53,153,39,15,0.2549019607843137,0.32142857142857145,207500.0
huletti01,Unknown huletti01,1991,BAL,79,206,42,13,0.20388349514563106,0.2545454545454545,327500.0
huletti01,Unknown huletti01,1992,BAL,57,142,41,10,0.2887323943661972,0.33986928104575165,420000.0
huletti01,Unknown huletti01,1993,BAL,85,260,78,23,0.3,0.3611111111111111,400000.0
hulseda01,Unknown hulseda01,1993,TEX,114,407,118,26,0.28992628992628994,0.33256880733944955,120000.0
hulseda01,Unknown hulseda01,1994,TEX,77,310,79,21,0.25483870967741934,0.30538922155688625,210000.0
hulseda01,Unknown hulseda01,1995,ML4,119,339,85,18,0.25073746312684364,0.2845303867403315,220000.0
hulseda01,Unknown hulseda01,1996,ML4,81,117,26,8,0.2222222222222222,0.272,270000.0
hundlni01,Unknown hundlni01,2009,SDN,78,256,61,28,0.23828125,0.3125,404400.0
hundlni01,Unknown hundlni01,2010,SDN,85,273,68,25,0.2490842490842491,0.3081967213114754,415700.0
hundlto01,Unknown hundlto01,1992,NYN,123,358,75,19,0.20949720670391062,0.2558746736292428,120000.0
hundlto01,Unknown hundlto01,1993,NYN,130,417,95,23,0.2278177458033573,0.26905829596412556,195000.0
hundlto01,Unknown hundlto01,1994,NYN,91,291,69,25,0.23711340206185566,0.303125,290000.0
hundlto01,Unknown hundlto01,1995,NYN,90,275,77,42,0.28,0.38153846153846155,975000.0
hundlto01,Unknown hundlto01,1996,NYN,153,540,140,79,0.25925925925925924,0.3557692307692308,1837500.0
hundlto01,Unknown hundlto01,1997,NYN,132,417,114,83,0.2733812949640288,0.3937007874015748,4150000.0
hundlto01,Unknown hundlto01,1998,NYN,53,124,20,16,0.16129032258064516,0.2605633802816901,4925000.0
hundlto01,Unknown hundlto01,1999,LAN,114,376,78,44,0.2074468085106383,0.29508196721311475,5325000.0
hundlto01,Unknown hundlto01,2000,LAN,90,299,85,45,0.2842809364548495,0.375,6125000.0
hundlto01,Unknown hundlto01,2001,CHN,79,246,46,25,0.18699186991869918,0.26811594202898553,3500000.0
hundlto01,Unknown hundlto01,2002,CHN,92,266,56,32,0.21052631578947367,0.30132450331125826,6500000.0
huntebr01,Unknown huntebr01,1992,ATL,102,238,57,21,0.23949579831932774,0.29213483146067415,146500.0
huntebr01,Unknown huntebr01,1994,PIT,76,233,53,15,0.22746781115879827,0.2698412698412698,250000.0
huntebr01,Unknown huntebr01,1996,SEA,75,198,53,15,0.2676767676767677,0.32727272727272727,300000.0
huntebr01,Unknown huntebr01,1998,SLN,62,112,23,7,0.20535714285714285,0.25833333333333336,300000.0
huntebr01,Unknown huntebr01,1999,ATL,114,181,45,31,0.24861878453038674,0.3669724770642202,375000.0
huntebr02,Unknown huntebr02,1995,HOU,78,321,97,21,0.30218068535825543,0.345821325648415,109000.0
huntebr02,Unknown huntebr02,1996,HOU,132,526,145,17,0.27566539923954375,0.2971014492753623,180000.0
huntebr02,Unknown huntebr02,1997,DET,162,658,177,66,0.2689969604863222,0.33424657534246577,310000.0
huntebr02,Unknown huntebr02,1998,DET,142,595,151,36,0.253781512605042,0.2981072555205047,562500.0
huntebr02,Unknown huntebr02,2000,COL,72,200,55,21,0.275,0.34684684684684686,300000.0
huntebr02,Unknown huntebr02,2001,PHI,83,145,40,16,0.27586206896551724,0.34355828220858897,900000.0
huntebr02,Unknown huntebr02,2002,HOU,98,201,54,16,0.26865671641791045,0.3287671232876712,1000000.0
hunteto01,Unknown hunteto01,1999,MIN,135,384,98,26,0.2552083333333333,0.3087885985748218,200000.0
hunteto01,Unknown hunteto01,2000,MIN,99,336,94,18,0.27976190476190477,0.31843575418994413,225000.0
hunteto01,Unknown hunteto01,2001,MIN,148,564,147,29,0.26063829787234044,0.30564784053156147,230000.0
hunteto01,Unknown hunteto01,2002,MIN,148,561,162,35,0.2887700534759358,0.3344370860927152,2400000.0
hunteto01,Unknown hunteto01,2003,MIN,154,581,145,50,0.2495697074010327,0.3115264797507788,4750000.0
hunteto01,Unknown hunteto01,2004,MIN,138,520,141,40,0.27115384615384613,0.3304042179261863,6500000.0
hunteto01,Unknown hunteto01,2005,MIN,98,372,100,34,0.26881720430107525,0.33653846153846156,8000000.0
hunteto01,Unknown hunteto01,2006,MIN,147,557,155,45,0.27827648114901254,0.3355155482815057,10750000.0
hunteto01,Unknown hunteto01,2007,MIN,160,600,172,40,0.2866666666666667,0.33384615384615385,12000000.0
hunteto01,Unknown hunteto01,2008,LAA,146,551,153,50,0.2776769509981851,0.34375,16500000.0
hunteto01,Unknown hunteto01,2009,LAA,119,451,135,47,0.29933481152993346,0.36561264822134387,18000000.0
hunteto01,Unknown hunteto01,2010,LAA,152,573,161,61,0.28097731239092494,0.3544891640866873,18500000.0
huskebu01,Unknown huskebu01,1996,NYN,118,414,115,27,0.2777777777777778,0.31910112359550563,116000.0
huskebu01,Unknown huskebu01,1997,NYN,142,471,135,25,0.28662420382165604,0.3188118811881188,212000.0
huskebu01,Unknown huskebu01,1998,NYN,113,369,93,26,0.25203252032520324,0.3,300000.0
huskebu01,Unknown huskebu01,1999,SEA,74,262,76,27,0.2900763358778626,0.3527397260273973,1500000.0
huskebu01,Unknown huskebu01,2000,MIN,64,215,48,25,0.22325581395348837,0.30612244897959184,500000.0
husonje01,Unknown husonje01,1992,TEX,123,318,83,41,0.2610062893081761,0.34153005464480873,182500.0
husonje01,Unknown husonje01,1995,BAL,66,161,40,15,0.2484472049689441,0.3146067415730337,265000.0
husonje01,Unknown husonje01,1997,ML4,84,143,29,5,0.20279720279720279,0.23841059602649006,240000.0
husonje01,Unknown husonje01,1999,ANA,97,225,59,16,0.26222222222222225,0.3073770491803279,500000.0
husonje01,Unknown husonje01,2000,CHN,70,130,28,13,0.2153846153846154,0.2867132867132867,300000.0
hyersti01,Unknown hyersti01,1994,SDN,52,118,30,9,0.2542372881355932,0.30708661417322836,109000.0
iannech01,Unknown iannech01,2007,COL,67,197,43,29,0.2182741116751269,0.33047210300429186,381000.0
iannech01,Unknown iannech01,2008,COL,104,333,88,56,0.26426426426426425,0.39012345679012345,396000.0
iannech01,Unknown iannech01,2009,COL,93,289,66,43,0.22837370242214533,0.3438395415472779,415000.0
iannech01,Unknown iannech01,2010,COL,61,188,37,30,0.19680851063829788,0.3183856502242152,1750000.0
ibanera01,Unknown ibanera01,1999,SEA,87,209,54,17,0.2583732057416268,0.31277533039647576,220000.0
ibanera01,Unknown ibanera01,2000,SEA,92,140,32,14,0.22857142857142856,0.30128205128205127,275000.0
ibanera01,Unknown ibanera01,2002,KCA,137,497,146,40,0.2937625754527163,0.3462246777163904,800000.0
ibanera01,Unknown ibanera01,2003,KCA,157,608,179,49,0.2944078947368421,0.3447761194029851,3000000.0
ibanera01,Unknown ibanera01,2004,SEA,123,481,146,36,0.30353430353430355,0.3530534351145038,3916667.0
ibanera01,Unknown ibanera01,2005,SEA,162,614,172,71,0.28013029315960913,0.35507246376811596,4416667.0
ibanera01,Unknown ibanera01,2006,SEA,159,626,181,65,0.28913738019169327,0.35336194563662376,4250000.0
ibanera01,Unknown ibanera01,2007,SEA,149,573,167,53,0.2914485165794066,0.35062893081761004,5500000.0
ibanera01,Unknown ibanera01,2008,SEA,162,635,186,64,0.2929133858267717,0.3578500707213578,5500000.0
ibanera01,Unknown ibanera01,2009,PHI,134,500,136,56,0.272,0.34690265486725663,7166666.0
ibanera01,Unknown ibanera01,2010,PHI,155,561,154,68,0.27450980392156865,0.3490566037735849,12166666.0
iguchta01,Unknown iguchta01,2005,CHA,135,511,142,47,0.27788649706457924,0.34210526315789475,2300000.0
iguchta01,Unknown iguchta01,2006,CHA,138,555,156,59,0.2810810810810811,0.35218093699515346,2400000.0
iguchta01,Unknown iguchta01,2007,CHA,90,327,82,44,0.25076452599388377,0.3404255319148936,3250000.0
iguchta01,Unknown iguchta01,2008,SDN,81,303,70,26,0.23102310231023102,0.2917933130699088,3850000.0
incavpe01,Unknown incavpe01,1990,TEX,153,529,123,45,0.23251417769376181,0.30153321976149916,800000.0
incavpe01,Unknown incavpe01,1992,HOU,113,349,93,25,0.2664756446991404,0.31926121372031663,800000.0
incavpe01,Unknown incavpe01,1993,PHI,116,368,101,21,0.27445652173913043,0.31840796019900497,1050000.0
incavpe01,Unknown incavpe01,1994,PHI,80,244,56,16,0.22950819672131148,0.27756653992395436,1050000.0
incavpe01,Unknown incavpe01,1996,PHI,99,269,63,30,0.2342007434944238,0.31788079470198677,550000.0
incavpe01,Unknown incavpe01,1997,BAL,48,138,34,11,0.2463768115942029,0.3137254901960784,650000.0
infanom01,Unknown infanom01,2003,DET,69,221,49,18,0.22171945701357465,0.27800829875518673,300000.0
infanom01,Unknown infanom01,2004,DET,142,503,133,40,0.2644135188866799,0.31693989071038253,305000.0
infanom01,Unknown infanom01,2005,DET,121,406,90,16,0.22167487684729065,0.2535211267605634,355000.0
infanom01,Unknown infanom01,2006,DET,78,224,62,14,0.2767857142857143,0.32510288065843623,385000.0
infanom01,Unknown infanom01,2007,DET,66,166,45,9,0.2710843373493976,0.3068181818181818,1300000.0
infanom01,Unknown infanom01,2008,ATL,96,317,93,22,0.29337539432176657,0.33815028901734107,1400000.0
infanom01,Unknown infanom01,2009,ATL,70,203,62,19,0.3054187192118227,0.36123348017621143,1850000.0
infanom01,Unknown infanom01,2010,ATL,134,471,151,29,0.3205944798301486,0.35856573705179284,2225000.0
ingebr01,Unknown ingebr01,2001,DET,79,189,34,9,0.17989417989417988,0.215,200000.0
ingebr01,Unknown ingebr01,2003,DET,104,330,67,24,0.20303030303030303,0.26519337016574585,315000.0
ingebr01,Unknown ingebr01,2004,DET,131,408,117,32,0.2867647058823529,0.34,340000.0
ingebr01,Unknown ingebr01,2005,DET,160,616,161,63,0.26136363636363635,0.32994186046511625,1350000.0
ingebr01,Unknown ingebr01,2006,DET,159,542,137,43,0.25276752767527677,0.3132328308207705,3000000.0
ingebr01,Unknown ingebr01,2007,DET,151,508,120,47,0.23622047244094488,0.312280701754386,4900000.0
ingebr01,Unknown ingebr01,2008,DET,113,347,71,43,0.20461095100864554,0.3034825870646766,6200000.0
ingebr01,Unknown ingebr01,2009,DET,161,562,129,54,0.22953736654804271,0.31446540880503143,6300000.0
ingebr01,Unknown ingebr01,2010,DET,144,514,127,54,0.24708171206225682,0.32068965517241377,6600000.0
inglejo01,Unknown inglejo01,2010,MIL,102,142,36,15,0.2535211267605634,0.33125,416000.0
ishiktr01,Unknown ishiktr01,2009,SFN,120,326,85,30,0.2607361963190184,0.3287292817679558,401000.0
ishiktr01,Unknown ishiktr01,2010,SFN,116,158,42,13,0.26582278481012656,0.31976744186046513,417000.0
iwamuak01,Unknown iwamuak01,2007,TBA,123,491,140,58,0.285132382892057,0.35855855855855856,1800000.0
iwamuak01,Unknown iwamuak01,2008,TBA,152,627,172,70,0.2743221690590112,0.3494318181818182,2400000.0
iwamuak01,Unknown iwamuak01,2009,TBA,69,231,67,24,0.29004329004329005,0.3552123552123552,3250000.0
iwamuak01,Unknown iwamuak01,2010,PIT,54,165,30,26,0.18181818181818182,0.2916666666666667,4850000.0
izturce01,Unknown izturce01,2002,LAN,135,439,102,14,0.23234624145785876,0.25327510917030566,215000.0
izturce01,Unknown izturce01,2003,LAN,158,558,140,25,0.25089605734767023,0.2815699658703072,335000.0
izturce01,Unknown izturce01,2004,LAN,159,670,193,43,0.2880597014925373,0.329608938547486,358500.0
izturce01,Unknown izturce01,2005,LAN,106,444,114,25,0.25675675675675674,0.30168776371308015,2150000.0
izturce01,Unknown izturce01,2006,LAN,32,119,30,7,0.25210084033613445,0.3023255813953488,3200000.0
izturce01,Unknown izturce01,2007,CHN,65,191,47,13,0.24607329842931938,0.2975609756097561,4150000.0
izturce01,Unknown izturce01,2008,SLN,135,414,109,29,0.2632850241545894,0.31929046563192903,2850000.0
izturce01,Unknown izturce01,2009,BAL,114,387,99,18,0.2558139534883721,0.29411764705882354,2400000.0
izturce01,Unknown izturce01,2010,BAL,150,473,109,25,0.23044397463002114,0.2766798418972332,2600000.0
izturma01,Unknown izturma01,2005,LAA,77,191,47,17,0.24607329842931938,0.3062200956937799,317000.0
izturma01,Unknown izturma01,2006,LAA,104,352,103,38,0.29261363636363635,0.36548223350253806,350000.0
izturma01,Unknown izturma01,2007,LAA,102,336,97,33,0.28869047619047616,0.3485254691689008,440000.0
izturma01,Unknown izturma01,2008,LAA,79,290,78,26,0.2689655172413793,0.329153605015674,1200000.0
izturma01,Unknown izturma01,2009,LAA,114,387,116,35,0.2997416020671835,0.35944700460829493,1600000.0
izturma01,Unknown izturma01,2010,LAA,61,212,53,21,0.25,0.3206751054852321,2766666.0
jacksau01,Unknown jacksau01,2010,DET,151,618,181,47,0.2928802588996764,0.34523809523809523,400000.0
jacksbo01,Unknown jacksbo01,1990,KCA,111,405,110,44,0.2716049382716049,0.34210526315789475,1000000.0
jacksbo01,Unknown jacksbo01,1993,CHA,85,284,66,23,0.2323943661971831,0.288961038961039,2410000.0
jacksbo01,Unknown jacksbo01,1994,CAL,75,201,56,20,0.27860696517412936,0.34375,1000000.0
jacksco01,Unknown jacksco01,2006,ARI,140,485,141,54,0.2907216494845361,0.3675675675675676,328000.0
jacksco01,Unknown jacksco01,2007,ARI,130,415,118,53,0.28433734939759037,0.3684210526315789,392000.0
jacksco01,Unknown jacksco01,2008,ARI,144,540,162,59,0.3,0.37643207855973815,419500.0
jacksco01,Unknown jacksco01,2010,ARI,42,151,36,20,0.23841059602649006,0.32558139534883723,3100000.0
jacksda03,Unknown jacksda03,1990,SDN,58,113,29,5,0.25663716814159293,0.2857142857142857,145000.0
jacksda03,Unknown jacksda03,1992,SDN,155,587,146,26,0.24872231686541738,0.2829581993569132,805000.0
jacksda03,Unknown jacksda03,1993,TOR,46,176,38,8,0.2159090909090909,0.25,2100000.0
jacksda03,Unknown jacksda03,1994,CHA,104,369,115,27,0.3116531165311653,0.36159600997506236,750000.0
jacksda03,Unknown jacksda03,1998,MIL,114,204,49,9,0.24019607843137256,0.2757009345794392,550000.0
jacksda03,Unknown jacksda03,1999,CHA,73,149,41,3,0.2751677852348993,0.2875816993464052,425000.0
jacksda04,Unknown jacksda04,1999,SDN,133,388,87,53,0.22422680412371135,0.319910514541387,203000.0
jacksda04,Unknown jacksda04,2000,SDN,138,470,120,62,0.2553191489361702,0.34450651769087526,250000.0
jacksda04,Unknown jacksda04,2001,SDN,122,440,106,44,0.2409090909090909,0.31643002028397565,350000.0
jacksda04,Unknown jacksda04,2002,DET,81,245,63,21,0.2571428571428571,0.31985294117647056,625000.0
jacksda04,Unknown jacksda04,2003,BOS,109,161,42,8,0.2608695652173913,0.29411764705882354,625000.0
jacksda04,Unknown jacksda04,2006,WAS,67,116,23,12,0.19827586206896552,0.29545454545454547,700000.0
jacksry01,Unknown jacksry01,1998,FLO,111,260,65,20,0.25,0.3049645390070922,170000.0
jacksry01,Unknown jacksry01,2001,DET,79,118,25,5,0.211864406779661,0.25,250000.0
jacobbr01,Unknown jacobbr01,1990,CLE,155,553,162,63,0.29294755877034356,0.364951768488746,987500.0
jacobbr01,Unknown jacobbr01,1991,OAK,56,188,40,11,0.2127659574468085,0.2549019607843137,1150000.0
jacobbr01,Unknown jacobbr01,1992,CLE,120,291,76,28,0.2611683848797251,0.32407407407407407,550000.0
jacobmi02,Unknown jacobmi02,2006,FLO,136,469,123,45,0.2622601279317697,0.325,327000.0
jacobmi02,Unknown jacobmi02,2007,FLO,114,426,113,31,0.2652582159624413,0.3173913043478261,380000.0
jacobmi02,Unknown jacobmi02,2008,FLO,141,477,118,36,0.24737945492662475,0.29865125240847784,395000.0
jacobmi02,Unknown jacobmi02,2009,KCA,128,434,99,41,0.22811059907834103,0.29707112970711297,3275000.0
jahajo01,Unknown jahajo01,1993,ML4,153,515,136,51,0.26407766990291265,0.3373702422145329,118000.0
jahajo01,Unknown jahajo01,1994,ML4,84,291,70,32,0.24054982817869416,0.3323442136498516,226000.0
jahajo01,Unknown jahajo01,1995,ML4,88,316,99,36,0.31329113924050633,0.38935574229691877,229000.0
jahajo01,Unknown jahajo01,1996,ML4,148,543,163,85,0.3001841620626151,0.3977987421383648,1100000.0
jahajo01,Unknown jahajo01,1997,ML4,46,162,40,25,0.24691358024691357,0.3541666666666667,3387500.0
jahajo01,Unknown jahajo01,1998,MIL,73,216,45,49,0.20833333333333334,0.3663003663003663,3387500.0
jahajo01,Unknown jahajo01,1999,OAK,142,457,126,101,0.27571115973741794,0.41403508771929826,525000.0
jamesch02,Unknown jamesch02,1990,CLE,140,528,158,31,0.29924242424242425,0.3409893992932862,560000.0
jamesch02,Unknown jamesch02,1991,CLE,115,437,104,18,0.2379862700228833,0.27331887201735355,1367500.0
jamesch02,Unknown jamesch02,1992,SFN,111,248,60,14,0.24193548387096775,0.2846441947565543,650000.0
jamesch02,Unknown jamesch02,1993,HOU,65,129,33,15,0.2558139534883721,0.3333333333333333,500000.0
jamesch02,Unknown jamesch02,1994,TEX,52,133,34,20,0.2556390977443609,0.36075949367088606,500000.0
jamesdi01,Unknown jamesdi01,1990,CLE,87,248,68,27,0.27419354838709675,0.34657039711191334,650000.0
jamesdi01,Unknown jamesdi01,1992,NYA,67,145,38,22,0.2620689655172414,0.3588235294117647,387500.0
jamesdi01,Unknown jamesdi01,1993,NYA,115,343,114,31,0.3323615160349854,0.38992042440318303,0.0
jamesdi01,Unknown jamesdi01,1995,NYA,85,209,60,20,0.28708133971291866,0.3463203463203463,350000.0
janispa01,Unknown janispa01,2009,CIN,90,256,54,26,0.2109375,0.2961672473867596,400000.0
janispa01,Unknown janispa01,2010,CIN,82,200,52,22,0.26,0.3377777777777778,412500.0
jaramja01,Unknown jaramja01,2009,PIT,63,206,52,17,0.2524271844660194,0.3094170403587444,400000.0
javiest01,Unknown javiest01,1991,LAN,121,176,36,16,0.20454545454545456,0.26804123711340205,650000.0
javiest01,Unknown javiest01,1993,CAL,92,237,69,27,0.2911392405063291,0.3619402985074627,600000.0
javiest01,Unknown javiest01,1994,OAK,109,419,114,49,0.2720763723150358,0.3488372093023256,650000.0
javiest01,Unknown javiest01,1995,OAK,130,442,123,49,0.27828054298642535,0.3527054108216433,722223.0
javiest01,Unknown javiest01,1996,SFN,71,274,74,25,0.27007299270072993,0.33554817275747506,1000000.0
javiest01,Unknown javiest01,1997,SFN,142,440,126,56,0.2863636363636364,0.36811023622047245,1350000.0
javiest01,Unknown javiest01,1998,SFN,135,417,121,65,0.290167865707434,0.38477366255144035,1750000.0
javiest01,Unknown javiest01,1999,SFN,112,333,92,29,0.27627627627627627,0.33516483516483514,1750000.0
javiest01,Unknown javiest01,2000,SEA,105,342,94,42,0.27485380116959063,0.35051546391752575,1500000.0
javiest01,Unknown javiest01,2001,SEA,89,281,82,36,0.2918149466192171,0.375,1500000.0
jeffegr01,Unknown jeffegr01,1990,NYN,153,604,171,46,0.28311258278145696,0.33687405159332323,200000.0
jeffegr01,Unknown jeffegr01,1991,NYN,136,486,132,47,0.2716049382716049,0.33643122676579923,425000.0
jeffegr01,Unknown jeffegr01,1992,KCA,152,604,172,43,0.2847682119205298,0.3287671232876712,1150000.0
jeffegr01,Unknown jeffegr01,1993,SLN,142,544,186,62,0.34191176470588236,0.4084967320261438,2650000.0
jeffegr01,Unknown jeffegr01,1994,SLN,103,397,129,45,0.3249370277078086,0.39149888143176736,4600000.0
jeffegr01,Unknown jeffegr01,1995,PHI,114,480,147,35,0.30625,0.3493282149712092,3000000.0
jeffegr01,Unknown jeffegr01,1996,PHI,104,404,118,36,0.29207920792079206,0.3475336322869955,5500000.0
jeffegr01,Unknown jeffegr01,1997,PHI,130,476,122,53,0.25630252100840334,0.3333333333333333,5500000.0
jeffegr01,Unknown jeffegr01,1998,PHI,125,483,142,29,0.2939958592132505,0.33140655105973027,6000000.0
jeffegr01,Unknown jeffegr01,1999,DET,70,205,41,13,0.2,0.2577777777777778,1375000.0
jeffegr01,Unknown jeffegr01,2000,DET,41,142,39,16,0.2746478873239437,0.34375,3125000.0
jeffere01,Unknown jeffere01,1993,CLE,113,366,91,28,0.24863387978142076,0.31,142500.0
jeffere01,Unknown jeffere01,1994,SEA,63,162,53,17,0.3271604938271605,0.39226519337016574,240000.0
jeffere01,Unknown jeffere01,1995,BOS,46,121,35,9,0.2892561983471074,0.3333333333333333,562500.0
jeffere01,Unknown jeffere01,1996,BOS,122,386,134,25,0.3471502590673575,0.3875598086124402,695000.0
jeffere01,Unknown jeffere01,1997,BOS,136,489,156,24,0.31901840490797545,0.3575525812619503,1900000.0
jeffere01,Unknown jeffere01,1998,BOS,62,196,60,21,0.30612244897959184,0.3744292237442922,3200000.0
jeffere01,Unknown jeffere01,1999,BOS,83,206,57,17,0.2766990291262136,0.3377777777777778,3400000.0
jenkige01,Unknown jenkige01,1999,MIL,135,447,140,35,0.3131991051454139,0.37142857142857144,216000.0
jenkige01,Unknown jenkige01,2000,MIL,135,512,155,33,0.302734375,0.3599290780141844,282000.0
jenkige01,Unknown jenkige01,2001,MIL,105,397,105,36,0.26448362720403024,0.33408071748878926,1187500.0
jenkige01,Unknown jenkige01,2002,MIL,67,243,59,22,0.24279835390946503,0.31985294117647056,3187500.0
jenkige01,Unknown jenkige01,2003,MIL,124,487,144,58,0.29568788501026694,0.37545126353790614,5187500.0
jenkige01,Unknown jenkige01,2004,MIL,157,617,163,46,0.26418152350081037,0.3245227606461087,8737500.0
jenkige01,Unknown jenkige01,2005,MIL,148,538,157,56,0.29182156133828996,0.37540453074433655,7333333.0
jenkige01,Unknown jenkige01,2006,MIL,147,484,131,56,0.2706611570247934,0.3567567567567568,7833333.0
jenkige01,Unknown jenkige01,2007,MIL,132,420,107,32,0.25476190476190474,0.31896551724137934,7333333.0
jenkige01,Unknown jenkige01,2008,PHI,115,293,72,24,0.24573378839590443,0.30124223602484473,5000000.0
jennido01,Unknown jennido01,1990,OAK,64,156,30,17,0.19230769230769232,0.2752808988764045,103000.0
jensema01,Unknown jensema01,2000,MIN,52,139,29,24,0.20863309352517986,0.32515337423312884,285000.0
jeterde01,Unknown jeterde01,1996,NYA,157,582,183,48,0.31443298969072164,0.37037037037037035,130000.0
jeterde01,Unknown jeterde01,1997,NYA,159,654,190,74,0.290519877675841,0.37027027027027026,550000.0
jeterde01,Unknown jeterde01,1998,NYA,149,626,203,57,0.3242811501597444,0.3835021707670043,750000.0
jeterde01,Unknown jeterde01,1999,NYA,158,627,219,91,0.3492822966507177,0.4375,5000000.0
jeterde01,Unknown jeterde01,2000,NYA,148,593,201,68,0.33895446880269814,0.4156804733727811,10000000.0
jeterde01,Unknown jeterde01,2001,NYA,150,614,191,56,0.31107491856677527,0.37738619676945667,12600000.0
jeterde01,Unknown jeterde01,2002,NYA,157,644,191,73,0.296583850931677,0.37276478679504815,14600000.0
jeterde01,Unknown jeterde01,2003,NYA,119,482,156,43,0.3236514522821577,0.39332096474953615,15600000.0
jeterde01,Unknown jeterde01,2004,NYA,154,643,188,46,0.29237947122861585,0.3517730496453901,18600000.0
jeterde01,Unknown jeterde01,2005,NYA,159,654,202,77,0.308868501529052,0.38926174496644295,19600000.0
jeterde01,Unknown jeterde01,2006,NYA,154,623,214,69,0.3434991974317817,0.4166666666666667,20600000.0
jeterde01,Unknown jeterde01,2007,NYA,156,639,206,56,0.3223787167449139,0.3881856540084388,21600000.0
jeterde01,Unknown jeterde01,2008,NYA,150,596,179,52,0.30033557046979864,0.3630862329803328,21600000.0
jeterde01,Unknown jeterde01,2009,NYA,153,634,212,72,0.334384858044164,0.4058988764044944,21600000.0
jeterde01,Unknown jeterde01,2010,NYA,157,663,179,63,0.26998491704374056,0.34010840108401086,22600000.0
jimenda01,Unknown jimenda01,2002,SDN,87,321,77,34,0.2398753894080997,0.31092436974789917,240000.0
jimenda01,Unknown jimenda01,2003,CHA,73,271,69,32,0.25461254612546125,0.33223684210526316,345000.0
jimenda01,Unknown jimenda01,2004,CIN,152,563,152,82,0.2699822380106572,0.36363636363636365,1615000.0
jimenda01,Unknown jimenda01,2005,CIN,35,105,24,14,0.22857142857142856,0.31932773109243695,2870000.0
johjike01,Unknown johjike01,2006,SEA,144,506,147,20,0.29051383399209485,0.33210332103321033,5433333.0
johjike01,Unknown johjike01,2007,SEA,135,485,139,15,0.2865979381443299,0.3216374269005848,5933333.0
johjike01,Unknown johjike01,2008,SEA,112,379,86,19,0.22691292875989447,0.2769607843137255,6383333.0
johjike01,Unknown johjike01,2009,SEA,71,239,59,12,0.24686192468619247,0.29571984435797666,7666666.0
johnsbe02,Unknown johnsbe02,2006,SDN,58,120,30,14,0.25,0.3333333333333333,327500.0
johnsbr01,Unknown johnsbr01,1995,SDN,68,207,52,11,0.25120772946859904,0.28699551569506726,135000.0
johnsbr01,Unknown johnsbr01,1996,SDN,82,243,66,4,0.2716049382716049,0.2901960784313726,170000.0
johnsbr01,Unknown johnsbr01,1997,DET,45,139,33,5,0.23741007194244604,0.2620689655172414,600000.0
johnsbr01,Unknown johnsbr01,1998,SFN,99,308,73,28,0.237012987012987,0.30994152046783624,1025000.0
johnsbr01,Unknown johnsbr01,1999,CIN,45,117,27,9,0.23076923076923078,0.2857142857142857,775000.0
johnsbr01,Unknown johnsbr01,2000,KCA,37,125,26,4,0.208,0.22900763358778625,550000.0
johnsch04,Unknown johnsch04,1995,FLO,97,315,79,46,0.2507936507936508,0.35149863760217986,113500.0
johnsch04,Unknown johnsch04,1996,FLO,120,386,84,40,0.21761658031088082,0.2916666666666667,220000.0
johnsch04,Unknown johnsch04,1997,FLO,124,416,104,60,0.25,0.3471933471933472,290000.0
johnsch04,Unknown johnsch04,1998,FLO,31,113,25,16,0.22123893805309736,0.3153846153846154,3300000.0
johnsch04,Unknown johnsch04,1999,BAL,135,426,107,55,0.2511737089201878,0.3401639344262295,3600000.0
johnsch04,Unknown johnsch04,2000,BAL,84,286,84,32,0.2937062937062937,0.36363636363636365,4600000.0
johnsch04,Unknown johnsch04,2001,FLO,128,451,117,38,0.25942350332594233,0.32056451612903225,5000000.0
johnsch04,Unknown johnsch04,2002,FLO,83,244,53,31,0.21721311475409835,0.3010752688172043,5000000.0
johnsch04,Unknown johnsch04,2003,COL,108,356,82,49,0.2303370786516854,0.3196125907990315,7000000.0
johnsch04,Unknown johnsch04,2004,COL,109,305,72,49,0.2360655737704918,0.35,9000000.0
johnsch05,Unknown johnsch05,2010,HOU,94,341,105,15,0.30791788856304986,0.3370165745856354,400000.0
johnsda06,Unknown johnsda06,2006,OAK,91,286,67,40,0.23426573426573427,0.32326283987915405,330000.0
johnsda06,Unknown johnsda06,2007,OAK,117,416,98,72,0.23557692307692307,0.34949494949494947,390000.0
johnsho01,Unknown johnsho01,1990,NYN,154,590,144,69,0.2440677966101695,0.3188622754491018,1666666.0
johnsho01,Unknown johnsho01,1991,NYN,156,564,146,78,0.25886524822695034,0.34194528875379937,2166667.0
johnsho01,Unknown johnsho01,1992,NYN,100,350,78,55,0.22285714285714286,0.32926829268292684,2266667.0
johnsho01,Unknown johnsho01,1993,NYN,72,235,56,43,0.23829787234042554,0.3535714285714286,2100000.0
johnsho01,Unknown johnsho01,1994,COL,93,227,48,39,0.21145374449339208,0.32342007434944237,1700000.0
johnsho01,Unknown johnsho01,1995,CHN,87,169,33,34,0.1952662721893491,0.3300970873786408,325000.0
johnske05,Unknown johnske05,2007,ATL,147,521,144,79,0.2763915547024952,0.37458745874587457,380000.0
johnske05,Unknown johnske05,2008,ATL,150,547,157,52,0.2870201096892139,0.3487603305785124,430000.0
johnske05,Unknown johnske05,2009,ATL,106,303,68,32,0.22442244224422442,0.3029411764705882,2825000.0
johnske05,Unknown johnske05,2010,ARI,154,585,166,79,0.28376068376068375,0.36976047904191617,2350000.0
johnsla03,Unknown johnsla03,1990,CHA,151,541,154,33,0.2846580406654344,0.32469775474956825,100000.0
johnsla03,Unknown johnsla03,1991,CHA,159,588,161,26,0.27380952380952384,0.3042071197411003,385000.0
johnsla03,Unknown johnsla03,1992,CHA,157,567,158,34,0.2786596119929453,0.31795716639209226,530000.0
johnsla03,Unknown johnsla03,1993,CHA,147,540,168,36,0.3111111111111111,0.3541666666666667,2266666.0
johnsla03,Unknown johnsla03,1994,CHA,106,412,114,26,0.2766990291262136,0.32054176072234764,2666667.0
johnsla03,Unknown johnsla03,1995,CHA,142,607,186,32,0.30642504118616143,0.3405909797822706,2666667.0
johnsla03,Unknown johnsla03,1996,NYN,160,682,227,33,0.33284457478005863,0.361997226074896,2715000.0
johnsla03,Unknown johnsla03,1997,NYN,72,265,82,33,0.30943396226415093,0.38461538461538464,3050000.0
johnsla03,Unknown johnsla03,1998,CHN,85,304,85,26,0.27960526315789475,0.33534743202416917,4900000.0
johnsla03,Unknown johnsla03,1999,CHN,95,335,87,37,0.25970149253731345,0.3324396782841823,5100000.0
johnsma01,Unknown johnsma01,1995,PIT,79,221,46,37,0.2081447963800905,0.32567049808429116,109000.0
johnsma01,Unknown johnsma01,1996,PIT,127,343,94,44,0.27405247813411077,0.3611111111111111,127500.0
johnsma01,Unknown johnsma01,1997,PIT,78,219,47,43,0.2146118721461187,0.3445692883895131,237500.0
johnsma02,Unknown johnsma02,1999,CHA,73,207,47,36,0.22705314009661837,0.3441295546558704,200000.0
johnsma02,Unknown johnsma02,2000,CHA,75,213,48,27,0.22535211267605634,0.3153526970954357,250000.0
johnsma02,Unknown johnsma02,2002,CHA,86,263,55,30,0.20912547528517111,0.2972972972972973,320000.0
johnsni01,Unknown johnsni01,2002,NYA,129,378,92,48,0.24338624338624337,0.3470319634703196,220650.0
johnsni01,Unknown johnsni01,2003,NYA,96,324,92,70,0.2839506172839506,0.4218362282878412,364100.0
johnsni01,Unknown johnsni01,2004,MON,73,251,63,40,0.250996015936255,0.3593220338983051,1250000.0
johnsni01,Unknown johnsni01,2005,WAS,131,453,131,80,0.2891832229580574,0.4076782449725777,1450000.0
johnsni01,Unknown johnsni01,2006,WAS,147,500,145,110,0.29,0.4281150159744409,3200000.0
johnsni01,Unknown johnsni01,2008,WAS,38,109,24,33,0.22018348623853212,0.41496598639455784,5500000.0
johnsni01,Unknown johnsni01,2009,WAS,98,353,104,63,0.29461756373937675,0.4080188679245283,5500000.0
johnsre02,Unknown johnsre02,2004,TOR,141,537,145,28,0.27001862197392923,0.31951640759930916,318000.0
johnsre02,Unknown johnsre02,2005,TOR,142,398,107,22,0.26884422110552764,0.3318077803203661,342000.0
johnsre02,Unknown johnsre02,2006,TOR,134,461,147,33,0.3188720173535792,0.38953488372093026,1425000.0
johnsre02,Unknown johnsre02,2007,TOR,79,275,65,16,0.23636363636363636,0.304635761589404,3075000.0
johnsre02,Unknown johnsre02,2008,CHN,109,333,101,19,0.3033033033033033,0.35772357723577236,1300000.0
johnsre02,Unknown johnsre02,2009,CHN,65,165,42,13,0.2545454545454545,0.32972972972972975,3000000.0
johnsre02,Unknown johnsre02,2010,LAN,102,202,53,5,0.2623762376237624,0.29107981220657275,800000.0
johnsro07,Unknown johnsro07,2009,SEA,80,258,55,26,0.2131782945736434,0.289198606271777,400000.0
johnsro07,Unknown johnsro07,2010,SEA,61,178,34,25,0.19101123595505617,0.2932692307692308,412500.0
johnsru01,Unknown johnsru01,1999,HOU,83,156,44,20,0.28205128205128205,0.3575418994413408,205000.0
johnsru01,Unknown johnsru01,2001,TBA,85,248,73,34,0.29435483870967744,0.38028169014084506,270000.0
johnsru01,Unknown johnsru01,2002,TBA,45,111,24,16,0.21621621621621623,0.3203125,575000.0
jonesad01,Unknown jonesad01,2008,BAL,132,477,129,23,0.27044025157232704,0.310546875,390000.0
jonesad01,Unknown jonesad01,2009,BAL,119,473,131,36,0.2769556025369979,0.3352601156069364,435000.0
jonesad01,Unknown jonesad01,2010,BAL,149,581,165,23,0.28399311531841653,0.3247172859450727,465000.0
jonesan01,Unknown jonesan01,1996,ATL,31,106,23,7,0.2169811320754717,0.26548672566371684,109000.0
jonesan01,Unknown jonesan01,1997,ATL,153,399,92,56,0.23057644110275688,0.329004329004329,152500.0
jonesan01,Unknown jonesan01,1998,ATL,159,582,158,40,0.27147766323024053,0.32063492063492066,215000.0
jonesan01,Unknown jonesan01,1999,ATL,162,592,163,76,0.27533783783783783,0.36524300441826213,330000.0
jonesan01,Unknown jonesan01,2000,ATL,161,656,199,59,0.30335365853658536,0.3662551440329218,3700000.0
jonesan01,Unknown jonesan01,2001,ATL,161,625,157,56,0.2512,0.3116883116883117,8200000.0
jonesan01,Unknown jonesan01,2002,ATL,154,560,148,83,0.2642857142857143,0.36570561456752654,10000000.0
jonesan01,Unknown jonesan01,2003,ATL,156,595,165,53,0.2773109243697479,0.33839150227617604,12000000.0
jonesan01,Unknown jonesan01,2004,ATL,154,570,149,71,0.2614035087719298,0.34520123839009287,12500000.0
jonesan01,Unknown jonesan01,2005,ATL,160,586,154,64,0.2627986348122867,0.34672619047619047,13000000.0
jonesan01,Unknown jonesan01,2006,ATL,156,565,148,82,0.26194690265486725,0.3632286995515695,13500000.0
jonesan01,Unknown jonesan01,2007,ATL,154,572,127,70,0.22202797202797203,0.3110773899848255,14000000.0
jonesan01,Unknown jonesan01,2008,LAN,75,209,33,27,0.15789473684210525,0.25630252100840334,14726910.0
jonesan01,Unknown jonesan01,2009,TEX,82,281,60,45,0.21352313167259787,0.32326283987915405,500000.0
jonesan01,Unknown jonesan01,2010,CHA,107,278,64,45,0.2302158273381295,0.34146341463414637,500000.0
jonesch05,Unknown jonesch05,1993,COL,86,209,57,10,0.2727272727272727,0.30454545454545456,140000.0
jonesch05,Unknown jonesch05,1995,NYN,79,182,51,13,0.2802197802197802,0.32663316582914576,200000.0
jonesch05,Unknown jonesch05,1996,NYN,89,149,36,12,0.24161073825503357,0.3067484662576687,337500.0
jonesch05,Unknown jonesch05,1997,SDN,92,152,37,16,0.24342105263157895,0.3216374269005848,380000.0
jonesch06,Unknown jonesch06,1995,ATL,140,524,139,73,0.2652671755725191,0.3527454242928453,114000.0
jonesch06,Unknown jonesch06,1996,ATL,157,598,185,87,0.3093645484949833,0.3930635838150289,825000.0
jonesch06,Unknown jonesch06,1997,ATL,157,597,176,76,0.2948073701842546,0.3711340206185567,1525000.0
jonesch06,Unknown jonesch06,1998,ATL,160,601,188,96,0.31281198003327787,0.40368271954674223,2550000.0
jonesch06,Unknown jonesch06,1999,ATL,157,567,181,126,0.31922398589065254,0.44079885877318115,4175000.0
jonesch06,Unknown jonesch06,2000,ATL,156,579,180,95,0.31088082901554404,0.4037900874635568,4750000.0
jonesch06,Unknown jonesch06,2001,ATL,159,572,189,98,0.3304195804195804,0.42688330871491875,10333333.0
jonesch06,Unknown jonesch06,2002,ATL,158,548,179,107,0.3266423357664234,0.4350453172205438,11333333.0
jonesch06,Unknown jonesch06,2003,ATL,153,555,169,94,0.3045045045045045,0.4024390243902439,13333333.0
jonesch06,Unknown jonesch06,2004,ATL,137,472,117,84,0.2478813559322034,0.36155202821869487,15333333.0
jonesch06,Unknown jonesch06,2005,ATL,109,358,106,72,0.29608938547486036,0.41203703703703703,16061802.0
jonesch06,Unknown jonesch06,2006,ATL,110,411,133,61,0.3236009732360097,0.4088050314465409,12333333.0
jonesch06,Unknown jonesch06,2007,ATL,134,513,173,82,0.33723196881091616,0.425,12333333.0
jonesch06,Unknown jonesch06,2008,ATL,128,439,160,90,0.36446469248291574,0.4700374531835206,12333333.0
jonesch06,Unknown jonesch06,2009,ATL,143,488,129,101,0.26434426229508196,0.3875838926174497,10000000.0
jonesch06,Unknown jonesch06,2010,ATL,95,317,84,61,0.26498422712933756,0.3805774278215223,14000000.0
jonesga02,Unknown jonesga02,2010,PIT,158,592,146,53,0.24662162162162163,0.3058103975535168,425000.0
jonesja04,Unknown jonesja04,1999,MIN,95,322,93,17,0.2888198757763975,0.32947976878612717,200000.0
jonesja04,Unknown jonesja04,2000,MIN,154,523,149,26,0.28489483747609945,0.31876138433515483,225000.0
jonesja04,Unknown jonesja04,2001,MIN,149,475,131,39,0.27578947368421053,0.3346228239845261,275000.0
jonesja04,Unknown jonesja04,2002,MIN,149,577,173,37,0.29982668977469673,0.3408360128617363,312500.0
jonesja04,Unknown jonesja04,2003,MIN,136,517,157,21,0.3036750483558994,0.3327239488117002,2750000.0
jonesja04,Unknown jonesja04,2004,MIN,151,555,141,40,0.25405405405405407,0.31518151815181517,4350000.0
jonesja04,Unknown jonesja04,2005,MIN,142,523,130,51,0.248565965583174,0.3190394511149228,5000000.0
jonesja04,Unknown jonesja04,2007,CHN,135,453,129,34,0.2847682119205298,0.3353658536585366,5633333.0
joneste02,Unknown joneste02,1998,MON,60,212,46,21,0.2169811320754717,0.2875536480686695,170000.0
joneste02,Unknown joneste02,2000,MON,108,168,42,10,0.25,0.29213483146067415,225000.0
jonesti02,Unknown jonesti02,1990,SLN,67,128,28,12,0.21875,0.2907801418439716,100000.0
jonesti02,Unknown jonesti02,1992,SLN,67,145,29,11,0.2,0.2564102564102564,165000.0
jonestr01,Unknown jonestr01,1990,DET,50,118,27,6,0.2288135593220339,0.28346456692913385,375000.0
jonestr01,Unknown jonestr01,1991,SEA,79,175,44,18,0.25142857142857145,0.32142857142857145,525000.0
jordabr01,Unknown jordabr01,1992,SLN,55,193,40,10,0.20725388601036268,0.25,109000.0
jordabr01,Unknown jordabr01,1993,SLN,67,223,69,12,0.3094170403587444,0.3512396694214876,716667.0
jordabr01,Unknown jordabr01,1994,SLN,53,178,46,16,0.25842696629213485,0.3197969543147208,846667.0
jordabr01,Unknown jordabr01,1995,SLN,131,490,145,22,0.29591836734693877,0.33904761904761904,725000.0
jordabr01,Unknown jordabr01,1996,SLN,140,513,159,29,0.30994152046783624,0.34946236559139787,2500000.0
jordabr01,Unknown jordabr01,1997,SLN,47,145,34,10,0.23448275862068965,0.3105590062111801,3300000.0
jordabr01,Unknown jordabr01,1998,SLN,150,564,178,40,0.31560283687943264,0.3679092382495948,3700000.0
jordabr01,Unknown jordabr01,1999,ATL,153,576,163,51,0.2829861111111111,0.3457364341085271,4600000.0
jordabr01,Unknown jordabr01,2000,ATL,133,489,129,38,0.26380368098159507,0.3202979515828678,7600000.0
jordabr01,Unknown jordabr01,2001,ATL,148,560,165,31,0.29464285714285715,0.3338842975206612,9100000.0
jordabr01,Unknown jordabr01,2002,LAN,128,471,134,34,0.28450106157112526,0.3378640776699029,6600000.0
jordabr01,Unknown jordabr01,2003,LAN,66,224,67,23,0.29910714285714285,0.3715415019762846,9600000.0
jordabr01,Unknown jordabr01,2004,TEX,61,212,47,16,0.22169811320754718,0.27467811158798283,1250000.0
jordabr01,Unknown jordabr01,2005,ATL,76,231,57,14,0.24675324675324675,0.2948207171314741,600000.0
jordake01,Unknown jordake01,1996,PHI,43,131,37,5,0.2824427480916031,0.30935251798561153,109000.0
jordake01,Unknown jordake01,1997,PHI,84,177,47,3,0.2655367231638418,0.273224043715847,175000.0
jordake01,Unknown jordake01,1998,PHI,112,250,69,8,0.276,0.30268199233716475,230000.0
jordake01,Unknown jordake01,1999,PHI,120,347,99,24,0.28530259365994237,0.3394736842105263,550000.0
jordake01,Unknown jordake01,2000,PHI,109,337,74,17,0.2195845697329377,0.2569832402234637,1000000.0
jordake01,Unknown jordake01,2001,PHI,68,113,27,14,0.23893805309734514,0.3228346456692913,700000.0
jordari02,Unknown jordari02,1990,PHI,92,324,78,13,0.24074074074074073,0.2774566473988439,215000.0
jordari02,Unknown jordari02,1991,PHI,101,301,82,14,0.2724252491694352,0.30434782608695654,250000.0
jordari02,Unknown jordari02,1992,PHI,94,276,84,5,0.30434782608695654,0.31338028169014087,660000.0
jordari02,Unknown jordari02,1993,PHI,90,159,46,8,0.2893081761006289,0.3235294117647059,1000000.0
jordari02,Unknown jordari02,1994,PHI,72,220,62,6,0.2818181818181818,0.3026315789473684,1100000.0
jorgete01,Unknown jorgete01,1993,MIN,59,152,34,10,0.2236842105263158,0.26993865030674846,119000.0
josefe01,Unknown josefe01,1990,OAK,101,341,90,16,0.26392961876832843,0.30578512396694213,102500.0
josefe01,Unknown josefe01,1991,SLN,154,568,173,50,0.3045774647887324,0.36,160000.0
josefe01,Unknown josefe01,1992,SLN,131,509,150,40,0.29469548133595286,0.3466424682395644,315000.0
josefe01,Unknown josefe01,1993,KCA,149,499,126,36,0.25250501002004005,0.30297397769516726,1525000.0
josefe01,Unknown josefe01,1994,KCA,99,366,111,35,0.30327868852459017,0.36228287841191065,1950000.0
joycema01,Unknown joycema01,2010,TBA,77,216,52,40,0.24074074074074073,0.36015325670498083,406000.0
joynewa01,Unknown joynewa01,1990,CAL,83,310,83,41,0.267741935483871,0.35014005602240894,1750000.0
joynewa01,Unknown joynewa01,1991,CAL,143,551,166,52,0.30127041742286753,0.35960591133004927,2100000.0
joynewa01,Unknown joynewa01,1992,KCA,149,572,154,55,0.2692307692307692,0.33649289099526064,4200000.0
joynewa01,Unknown joynewa01,1993,KCA,141,497,145,66,0.2917505030181087,0.37478108581436076,4400000.0
joynewa01,Unknown joynewa01,1994,KCA,97,363,113,47,0.31129476584022037,0.3855421686746988,4600000.0
joynewa01,Unknown joynewa01,1995,KCA,131,465,144,69,0.3096774193548387,0.3944954128440367,4800000.0
joynewa01,Unknown joynewa01,1996,SDN,121,433,120,69,0.27713625866050806,0.37721021611001965,2550000.0
joynewa01,Unknown joynewa01,1997,SDN,135,455,149,51,0.3274725274725275,0.38996138996138996,3800000.0
joynewa01,Unknown joynewa01,1998,SDN,131,439,131,51,0.2984054669703872,0.37044534412955465,3750000.0
joynewa01,Unknown joynewa01,1999,SDN,110,323,80,58,0.2476780185758514,0.3626943005181347,2841680.0
joynewa01,Unknown joynewa01,2000,ATL,119,224,63,31,0.28125,0.36538461538461536,3365099.0
joynewa01,Unknown joynewa01,2001,ANA,53,148,36,13,0.24324324324324326,0.30434782608695654,200000.0
justida01,Unknown justida01,1991,ATL,109,396,109,65,0.27525252525252525,0.3773987206823028,296000.0
justida01,Unknown justida01,1992,ATL,144,484,124,79,0.256198347107438,0.35901926444833626,555000.0
justida01,Unknown justida01,1993,ATL,157,585,158,78,0.27008547008547007,0.3567164179104478,1875000.0
justida01,Unknown justida01,1994,ATL,104,352,110,69,0.3125,0.4268867924528302,3200000.0
justida01,Unknown justida01,1995,ATL,120,411,104,73,0.25304136253041365,0.3645621181262729,5200000.0
justida01,Unknown justida01,1996,ATL,40,140,45,21,0.32142857142857145,0.40853658536585363,6200000.0
justida01,Unknown justida01,1997,CLE,139,495,163,80,0.3292929292929293,0.4175257731958763,6300000.0
justida01,Unknown justida01,1998,CLE,146,540,151,76,0.2796296296296296,0.3632,6500000.0
justida01,Unknown justida01,1999,CLE,133,429,123,94,0.2867132867132867,0.41320754716981134,7000000.0
justida01,Unknown justida01,2000,CLE,68,249,66,38,0.26506024096385544,0.3611111111111111,7000000.0
justida01,Unknown justida01,2001,NYA,111,381,92,54,0.24146981627296588,0.3325740318906606,7800000.0
justida01,Unknown justida01,2002,OAK,118,398,106,70,0.2663316582914573,0.37579617834394907,7000000.0
kaplega01,Unknown kaplega01,1999,DET,130,416,102,42,0.24519230769230768,0.3146551724137931,200000.0
kaplega01,Unknown kaplega01,2000,TEX,116,444,134,42,0.30180180180180183,0.35991820040899797,280000.0
kaplega01,Unknown kaplega01,2001,TEX,134,483,129,61,0.2670807453416149,0.3483754512635379,450000.0
kaplega01,Unknown kaplega01,2002,TEX,72,196,51,8,0.2602040816326531,0.28502415458937197,1850000.0
kaplega01,Unknown kaplega01,2004,BOS,136,290,79,15,0.27241379310344827,0.3106796116504854,750000.0
kaplega01,Unknown kaplega01,2008,MIL,96,229,69,13,0.30131004366812225,0.3401639344262295,800000.0
kaplega01,Unknown kaplega01,2009,TBA,99,205,49,29,0.23902439024390243,0.3291139240506329,1000018.0
kaplega01,Unknown kaplega01,2010,TBA,59,124,26,11,0.20967741935483872,0.28776978417266186,1054000.0
karkoro01,Unknown karkoro01,1990,CHA,68,183,45,16,0.2459016393442623,0.30845771144278605,108000.0
karkoro01,Unknown karkoro01,1991,CHA,75,167,41,15,0.24550898203592814,0.30978260869565216,310000.0
karkoro01,Unknown karkoro01,1992,CHA,123,342,81,30,0.23684210526315788,0.30238726790450926,650000.0
karkoro01,Unknown karkoro01,1993,CHA,128,403,92,29,0.228287841191067,0.2873303167420814,1566667.0
karkoro01,Unknown karkoro01,1994,CHA,77,207,44,36,0.21256038647342995,0.3252032520325203,1429167.0
karkoro01,Unknown karkoro01,1995,CHA,113,323,70,39,0.21671826625386997,0.30563002680965146,1773615.0
karkoro01,Unknown karkoro01,1996,CHA,111,355,78,24,0.21971830985915494,0.2696335078534031,2225000.0
karkoro01,Unknown karkoro01,1997,CHA,51,138,25,11,0.18115942028985507,0.2484076433121019,1500000.0
karroer01,Unknown karroer01,1992,LAN,149,545,140,37,0.25688073394495414,0.30390492359932086,124000.0
karroer01,Unknown karroer01,1993,LAN,158,619,153,34,0.24717285945072698,0.2872340425531915,435000.0
karroer01,Unknown karroer01,1994,LAN,111,406,108,29,0.2660098522167488,0.31026785714285715,650000.0
karroer01,Unknown karroer01,1995,LAN,143,551,164,61,0.29764065335753176,0.36935483870967745,2350000.0
karroer01,Unknown karroer01,1996,LAN,154,608,158,53,0.2598684210526316,0.3164179104477612,3150000.0
karroer01,Unknown karroer01,1997,LAN,162,628,167,61,0.2659235668789809,0.32857142857142857,4500000.0
karroer01,Unknown karroer01,1998,LAN,139,507,150,47,0.2958579881656805,0.3546099290780142,4500000.0
karroer01,Unknown karroer01,1999,LAN,153,578,176,53,0.3044982698961938,0.3615023474178404,5500000.0
karroer01,Unknown karroer01,2000,LAN,155,584,146,63,0.25,0.3212669683257919,5375000.0
karroer01,Unknown karroer01,2001,LAN,121,438,103,41,0.23515981735159816,0.3030927835051546,7500000.0
karroer01,Unknown karroer01,2002,LAN,142,524,142,37,0.27099236641221375,0.3228621291448517,6875000.0
karroer01,Unknown karroer01,2003,CHN,114,336,96,28,0.2857142857142857,0.33972602739726027,8375000.0
karroer01,Unknown karroer01,2004,OAK,40,103,20,7,0.1941747572815534,0.24324324324324326,550000.0
katama01,Unknown katama01,2004,ARI,42,162,40,13,0.24691358024691357,0.30113636363636365,315000.0
kearnau01,Unknown kearnau01,2003,CIN,82,292,77,41,0.2636986301369863,0.363905325443787,350000.0
kearnau01,Unknown kearnau01,2004,CIN,64,217,50,28,0.2304147465437788,0.32113821138211385,400000.0
kearnau01,Unknown kearnau01,2005,CIN,112,387,93,48,0.24031007751937986,0.3325892857142857,930000.0
kearnau01,Unknown kearnau01,2006,CIN,87,325,89,35,0.27384615384615385,0.35054347826086957,1850000.0
kearnau01,Unknown kearnau01,2007,WAS,161,587,156,71,0.2657580919931857,0.3545994065281899,3500000.0
kearnau01,Unknown kearnau01,2008,WAS,86,313,68,35,0.21725239616613418,0.31092436974789917,5000000.0
kearnau01,Unknown kearnau01,2009,WAS,80,174,34,32,0.19540229885057472,0.33649289099526064,8000000.0
kearnau01,Unknown kearnau01,2010,CLE,84,301,82,34,0.2724252491694352,0.3538011695906433,750000.0
kellydo01,Unknown kellydo01,2010,DET,119,238,58,8,0.24369747899159663,0.272,405000.0
kellymi02,Unknown kellymi02,1995,ATL,97,137,26,11,0.1897810218978102,0.2582781456953642,111500.0
kellymi02,Unknown kellymi02,1997,CIN,73,140,41,10,0.29285714285714287,0.33774834437086093,175000.0
kellymi02,Unknown kellymi02,1998,TBA,106,279,67,22,0.24014336917562723,0.2947019867549669,235000.0
kellypa03,Unknown kellypa03,1992,NYA,106,318,72,25,0.22641509433962265,0.300561797752809,147500.0
kellypa03,Unknown kellypa03,1993,NYA,127,406,111,24,0.2733990147783251,0.31746031746031744,160000.0
kellypa03,Unknown kellypa03,1994,NYA,93,286,80,19,0.27972027972027974,0.33015873015873015,810000.0
kellypa03,Unknown kellypa03,1995,NYA,89,270,64,23,0.23703703703703705,0.30666666666666664,1085000.0
kellypa03,Unknown kellypa03,1997,NYA,67,120,29,14,0.24166666666666667,0.3235294117647059,1100000.0
kellypa03,Unknown kellypa03,1998,SLN,53,153,33,13,0.21568627450980393,0.28402366863905326,325000.0
kellyro01,Unknown kellyro01,1990,NYA,162,641,183,33,0.28549141965678626,0.3225806451612903,265000.0
kellyro01,Unknown kellyro01,1991,NYA,126,486,130,45,0.2674897119341564,0.33271719038817005,900000.0
kellyro01,Unknown kellyro01,1992,NYA,152,580,158,41,0.27241379310344827,0.32171156893819336,2150000.0
kellyro01,Unknown kellyro01,1993,CIN,78,320,102,17,0.31875,0.3538011695906433,3133333.0
kellyro01,Unknown kellyro01,1994,CIN,47,179,54,11,0.3016759776536313,0.35051546391752575,3133333.0
kellyro01,Unknown kellyro01,1995,LAN,112,409,114,15,0.2787286063569682,0.3057471264367816,3733334.0
kellyro01,Unknown kellyro01,1996,MIN,98,322,104,23,0.32298136645962733,0.3753501400560224,550000.0
kellyro01,Unknown kellyro01,1997,MIN,75,247,71,17,0.2874493927125506,0.3358208955223881,750000.0
kellyro01,Unknown kellyro01,1998,TEX,75,257,83,8,0.3229571984435798,0.34944237918215615,1625000.0
kellyro01,Unknown kellyro01,1999,TEX,87,290,87,21,0.3,0.3553459119496855,2225000.0
kempma01,Unknown kempma01,2007,LAN,98,292,100,16,0.3424657534246575,0.3729903536977492,383000.0
kempma01,Unknown kempma01,2008,LAN,155,606,176,46,0.29042904290429045,0.3399390243902439,406000.0
kempma01,Unknown kempma01,2009,LAN,159,606,180,52,0.297029702970297,0.3523238380809595,467000.0
kempma01,Unknown kempma01,2010,LAN,162,602,150,53,0.24916943521594684,0.30988023952095806,4000000.0
kendaja01,Unknown kendaja01,1996,PIT,130,414,124,35,0.2995169082125604,0.3717948717948718,109000.0
kendaja01,Unknown kendaja01,1997,PIT,144,486,143,49,0.294238683127572,0.3905429071803853,235000.0
kendaja01,Unknown kendaja01,1998,PIT,149,535,175,51,0.32710280373831774,0.4112,600000.0
kendaja01,Unknown kendaja01,1999,PIT,78,280,93,38,0.33214285714285713,0.4281437125748503,1250000.0
kendaja01,Unknown kendaja01,2000,PIT,152,579,185,79,0.31951640759930916,0.4121122599704579,2250000.0
kendaja01,Unknown kendaja01,2001,PIT,157,606,161,44,0.26567656765676567,0.33482142857142855,5100000.0
kendaja01,Unknown kendaja01,2002,PIT,145,545,154,49,0.28256880733944956,0.3504132231404959,6571429.0
kendaja01,Unknown kendaja01,2003,PIT,150,587,191,49,0.32538330494037476,0.3990963855421687,8571429.0
kendaja01,Unknown kendaja01,2004,PIT,147,574,183,60,0.31881533101045295,0.3987823439878234,8571429.0
kendaja01,Unknown kendaja01,2005,OAK,150,601,163,50,0.27121464226289516,0.34467455621301774,10571429.0
kendaja01,Unknown kendaja01,2006,OAK,143,552,163,53,0.29528985507246375,0.3665594855305466,11492454.0
kendaja01,Unknown kendaja01,2007,OAK,80,292,66,12,0.22602739726027396,0.26129032258064516,12858194.0
kendaja01,Unknown kendaja01,2008,MIL,151,516,127,50,0.24612403100775193,0.3270223752151463,4250000.0
kendaja01,Unknown kendaja01,2009,MIL,134,452,109,46,0.2411504424778761,0.33076923076923076,5000000.0
kendaja01,Unknown kendaja01,2010,KCA,118,434,111,37,0.2557603686635945,0.3181818181818182,2250000.0
kendrho01,Unknown kendrho01,2007,LAA,88,338,109,9,0.3224852071005917,0.3465909090909091,395000.0
kendrho01,Unknown kendrho01,2008,LAA,92,340,104,12,0.3058823529411765,0.3333333333333333,432500.0
kendrho01,Unknown kendrho01,2009,LAA,105,374,109,20,0.2914438502673797,0.3341708542713568,465000.0
kendrho01,Unknown kendrho01,2010,LAA,158,616,172,28,0.2792207792207792,0.31345565749235477,1750000.0
kennead01,Unknown kennead01,1999,SLN,33,102,26,3,0.2549019607843137,0.28440366972477066,200000.0
kennead01,Unknown kennead01,2000,ANA,156,598,159,28,0.26588628762541805,0.3001579778830964,202500.0
kennead01,Unknown kennead01,2001,ANA,137,478,129,27,0.2698744769874477,0.3180952380952381,280000.0
kennead01,Unknown kennead01,2002,ANA,144,474,148,19,0.31223628691983124,0.34523809523809523,375000.0
kennead01,Unknown kennead01,2003,ANA,143,449,121,45,0.26948775055679286,0.34448818897637795,2270000.0
kennead01,Unknown kennead01,2004,ANA,144,468,130,41,0.2777777777777778,0.3511450381679389,2500000.0
kennead01,Unknown kennead01,2005,LAA,129,416,125,29,0.3004807692307692,0.35384615384615387,3000000.0
kennead01,Unknown kennead01,2006,LAA,139,451,123,39,0.2727272727272727,0.334,3350000.0
kennead01,Unknown kennead01,2007,SLN,87,279,61,22,0.21863799283154123,0.2819672131147541,2500000.0
kennead01,Unknown kennead01,2008,SLN,115,339,95,21,0.28023598820059,0.32054794520547947,3500000.0
kennead01,Unknown kennead01,2010,WAS,135,342,85,37,0.24853801169590642,0.327319587628866,1250000.0
kennete02,Unknown kennete02,1990,SFN,107,303,84,31,0.27722772277227725,0.34226190476190477,850000.0
kennete02,Unknown kennete02,1991,SFN,69,171,40,11,0.23391812865497075,0.2826086956521739,500000.0
kentje01,Unknown kentje01,1992,TOR,65,192,46,20,0.23958333333333334,0.32432432432432434,109000.0
kentje01,Unknown kentje01,1993,NYN,140,496,134,30,0.2701612903225806,0.31970260223048325,195000.0
kentje01,Unknown kentje01,1994,NYN,107,415,121,23,0.29156626506024097,0.34146341463414637,437500.0
kentje01,Unknown kentje01,1995,NYN,125,472,131,29,0.2775423728813559,0.32748538011695905,710000.0
kentje01,Unknown kentje01,1996,NYN,89,335,97,21,0.28955223880597014,0.33055555555555555,1960000.0
kentje01,Unknown kentje01,1997,SFN,155,580,145,48,0.25,0.31643625192012287,2625000.0
kentje01,Unknown kentje01,1998,SFN,137,526,156,48,0.2965779467680608,0.3591905564924115,3400000.0
kentje01,Unknown kentje01,1999,SFN,138,511,148,61,0.2896281800391389,0.3658119658119658,5750000.0
kentje01,Unknown kentje01,2000,SFN,159,587,196,90,0.3339011925042589,0.4244604316546763,6000000.0
kentje01,Unknown kentje01,2001,SFN,159,607,181,65,0.2981878088962109,0.3692528735632184,6000000.0
kentje01,Unknown kentje01,2002,SFN,152,623,195,52,0.3130016051364366,0.3680351906158358,6000000.0
kentje01,Unknown kentje01,2003,HOU,130,505,150,39,0.297029702970297,0.35144927536231885,7500000.0
kentje01,Unknown kentje01,2004,HOU,145,540,156,49,0.28888888888888886,0.3481848184818482,10000000.0
kentje01,Unknown kentje01,2005,LAN,149,553,160,72,0.28933092224231466,0.37676609105180536,7350000.0
kentje01,Unknown kentje01,2006,LAN,115,407,119,55,0.29238329238329236,0.38477801268498946,9400000.0
kentje01,Unknown kentje01,2007,LAN,136,494,149,57,0.3016194331983806,0.37544483985765126,9814117.0
kentje01,Unknown kentje01,2008,LAN,121,440,123,25,0.27954545454545454,0.3270042194092827,9000000.0
keppije01,Unknown keppije01,2007,CIN,67,241,80,24,0.33195020746887965,0.4,382500.0
keppije01,Unknown keppije01,2008,CIN,121,459,122,30,0.2657952069716776,0.31048387096774194,402500.0
keppije01,Unknown keppije01,2009,HOU,107,305,78,27,0.25573770491803277,0.32047477744807124,427500.0
keppije01,Unknown keppije01,2010,HOU,137,514,148,51,0.28793774319066145,0.3508771929824561,1150000.0
kieltbo01,Unknown kieltbo01,2003,MIN,75,238,60,42,0.25210084033613445,0.36971830985915494,325000.0
kieltbo01,Unknown kieltbo01,2004,OAK,83,238,51,35,0.21428571428571427,0.3212996389891697,347500.0
kieltbo01,Unknown kieltbo01,2005,OAK,116,377,99,50,0.2625994694960212,0.3503480278422274,875000.0
kingemi01,Unknown kingemi01,1991,SFN,91,110,20,15,0.18181818181818182,0.28,362500.0
kingemi01,Unknown kingemi01,1994,COL,105,301,105,30,0.3488372093023256,0.40175953079178883,250000.0
kingemi01,Unknown kingemi01,1995,COL,119,350,94,45,0.26857142857142857,0.351010101010101,700000.0
kingemi01,Unknown kingemi01,1996,PIT,117,276,68,23,0.2463768115942029,0.30363036303630364,750000.0
kingje01,Unknown kingje01,1990,PIT,127,371,91,21,0.24528301886792453,0.2825,112500.0
kingje01,Unknown kingje01,1991,PIT,33,109,26,14,0.23853211009174313,0.328,215000.0
kingje01,Unknown kingje01,1992,PIT,130,480,111,27,0.23125,0.2723735408560311,325000.0
kingje01,Unknown kingje01,1993,PIT,158,611,180,59,0.2945990180032733,0.3563049853372434,675000.0
kingje01,Unknown kingje01,1994,PIT,94,339,89,30,0.26253687315634217,0.31648936170212766,2400000.0
kingje01,Unknown kingje01,1995,PIT,122,445,118,55,0.2651685393258427,0.3418467583497053,2160000.0
kingje01,Unknown kingje01,1996,PIT,155,591,160,70,0.2707275803722504,0.34575260804769004,2500000.0
kingje01,Unknown kingje01,1997,KCA,155,543,129,89,0.23756906077348067,0.34055727554179566,2500000.0
kingje01,Unknown kingje01,1998,KCA,131,486,128,42,0.26337448559670784,0.31851851851851853,4000000.0
kingsge01,Unknown kingsge01,2003,DET,39,120,25,10,0.20833333333333334,0.26515151515151514,340000.0
kinkami01,Unknown kinkami01,2001,BAL,61,160,44,14,0.275,0.3446327683615819,215000.0
kinkami01,Unknown kinkami01,2003,LAN,88,162,35,13,0.21604938271604937,0.33507853403141363,320000.0
kinslia01,Unknown kinslia01,2006,TEX,120,423,121,40,0.2860520094562648,0.346723044397463,327000.0
kinslia01,Unknown kinslia01,2007,TEX,130,483,127,62,0.2629399585921325,0.3548387096774194,390708.0
kinslia01,Unknown kinslia01,2008,TEX,121,518,165,45,0.3185328185328185,0.375,700000.0
kinslia01,Unknown kinslia01,2009,TEX,144,566,143,59,0.25265017667844525,0.32653061224489793,3200000.0
kinslia01,Unknown kinslia01,2010,TEX,103,391,112,56,0.2864450127877238,0.38209606986899564,4200000.0
kirbywa01,Unknown kirbywa01,1993,CLE,131,458,123,37,0.2685589519650655,0.32341269841269843,123000.0
kirbywa01,Unknown kirbywa01,1994,CLE,78,191,56,13,0.2931937172774869,0.34146341463414637,190000.0
kirbywa01,Unknown kirbywa01,1995,CLE,101,188,39,13,0.2074468085106383,0.25980392156862747,362500.0
kittlro01,Unknown kittlro01,1990,CHA,83,277,68,24,0.24548736462093862,0.3114754098360656,550000.0
kleskry01,Unknown kleskry01,1994,ATL,92,245,68,26,0.27755102040816326,0.3442028985507246,111500.0
kleskry01,Unknown kleskry01,1995,ATL,107,329,102,47,0.3100303951367781,0.3963254593175853,190000.0
kleskry01,Unknown kleskry01,1996,ATL,153,528,149,68,0.2821969696969697,0.3637873754152824,315000.0
kleskry01,Unknown kleskry01,1997,ATL,143,467,122,48,0.26124197002141325,0.33397312859884837,2450000.0
kleskry01,Unknown kleskry01,1998,ATL,129,427,117,56,0.27400468384074944,0.35918367346938773,3500000.0
kleskry01,Unknown kleskry01,1999,ATL,133,404,120,53,0.297029702970297,0.37553648068669526,4750000.0
kleskry01,Unknown kleskry01,2000,SDN,145,494,140,91,0.2834008097165992,0.39322033898305087,5750000.0
kleskry01,Unknown kleskry01,2001,SDN,146,538,154,88,0.2862453531598513,0.384012539184953,5750000.0
kleskry01,Unknown kleskry01,2002,SDN,146,540,162,76,0.3,0.38782051282051283,6000000.0
kleskry01,Unknown kleskry01,2003,SDN,121,397,100,65,0.2518891687657431,0.35443037974683544,5500000.0
kleskry01,Unknown kleskry01,2004,SDN,127,402,117,73,0.291044776119403,0.3987473903966597,6000000.0
kleskry01,Unknown kleskry01,2005,SDN,137,443,110,75,0.24830699774266365,0.3576923076923077,9000000.0
kleskry01,Unknown kleskry01,2007,SFN,116,362,94,46,0.2596685082872928,0.3439024390243902,1750000.0
kmakjo01,Unknown kmakjo01,1993,ML4,51,110,24,14,0.21818181818181817,0.31746031746031744,109000.0
knoblch01,Unknown knoblch01,1992,MIN,155,600,178,88,0.2966666666666667,0.3843971631205674,325000.0
knoblch01,Unknown knoblch01,1993,MIN,153,602,167,65,0.27740863787375414,0.35389133627019087,510000.0
knoblch01,Unknown knoblch01,1994,MIN,109,445,139,41,0.31235955056179776,0.3807615230460922,1625000.0
knoblch01,Unknown knoblch01,1995,MIN,136,538,179,78,0.33271375464684017,0.424483306836248,2987500.0
knoblch01,Unknown knoblch01,1996,MIN,153,578,197,98,0.3408304498269896,0.4479315263908702,4670000.0
knoblch01,Unknown knoblch01,1997,MIN,156,611,178,84,0.29132569558101473,0.38966480446927376,6150000.0
knoblch01,Unknown knoblch01,1998,NYA,150,603,160,76,0.26533996683250416,0.36079545454545453,6000000.0
knoblch01,Unknown knoblch01,1999,NYA,150,603,176,83,0.29187396351575456,0.39325842696629215,6000000.0
knoblch01,Unknown knoblch01,2000,NYA,102,400,113,46,0.2825,0.36622807017543857,6000000.0
knoblch01,Unknown knoblch01,2001,NYA,137,521,130,58,0.2495201535508637,0.33949579831932775,6000000.0
knoblch01,Unknown knoblch01,2002,KCA,80,300,63,28,0.21,0.2844311377245509,2000000.0
knorrra01,Unknown knorrra01,1993,TOR,39,101,25,9,0.24752475247524752,0.3090909090909091,112500.0
knorrra01,Unknown knorrra01,1994,TOR,40,124,30,10,0.24193548387096775,0.3014705882352941,170000.0
knorrra01,Unknown knorrra01,1995,TOR,45,132,28,11,0.21212121212121213,0.2727272727272727,240000.0
konerpa01,Unknown konerpa01,1998,LAN,49,144,31,10,0.2152777777777778,0.2721518987341772,170000.0
konerpa01,Unknown konerpa01,1999,CHA,142,513,151,45,0.29434697855750486,0.35168738898756663,215000.0
konerpa01,Unknown konerpa01,2000,CHA,143,524,156,47,0.29770992366412213,0.363481228668942,305000.0
konerpa01,Unknown konerpa01,2001,CHA,156,582,164,54,0.281786941580756,0.34923076923076923,2300000.0
konerpa01,Unknown konerpa01,2002,CHA,151,570,173,44,0.30350877192982456,0.35873015873015873,3800000.0
konerpa01,Unknown konerpa01,2003,CHA,137,444,104,43,0.23423423423423423,0.30505050505050507,6250000.0
konerpa01,Unknown konerpa01,2004,CHA,155,563,156,69,0.27708703374777977,0.359253499222395,8000000.0
konerpa01,Unknown konerpa01,2005,CHA,158,575,163,81,0.28347826086956524,0.375,8750000.0
konerpa01,Unknown konerpa01,2006,CHA,152,566,177,60,0.3127208480565371,0.3810264385692068,12000000.0
konerpa01,Unknown konerpa01,2007,CHA,151,549,142,78,0.2586520947176685,0.35062893081761004,12000000.0
konerpa01,Unknown konerpa01,2008,CHA,122,438,105,65,0.23972602739726026,0.3443579766536965,12000000.0
konerpa01,Unknown konerpa01,2009,CHA,152,546,151,58,0.2765567765567766,0.3526570048309179,12000000.0
konerpa01,Unknown konerpa01,2010,CHA,149,548,171,72,0.31204379562043794,0.393026941362916,12000000.0
koskico01,Unknown koskico01,1999,MIN,117,342,106,40,0.30994152046783624,0.3871794871794872,200000.0
koskico01,Unknown koskico01,2000,MIN,146,474,142,77,0.29957805907172996,0.3996415770609319,245000.0
koskico01,Unknown koskico01,2001,MIN,153,562,155,68,0.27580071174377224,0.362095531587057,300000.0
koskico01,Unknown koskico01,2002,MIN,140,490,131,72,0.2673469387755102,0.3680555555555556,2150000.0
koskico01,Unknown koskico01,2003,MIN,131,469,137,77,0.2921108742004264,0.3932384341637011,3400000.0
koskico01,Unknown koskico01,2004,MIN,118,422,106,49,0.25118483412322273,0.3422131147540984,4500000.0
koskico01,Unknown koskico01,2005,TOR,97,354,88,44,0.24858757062146894,0.33663366336633666,3500000.0
koskico01,Unknown koskico01,2006,MIL,76,257,67,29,0.2607003891050584,0.34256055363321797,6250000.0
kotchca01,Unknown kotchca01,2007,LAA,137,443,131,53,0.29571106094808125,0.3722772277227723,382500.0
kotchca01,Unknown kotchca01,2008,LAA,100,373,107,18,0.2868632707774799,0.32663316582914576,1450000.0
kotchca01,Unknown kotchca01,2009,ATL,87,298,84,32,0.28187919463087246,0.3541666666666667,2885000.0
kotchca01,Unknown kotchca01,2010,SEA,125,414,90,35,0.21739130434782608,0.2800875273522976,3517500.0
kotsama01,Unknown kotsama01,1998,FLO,154,578,161,34,0.27854671280276816,0.3181818181818182,171000.0
kotsama01,Unknown kotsama01,1999,FLO,148,495,134,29,0.27070707070707073,0.3058161350844278,280000.0
kotsama01,Unknown kotsama01,2000,FLO,152,530,158,42,0.2981132075471698,0.3472222222222222,324000.0
kotsama01,Unknown kotsama01,2001,SDN,119,406,118,48,0.29064039408866993,0.3660130718954248,2125000.0
kotsama01,Unknown kotsama01,2002,SDN,153,578,169,59,0.29238754325259514,0.358695652173913,3050000.0
kotsama01,Unknown kotsama01,2003,SDN,128,482,128,56,0.26556016597510373,0.3425925925925926,4450000.0
kotsama01,Unknown kotsama01,2004,OAK,148,606,190,55,0.31353135313531355,0.36976047904191617,5500000.0
kotsama01,Unknown kotsama01,2005,OAK,139,582,163,40,0.2800687285223368,0.3253588516746411,6500000.0
kotsama01,Unknown kotsama01,2006,OAK,129,502,138,44,0.2749003984063745,0.33212996389891697,7000000.0
kotsama01,Unknown kotsama01,2007,OAK,56,206,44,19,0.21359223300970873,0.27876106194690264,8000000.0
kotsama01,Unknown kotsama01,2008,ATL,88,318,92,25,0.2893081761006289,0.34011627906976744,7000000.0
kotsama01,Unknown kotsama01,2010,CHA,107,327,78,32,0.23853211009174313,0.3064066852367688,1500000.0
kottage01,Unknown kottage01,2010,MIL,67,212,43,33,0.2028301886792453,0.30522088353413657,408500.0
kouzmke01,Unknown kouzmke01,2007,SDN,145,484,133,32,0.27479338842975204,0.32894736842105265,380800.0
kouzmke01,Unknown kouzmke01,2008,SDN,154,624,162,23,0.25961538461538464,0.2994011976047904,410000.0
kouzmke01,Unknown kouzmke01,2009,SDN,141,529,135,27,0.2551984877126654,0.3019197207678883,432400.0
kouzmke01,Unknown kouzmke01,2010,OAK,143,551,136,24,0.24682395644283123,0.2832764505119454,3100000.0
kreutch01,Unknown kreutch01,1992,DET,67,190,48,20,0.25263157894736843,0.32075471698113206,155000.0
kreutch01,Unknown kreutch01,1993,DET,119,374,107,49,0.28609625668449196,0.3706293706293706,240000.0
kreutch01,Unknown kreutch01,1994,DET,65,170,38,28,0.2235294117647059,0.32673267326732675,1000000.0
kreutch01,Unknown kreutch01,1996,CHA,46,114,25,13,0.21929824561403508,0.3076923076923077,350000.0
kreutch01,Unknown kreutch01,1998,CHA,93,245,62,32,0.2530612244897959,0.34519572953736655,710000.0
kreutch01,Unknown kreutch01,1999,KCA,107,324,73,34,0.22530864197530864,0.3087431693989071,875000.0
kreutch01,Unknown kreutch01,2000,LAN,80,212,56,54,0.2641509433962264,0.4163568773234201,500000.0
kreutch01,Unknown kreutch01,2001,LAN,73,191,41,41,0.21465968586387435,0.3547008547008547,900000.0
krukjo01,Unknown krukjo01,1990,PHI,142,443,129,69,0.291196388261851,0.38596491228070173,655000.0
krukjo01,Unknown krukjo01,1991,PHI,152,538,158,67,0.2936802973977695,0.367479674796748,1175000.0
krukjo01,Unknown krukjo01,1992,PHI,144,507,164,92,0.3234714003944773,0.4233937397034596,2350000.0
krukjo01,Unknown krukjo01,1993,PHI,150,535,169,111,0.31588785046728973,0.43010752688172044,2450000.0
krukjo01,Unknown krukjo01,1994,PHI,75,255,77,42,0.30196078431372547,0.3953488372093023,2450000.0
krukjo01,Unknown krukjo01,1995,CHA,45,159,49,26,0.3081761006289308,0.39893617021276595,1000000.0
kubelja01,Unknown kubelja01,2006,MIN,73,220,53,12,0.2409090909090909,0.27896995708154504,327000.0
kubelja01,Unknown kubelja01,2007,MIN,128,418,114,41,0.2727272727272727,0.33548387096774196,387500.0
kubelja01,Unknown kubelja01,2008,MIN,141,463,126,47,0.27213822894168466,0.3346228239845261,1300000.0
kubelja01,Unknown kubelja01,2009,MIN,146,514,154,56,0.29961089494163423,0.3685121107266436,2750000.0
kubelja01,Unknown kubelja01,2010,MIN,143,518,129,56,0.24903474903474904,0.3230240549828179,4100000.0
kunkeje01,Unknown kunkeje01,1990,TEX,99,200,34,11,0.17,0.22065727699530516,140000.0
lairdge01,Unknown lairdge01,2004,TEX,49,147,33,12,0.22448979591836735,0.2865853658536585,300000.0
lairdge01,Unknown lairdge01,2006,TEX,78,243,72,12,0.2962962962962963,0.33204633204633205,332330.0
lairdge01,Unknown lairdge01,2007,TEX,120,407,91,30,0.22358722358722358,0.27765237020316025,400322.0
lairdge01,Unknown lairdge01,2008,TEX,95,344,95,23,0.2761627906976744,0.32891246684350134,1600000.0
lairdge01,Unknown lairdge01,2009,DET,135,413,93,40,0.22518159806295399,0.30620985010706636,2800000.0
lairdge01,Unknown lairdge01,2010,DET,89,270,56,18,0.2074074074074074,0.2627986348122867,3950000.0
lakerti01,Unknown lakerti01,1995,MON,64,141,33,14,0.23404255319148937,0.3057324840764331,121000.0
lakerti01,Unknown lakerti01,2003,CLE,52,162,39,9,0.24074074074074073,0.2807017543859649,400000.0
lakerti01,Unknown lakerti01,2004,CLE,44,117,25,7,0.21367521367521367,0.2619047619047619,450000.0
lakest01,Unknown lakest01,1991,PHI,58,158,36,2,0.22784810126582278,0.2375,390000.0
lakest01,Unknown lakest01,1993,CHN,44,120,27,4,0.225,0.25,275000.0
lambda01,Unknown lambda01,1999,TBA,55,124,28,10,0.22580645161290322,0.2835820895522388,200000.0
lambmi01,Unknown lambmi01,2004,HOU,112,278,80,31,0.28776978417266186,0.3557692307692308,352000.0
lambmi01,Unknown lambmi01,2005,HOU,125,322,76,22,0.2360248447204969,0.2836676217765043,1300000.0
lambmi01,Unknown lambmi01,2006,HOU,126,381,117,35,0.30708661417322836,0.36104513064133015,1700000.0
lambmi01,Unknown lambmi01,2007,HOU,124,311,90,36,0.28938906752411575,0.3664772727272727,2700000.0
lambmi01,Unknown lambmi01,2008,MIN,81,236,55,17,0.2330508474576271,0.27586206896551724,3500000.0
lampkto01,Unknown lampkto01,1993,ML4,73,162,32,20,0.19753086419753085,0.27956989247311825,120000.0
lampkto01,Unknown lampkto01,1996,SFN,66,177,41,20,0.23163841807909605,0.3235294117647059,230000.0
lampkto01,Unknown lampkto01,1997,SLN,108,229,56,28,0.2445414847161572,0.33460076045627374,500000.0
lampkto01,Unknown lampkto01,1998,SLN,93,216,50,24,0.23148148148148148,0.32793522267206476,500000.0
lampkto01,Unknown lampkto01,1999,SEA,76,206,60,13,0.2912621359223301,0.34513274336283184,625000.0
lampkto01,Unknown lampkto01,2000,SEA,36,103,26,9,0.2524271844660194,0.3247863247863248,950000.0
lampkto01,Unknown lampkto01,2001,SEA,79,204,46,18,0.22549019607843138,0.30869565217391304,1100000.0
lampkto01,Unknown lampkto01,2002,SDN,104,281,61,38,0.21708185053380782,0.3128834355828221,1250000.0
laneja01,Unknown laneja01,2004,HOU,107,136,37,16,0.27205882352941174,0.34838709677419355,307500.0
laneja01,Unknown laneja01,2005,HOU,145,517,138,32,0.26692456479690524,0.3155080213903743,345000.0
laneja01,Unknown laneja01,2006,HOU,112,288,58,49,0.2013888888888889,0.3177842565597668,450000.0
laneja01,Unknown laneja01,2007,HOU,68,169,30,16,0.17751479289940827,0.25654450261780104,1050000.0
langery01,Unknown langery01,2005,ATL,128,326,87,37,0.2668711656441718,0.3477088948787062,316000.0
langery01,Unknown langery01,2006,ATL,131,315,76,50,0.24126984126984127,0.34959349593495936,345000.0
langery01,Unknown langery01,2010,SEA,60,107,21,24,0.19626168224299065,0.3435114503816794,525000.0
lankfra01,Unknown lankfra01,1990,SLN,39,126,36,13,0.2857142857142857,0.35251798561151076,100000.0
lankfra01,Unknown lankfra01,1991,SLN,151,566,142,41,0.2508833922261484,0.3011456628477905,125000.0
lankfra01,Unknown lankfra01,1992,SLN,153,598,175,72,0.29264214046822745,0.37058823529411766,230000.0
lankfra01,Unknown lankfra01,1993,SLN,127,407,97,81,0.23832923832923833,0.36639676113360325,290000.0
lankfra01,Unknown lankfra01,1994,SLN,109,416,111,58,0.2668269230769231,0.35892116182572614,1650000.0
lankfra01,Unknown lankfra01,1995,SLN,132,483,134,63,0.2774327122153209,0.35985533453887886,2800000.0
lankfra01,Unknown lankfra01,1996,SLN,149,545,150,79,0.27522935779816515,0.3659305993690852,2416667.0
lankfra01,Unknown lankfra01,1997,SLN,133,465,137,95,0.2946236559139785,0.41061946902654867,4466667.0
lankfra01,Unknown lankfra01,1998,SLN,154,533,156,86,0.2926829268292683,0.3913738019169329,4666667.0
lankfra01,Unknown lankfra01,1999,SLN,122,422,129,49,0.3056872037914692,0.3802521008403361,6600000.0
lankfra01,Unknown lankfra01,2000,SLN,128,392,99,70,0.25255102040816324,0.3665254237288136,7600000.0
lankfra01,Unknown lankfra01,2001,SLN,91,264,62,44,0.23484848484848486,0.3450479233226837,8100000.0
lankfra01,Unknown lankfra01,2002,SDN,81,205,46,30,0.22439024390243903,0.3263598326359833,8100000.0
lankfra01,Unknown lankfra01,2004,SLN,92,200,51,29,0.255,0.34893617021276596,650000.0
lansfca01,Unknown lansfca01,1990,OAK,134,507,136,45,0.2682445759368836,0.33274021352313166,1275000.0
lansfca01,Unknown lansfca01,1992,OAK,135,496,130,43,0.2620967741935484,0.3249097472924188,1150000.0
lansimi01,Unknown lansimi01,1993,MON,141,491,141,46,0.28716904276985744,0.3522935779816514,109000.0
lansimi01,Unknown lansimi01,1994,MON,106,394,105,30,0.26649746192893403,0.3279445727482679,200000.0
lansimi01,Unknown lansimi01,1995,MON,127,467,119,28,0.25481798715203424,0.2994011976047904,250000.0
lansimi01,Unknown lansimi01,1996,MON,159,641,183,44,0.28549141965678626,0.34051724137931033,315000.0
lansimi01,Unknown lansimi01,1997,MON,144,572,161,45,0.28146853146853146,0.3376,2700000.0
lansimi01,Unknown lansimi01,1998,COL,153,584,161,39,0.2756849315068493,0.3248811410459588,3950000.0
lansimi01,Unknown lansimi01,1999,COL,35,145,45,7,0.3103448275862069,0.34415584415584416,5750000.0
lansimi01,Unknown lansimi01,2000,COL,90,365,94,31,0.25753424657534246,0.3148614609571788,6250000.0
lansimi01,Unknown lansimi01,2001,BOS,106,352,88,22,0.25,0.29365079365079366,6250000.0
laporma01,Unknown laporma01,2010,CLE,110,376,83,46,0.22074468085106383,0.3058823529411765,402700.0
larkiba01,Unknown larkiba01,1990,CIN,158,614,185,49,0.30130293159609123,0.35756676557863504,750000.0
larkiba01,Unknown larkiba01,1991,CIN,123,464,140,55,0.3017241379310345,0.37786259541984735,2100000.0
larkiba01,Unknown larkiba01,1992,CIN,140,533,162,63,0.30393996247654786,0.3772652388797364,4350000.0
larkiba01,Unknown larkiba01,1993,CIN,100,384,121,51,0.3151041666666667,0.3940774487471526,5750000.0
larkiba01,Unknown larkiba01,1994,CIN,110,427,119,64,0.2786885245901639,0.3689516129032258,4400000.0
larkiba01,Unknown larkiba01,1995,CIN,131,496,158,61,0.3185483870967742,0.39361702127659576,5900000.0
larkiba01,Unknown larkiba01,1996,CIN,152,517,154,96,0.2978723404255319,0.4098883572567783,5700000.0
larkiba01,Unknown larkiba01,1997,CIN,73,224,71,47,0.3169642857142857,0.44,5350000.0
larkiba01,Unknown larkiba01,1998,CIN,145,538,166,79,0.30855018587360594,0.3971061093247588,5300000.0
larkiba01,Unknown larkiba01,1999,CIN,161,583,171,93,0.2933104631217839,0.39002932551319647,5300000.0
larkiba01,Unknown larkiba01,2000,CIN,102,396,124,48,0.31313131313131315,0.3887640449438202,5300000.0
larkiba01,Unknown larkiba01,2001,CIN,45,156,40,27,0.2564102564102564,0.372972972972973,9000000.0
larkiba01,Unknown larkiba01,2002,CIN,145,507,124,44,0.2445759368836292,0.3048128342245989,9000000.0
larkiba01,Unknown larkiba01,2003,CIN,70,241,68,22,0.2821576763485477,0.3446969696969697,9000000.0
larkiba01,Unknown larkiba01,2004,CIN,111,346,100,34,0.28901734104046245,0.3515625,700000.0
larkige01,Unknown larkige01,1990,MIN,119,401,108,42,0.26932668329177056,0.34292035398230086,228000.0
larkige01,Unknown larkige01,1991,MIN,98,255,73,30,0.28627450980392155,0.3611111111111111,725000.0
larkige01,Unknown larkige01,1992,MIN,115,337,83,28,0.24629080118694363,0.30831099195710454,950000.0
larkige01,Unknown larkige01,1993,MIN,56,144,38,21,0.2638888888888889,0.3567251461988304,600000.0
larocad01,Unknown larocad01,2004,ATL,110,324,90,27,0.2777777777777778,0.3333333333333333,300000.0
larocad01,Unknown larocad01,2005,ATL,141,451,117,39,0.25942350332594233,0.32,337500.0
larocad01,Unknown larocad01,2006,ATL,149,492,140,55,0.2845528455284553,0.35431654676258995,420000.0
larocad01,Unknown larocad01,2007,PIT,152,563,153,62,0.27175843694493784,0.3449367088607595,3200000.0
larocad01,Unknown larocad01,2008,PIT,136,492,133,54,0.2703252032520325,0.34115523465703973,5000000.0
larocad01,Unknown larocad01,2009,PIT,87,324,80,41,0.24691358024691357,0.328804347826087,7050000.0
larocad01,Unknown larocad01,2010,ARI,151,560,146,48,0.26071428571428573,0.3203252032520325,4500000.0
larocan01,Unknown larocan01,2009,PIT,150,524,135,50,0.25763358778625955,0.3304794520547945,413500.0
larocan01,Unknown larocan01,2010,PIT,102,247,51,19,0.20647773279352227,0.26765799256505574,451000.0
larsobr01,Unknown larsobr01,2004,CIN,40,118,25,14,0.211864406779661,0.3037037037037037,318000.0
larueja01,Unknown larueja01,2001,CIN,121,364,86,27,0.23626373626373626,0.3034825870646766,235000.0
larueja01,Unknown larueja01,2002,CIN,113,353,88,27,0.24929178470254956,0.3240506329113924,305000.0
larueja01,Unknown larueja01,2003,CIN,118,379,87,33,0.22955145118733508,0.3211009174311927,1250000.0
larueja01,Unknown larueja01,2004,CIN,114,390,98,26,0.2512820512820513,0.3340857787810384,2600000.0
larueja01,Unknown larueja01,2005,CIN,110,361,94,41,0.26038781163434904,0.354916067146283,3000000.0
larueja01,Unknown larueja01,2006,CIN,72,191,37,27,0.193717277486911,0.31718061674008813,3900000.0
larueja01,Unknown larueja01,2007,KCA,66,169,25,17,0.14792899408284024,0.23958333333333334,5200000.0
larueja01,Unknown larueja01,2008,SLN,61,164,35,15,0.21341463414634146,0.2956989247311828,850000.0
larueja01,Unknown larueja01,2009,SLN,51,104,25,3,0.2403846153846154,0.2882882882882883,950000.0
lavalmi01,Unknown lavalmi01,1990,PIT,96,279,72,44,0.25806451612903225,0.3619631901840491,575000.0
lavalmi01,Unknown lavalmi01,1991,PIT,108,336,97,33,0.28869047619047616,0.35106382978723405,1035000.0
lavalmi01,Unknown lavalmi01,1992,PIT,95,293,75,44,0.25597269624573377,0.3498542274052478,1850000.0
lavalmi01,Unknown lavalmi01,1994,CHA,59,139,39,20,0.2805755395683453,0.36809815950920244,109000.0
lawrejo01,Unknown lawrejo01,2002,TOR,55,150,27,16,0.18,0.2616279069767442,200000.0
lawtoma02,Unknown lawtoma02,1996,MIN,79,252,65,28,0.25793650793650796,0.33916083916083917,115000.0
lawtoma02,Unknown lawtoma02,1997,MIN,142,460,114,76,0.24782608695652175,0.3656307129798903,150000.0
lawtoma02,Unknown lawtoma02,1998,MIN,152,557,155,86,0.27827648114901254,0.3867069486404834,215000.0
lawtoma02,Unknown lawtoma02,1999,MIN,118,406,105,57,0.25862068965517243,0.35294117647058826,1700000.0
lawtoma02,Unknown lawtoma02,2000,MIN,156,561,171,91,0.3048128342245989,0.40512048192771083,2000000.0
lawtoma02,Unknown lawtoma02,2001,MIN,103,376,110,63,0.2925531914893617,0.3963963963963964,3900000.0
lawtoma02,Unknown lawtoma02,2002,CLE,114,416,98,59,0.23557692307692307,0.3416149068322981,5250000.0
lawtoma02,Unknown lawtoma02,2003,CLE,99,374,93,47,0.24866310160427807,0.34265734265734266,6750000.0
lawtoma02,Unknown lawtoma02,2004,CLE,150,591,164,74,0.27749576988155666,0.36617647058823527,7250000.0
lawtoma02,Unknown lawtoma02,2005,PIT,101,374,102,58,0.2727272727272727,0.3797752808988764,7750000.0
lawva01,Unknown lawva01,1991,OAK,74,134,28,18,0.208955223880597,0.3026315789473684,500000.0
lecroma01,Unknown lecroma01,2000,MIN,56,167,29,17,0.17365269461077845,0.25396825396825395,200000.0
lecroma01,Unknown lecroma01,2003,MIN,107,345,99,25,0.28695652173913044,0.3422459893048128,312500.0
lecroma01,Unknown lecroma01,2004,MIN,88,264,71,16,0.2689393939393939,0.3205574912891986,340000.0
lecroma01,Unknown lecroma01,2005,MIN,101,304,79,41,0.2598684210526316,0.35428571428571426,750000.0
ledeeri01,Unknown ledeeri01,1999,NYA,88,250,69,28,0.276,0.3464285714285714,202850.0
ledeeri01,Unknown ledeeri01,2000,NYA,62,191,46,26,0.24083769633507854,0.33181818181818185,240000.0
ledeeri01,Unknown ledeeri01,2001,TEX,78,242,56,23,0.23140495867768596,0.3025830258302583,406500.0
ledeeri01,Unknown ledeeri01,2002,PHI,96,203,46,35,0.22660098522167488,0.3416666666666667,750000.0
ledeeri01,Unknown ledeeri01,2003,PHI,121,255,63,34,0.24705882352941178,0.33448275862068966,850000.0
ledeeri01,Unknown ledeeri01,2004,PHI,73,123,35,22,0.2845528455284553,0.3931034482758621,1225000.0
ledeeri01,Unknown ledeeri01,2005,LAN,102,237,66,20,0.27848101265822783,0.33458646616541354,1000000.0
ledesaa01,Unknown ledesaa01,1998,TBA,95,299,97,9,0.32441471571906355,0.3440514469453376,195000.0
ledesaa01,Unknown ledesaa01,1999,TBA,93,294,78,14,0.2653061224489796,0.3054662379421222,227500.0
leeca01,Unknown leeca01,1999,CHA,127,492,144,13,0.2926829268292683,0.312015503875969,200000.0
leeca01,Unknown leeca01,2000,CHA,152,572,172,38,0.3006993006993007,0.3446601941747573,275000.0
leeca01,Unknown leeca01,2001,CHA,150,558,150,38,0.26881720430107525,0.3211920529801324,400000.0
leeca01,Unknown leeca01,2002,CHA,140,492,130,75,0.26422764227642276,0.359375,2700000.0
leeca01,Unknown leeca01,2003,CHA,158,623,181,37,0.29052969502407705,0.33084947839046197,4200000.0
leeca01,Unknown leeca01,2004,CHA,153,591,180,54,0.30456852791878175,0.3662613981762918,6500000.0
leeca01,Unknown leeca01,2005,MIL,162,618,164,57,0.26537216828478966,0.3241279069767442,8000000.0
leeca01,Unknown leeca01,2006,MIL,102,388,111,38,0.2860824742268041,0.3471264367816092,8500000.0
leeca01,Unknown leeca01,2007,HOU,162,627,190,53,0.30303030303030304,0.35437589670014347,11500000.0
leeca01,Unknown leeca01,2008,HOU,115,436,137,37,0.31422018348623854,0.367983367983368,12500000.0
leeca01,Unknown leeca01,2009,HOU,160,610,183,41,0.3,0.3429003021148036,19000000.0
leeca01,Unknown leeca01,2010,HOU,157,605,149,37,0.2462809917355372,0.29121725731895226,19000000.0
leede02,Unknown leede02,1998,FLO,141,454,106,47,0.23348017621145375,0.31773879142300193,172000.0
leede02,Unknown leede02,1999,FLO,70,218,45,17,0.20642201834862386,0.2627118644067797,265000.0
leede02,Unknown leede02,2000,FLO,158,477,134,63,0.2809224318658281,0.36813186813186816,225000.0
leede02,Unknown leede02,2001,FLO,158,561,158,50,0.2816399286987522,0.3456,375000.0
leede02,Unknown leede02,2002,FLO,162,581,157,98,0.270223752151463,0.37790697674418605,2700000.0
leede02,Unknown leede02,2003,FLO,155,539,146,88,0.27087198515769945,0.37947122861586313,4250000.0
leede02,Unknown leede02,2004,CHN,161,605,168,68,0.27768595041322314,0.3556851311953353,6166667.0
leede02,Unknown leede02,2005,CHN,158,594,199,85,0.335016835016835,0.4182344428364689,7666667.0
leede02,Unknown leede02,2006,CHN,50,175,50,25,0.2857142857142857,0.36764705882352944,9416667.0
leede02,Unknown leede02,2007,CHN,150,567,180,71,0.31746031746031744,0.4,13250000.0
leede02,Unknown leede02,2008,CHN,155,623,181,71,0.29052969502407705,0.36103151862464183,13250000.0
leede02,Unknown leede02,2009,CHN,141,532,163,76,0.30639097744360905,0.3934959349593496,13250000.0
leede02,Unknown leede02,2010,CHN,109,418,105,52,0.2511961722488038,0.33473684210526317,13250000.0
leema02,Unknown leema02,1990,TOR,117,391,95,26,0.24296675191815856,0.28809523809523807,380000.0
leema02,Unknown leema02,1991,TOR,138,445,104,24,0.23370786516853934,0.2736842105263158,712500.0
leema02,Unknown leema02,1992,TOR,128,396,104,50,0.26262626262626265,0.3429844097995546,1000000.0
leema02,Unknown leema02,1993,TEX,73,205,45,22,0.21951219512195122,0.3,1900000.0
leema02,Unknown leema02,1994,TEX,95,335,93,21,0.27761194029850744,0.31932773109243695,1300000.0
leetr01,Unknown leetr01,1998,ARI,146,562,151,67,0.26868327402135234,0.346031746031746,170000.0
leetr01,Unknown leetr01,1999,ARI,120,375,89,58,0.23733333333333334,0.33715596330275227,400000.0
leetr01,Unknown leetr01,2000,ARI,72,224,52,25,0.23214285714285715,0.308,500000.0
leetr01,Unknown leetr01,2001,PHI,157,555,143,71,0.25765765765765763,0.3411580594679186,800000.0
leetr01,Unknown leetr01,2002,PHI,153,536,142,54,0.26492537313432835,0.3310810810810811,3000000.0
leetr01,Unknown leetr01,2003,TBA,145,542,149,64,0.27490774907749077,0.3480392156862745,500000.0
leetr01,Unknown leetr01,2005,TBA,129,404,110,35,0.2722772277227723,0.3310657596371882,1300000.0
leetr01,Unknown leetr01,2006,TBA,114,343,77,42,0.22448979591836735,0.3118556701030928,2450000.0
leiussc01,Unknown leiussc01,1992,MIN,129,409,102,34,0.24938875305623473,0.30855855855855857,175000.0
leiussc01,Unknown leiussc01,1994,MIN,97,350,86,37,0.24571428571428572,0.31794871794871793,275000.0
leiussc01,Unknown leiussc01,1995,MIN,117,372,92,49,0.24731182795698925,0.33489461358313816,760000.0
lemkema01,Unknown lemkema01,1991,ATL,136,269,63,29,0.2342007434944238,0.304635761589404,138000.0
lemkema01,Unknown lemkema01,1992,ATL,155,427,97,50,0.22716627634660422,0.3068893528183716,250000.0
lemkema01,Unknown lemkema01,1993,ATL,151,493,124,65,0.2515212981744422,0.3351063829787234,550000.0
lemkema01,Unknown lemkema01,1994,ATL,104,350,103,38,0.29428571428571426,0.3634020618556701,1100000.0
lemkema01,Unknown lemkema01,1995,ATL,116,399,101,44,0.2531328320802005,0.3251121076233184,1250000.0
lemkema01,Unknown lemkema01,1996,ATL,135,498,127,53,0.25502008032128515,0.3231597845601436,1500000.0
lemkema01,Unknown lemkema01,1997,ATL,109,351,86,33,0.245014245014245,0.3059125964010283,2000000.0
lemonch01,Unknown lemonch01,1990,DET,104,322,83,48,0.2577639751552795,0.35904255319148937,828571.0
lennopa01,Unknown lennopa01,1997,OAK,56,116,34,15,0.29310344827586204,0.37404580152671757,150000.0
leonaje01,Unknown leonaje01,1990,SEA,134,478,120,37,0.2510460251046025,0.3047619047619048,800000.0
leonama01,Unknown leonama01,1991,SFN,64,129,31,12,0.24031007751937986,0.3055555555555556,110000.0
leonama01,Unknown leonama01,1992,SFN,55,128,30,16,0.234375,0.3310810810810811,140000.0
leshebr01,Unknown leshebr01,1997,OAK,46,131,30,9,0.22900763358778625,0.2746478873239437,152000.0
levisje01,Unknown levisje01,1996,ML4,104,233,55,38,0.23605150214592274,0.34798534798534797,150000.0
levisje01,Unknown levisje01,1997,ML4,99,200,57,24,0.285,0.36123348017621143,207500.0
lewisda01,Unknown lewisda01,1992,SFN,100,320,74,29,0.23125,0.29545454545454547,145000.0
lewisda01,Unknown lewisda01,1993,SFN,136,522,132,30,0.25287356321839083,0.30178571428571427,172500.0
lewisda01,Unknown lewisda01,1994,SFN,114,451,116,53,0.2572062084257206,0.33988212180746563,350000.0
lewisda01,Unknown lewisda01,1995,SFN,74,309,78,17,0.2524271844660194,0.3033033033033033,1850000.0
lewisda01,Unknown lewisda01,1996,CHA,141,337,77,45,0.228486646884273,0.32051282051282054,1625000.0
lewisda01,Unknown lewisda01,1998,BOS,155,585,157,70,0.26837606837606837,0.35179640718562877,500000.0
lewisda01,Unknown lewisda01,1999,BOS,135,470,113,45,0.2404255319148936,0.3110687022900763,2100000.0
lewisda01,Unknown lewisda01,2000,BOS,97,270,65,22,0.24074074074074073,0.3050847457627119,2400000.0
lewisda01,Unknown lewisda01,2001,BOS,82,164,46,8,0.2804878048780488,0.32571428571428573,2500000.0
lewisfr02,Unknown lewisfr02,2008,SFN,133,468,132,51,0.28205128205128205,0.3512476007677543,392000.0
lewisfr02,Unknown lewisfr02,2009,SFN,122,295,76,36,0.2576271186440678,0.3482142857142857,440000.0
lewisma01,Unknown lewisma01,1992,CLE,122,413,109,25,0.2639225181598063,0.30786516853932583,145000.0
lewisma01,Unknown lewisma01,1995,CIN,81,171,58,21,0.3391812865497076,0.4072164948453608,190000.0
lewisma01,Unknown lewisma01,1996,DET,145,545,147,42,0.26972477064220185,0.32605042016806723,670000.0
lewisma01,Unknown lewisma01,1997,SFN,118,341,91,23,0.2668621700879765,0.31805929919137466,1664000.0
lewisma01,Unknown lewisma01,1998,PHI,142,518,129,48,0.24903474903474904,0.3119584055459272,1720000.0
lewisma01,Unknown lewisma01,1999,CIN,88,173,44,7,0.2543352601156069,0.2802197802197802,500000.0
leyriji01,Unknown leyriji01,1992,NYA,63,144,37,14,0.2569444444444444,0.3413173652694611,126500.0
leyriji01,Unknown leyriji01,1993,NYA,95,259,80,37,0.3088803088803089,0.4098360655737705,152000.0
leyriji01,Unknown leyriji01,1994,NYA,75,249,66,35,0.26506024096385544,0.3651877133105802,742500.0
leyriji01,Unknown leyriji01,1995,NYA,77,264,71,37,0.2689393939393939,0.3741935483870968,1350000.0
leyriji01,Unknown leyriji01,1996,NYA,88,265,70,30,0.2641509433962264,0.3550488599348534,1470000.0
leyriji01,Unknown leyriji01,1997,ANA,84,294,81,37,0.2755102040816326,0.35693215339233036,1916972.0
leyriji01,Unknown leyriji01,1998,BOS,52,129,37,21,0.2868217054263566,0.38461538461538464,2000000.0
leyriji01,Unknown leyriji01,1999,SDN,50,134,32,15,0.23880597014925373,0.33116883116883117,1900000.0
liebemi01,Unknown liebemi01,1996,PHI,50,166,42,10,0.25301204819277107,0.2967032967032967,125000.0
liebemi01,Unknown liebemi01,1997,PHI,134,455,112,44,0.24615384615384617,0.3137254901960784,215000.0
liebemi01,Unknown liebemi01,1998,PHI,86,313,80,17,0.25559105431309903,0.30409356725146197,1200000.0
liebemi01,Unknown liebemi01,1999,PHI,145,510,153,44,0.3,0.36300174520069806,2250000.0
liebemi01,Unknown liebemi01,2000,PHI,108,389,108,40,0.2776349614395887,0.3515981735159817,4833333.0
liebemi01,Unknown liebemi01,2001,PHI,34,121,28,12,0.23140495867768596,0.3161764705882353,6333333.0
liebemi01,Unknown liebemi01,2002,PHI,130,476,133,38,0.27941176470588236,0.3490566037735849,7333333.0
liebemi01,Unknown liebemi01,2003,PHI,131,508,159,38,0.31299212598425197,0.37254901960784315,7250000.0
liebemi01,Unknown liebemi01,2004,PHI,131,476,129,37,0.2710084033613445,0.3352272727272727,7500000.0
liebemi01,Unknown liebemi01,2005,PHI,118,392,103,35,0.2627551020408163,0.3363431151241535,7500000.0
liebemi01,Unknown liebemi01,2006,PHI,67,209,57,8,0.2727272727272727,0.31555555555555553,7500000.0
liefeje01,Unknown liefeje01,1999,CHA,45,113,28,8,0.24778761061946902,0.29508196721311475,200000.0
liefeje01,Unknown liefeje01,2002,CHA,76,204,47,19,0.23039215686274508,0.29464285714285715,285000.0
lindad01,Unknown lindad01,2009,TOR,151,587,179,58,0.3049403747870528,0.37003058103975534,411800.0
lindad01,Unknown lindad01,2010,TOR,150,569,135,38,0.23725834797891038,0.28711256117455136,550000.0
lindjo01,Unknown lindjo01,1990,PIT,152,514,134,35,0.2607003891050584,0.3052064631956912,270000.0
lindjo01,Unknown lindjo01,1991,PIT,150,502,133,30,0.2649402390438247,0.3055555555555556,575000.0
lindjo01,Unknown lindjo01,1992,PIT,135,468,110,26,0.23504273504273504,0.2745490981963928,2000000.0
lindjo01,Unknown lindjo01,1993,KCA,136,431,107,13,0.2482598607888631,0.270509977827051,2400000.0
lindjo01,Unknown lindjo01,1994,KCA,85,290,78,16,0.2689655172413793,0.30618892508143325,2350000.0
liriane01,Unknown liriane01,1990,TOR,50,170,36,16,0.21176470588235294,0.28191489361702127,255000.0
liriane01,Unknown liriane01,1994,COL,87,255,65,42,0.2549019607843137,0.3566666666666667,275000.0
liriane01,Unknown liriane01,1995,PIT,107,259,74,24,0.2857142857142857,0.3472222222222222,350000.0
liriane01,Unknown liriane01,1996,PIT,112,217,58,14,0.2672811059907834,0.3076923076923077,350000.0
listapa01,Unknown listapa01,1993,ML4,98,356,87,37,0.2443820224719101,0.31909547738693467,350000.0
listapa01,Unknown listapa01,1995,ML4,101,334,73,25,0.218562874251497,0.27624309392265195,500000.0
listapa01,Unknown listapa01,1996,ML4,87,317,76,36,0.23974763406940064,0.31741573033707865,2200000.0
listapa01,Unknown listapa01,1997,HOU,52,132,24,11,0.18181818181818182,0.2465753424657534,750000.0
littlma01,Unknown littlma01,2002,COL,61,105,21,13,0.2,0.3114754098360656,250000.0
littogr01,Unknown littogr01,1990,SFN,93,204,50,11,0.24509803921568626,0.28440366972477066,122000.0
littogr01,Unknown littogr01,1991,SFN,59,127,23,11,0.18110236220472442,0.25,165000.0
littogr01,Unknown littogr01,1993,SEA,72,174,52,18,0.2988505747126437,0.36597938144329895,200000.0
livinsc01,Unknown livinsc01,1992,DET,117,354,100,21,0.2824858757062147,0.31926121372031663,120000.0
livinsc01,Unknown livinsc01,1993,DET,98,304,89,19,0.29276315789473684,0.3282674772036474,230000.0
livinsc01,Unknown livinsc01,1995,SDN,99,196,66,15,0.336734693877551,0.38028169014084506,475000.0
livinsc01,Unknown livinsc01,1996,SDN,102,172,51,9,0.29651162790697677,0.3314917127071823,550000.0
livinsc01,Unknown livinsc01,1998,MON,76,110,23,5,0.20909090909090908,0.23728813559322035,250000.0
lockhke01,Unknown lockhke01,1995,KCA,94,274,88,14,0.32116788321167883,0.35451505016722407,124000.0
lockhke01,Unknown lockhke01,1996,KCA,138,433,118,30,0.27251732101616627,0.3191489361702128,207500.0
lockhke01,Unknown lockhke01,1997,ATL,96,147,41,14,0.2789115646258503,0.3373493975903614,290000.0
lockhke01,Unknown lockhke01,1998,ATL,109,366,94,29,0.2568306010928962,0.3107769423558897,700000.0
lockhke01,Unknown lockhke01,1999,ATL,108,161,42,19,0.2608695652173913,0.33695652173913043,1000000.0
lockhke01,Unknown lockhke01,2000,ATL,113,275,73,29,0.26545454545454544,0.33116883116883117,1000000.0
lockhke01,Unknown lockhke01,2001,ATL,104,178,39,16,0.21910112359550563,0.2893401015228426,800000.0
lockhke01,Unknown lockhke01,2002,ATL,128,296,64,27,0.21621621621621623,0.2822085889570552,600000.0
loducpa01,Unknown loducpa01,2001,LAN,125,460,147,39,0.31956521739130433,0.3735408560311284,230000.0
loducpa01,Unknown loducpa01,2002,LAN,149,580,163,34,0.2810344827586207,0.32961783439490444,546667.0
loducpa01,Unknown loducpa01,2003,LAN,147,568,155,44,0.272887323943662,0.33547351524879615,2636667.0
loducpa01,Unknown loducpa01,2004,LAN,91,349,105,22,0.3008595988538682,0.35092348284960423,4066667.0
loducpa01,Unknown loducpa01,2005,FLO,132,445,126,34,0.28314606741573034,0.3340122199592668,4666667.0
loducpa01,Unknown loducpa01,2006,NYN,124,512,163,24,0.318359375,0.3547794117647059,6599206.0
loducpa01,Unknown loducpa01,2007,NYN,119,445,121,24,0.27191011235955054,0.311340206185567,6250000.0
loducpa01,Unknown loducpa01,2008,WAS,46,139,32,9,0.2302158273381295,0.3006535947712418,5000000.0
loftoke01,Unknown loftoke01,1992,CLE,148,576,164,68,0.2847222222222222,0.3616692426584235,110000.0
loftoke01,Unknown loftoke01,1993,CLE,148,569,185,81,0.3251318101933216,0.4076335877862595,450000.0
loftoke01,Unknown loftoke01,1994,CLE,112,459,160,52,0.3485838779956427,0.4123314065510597,925000.0
loftoke01,Unknown loftoke01,1995,CLE,118,481,149,40,0.3097713097713098,0.3619047619047619,1925000.0
loftoke01,Unknown loftoke01,1996,CLE,154,662,210,61,0.31722054380664655,0.3717421124828532,3575000.0
loftoke01,Unknown loftoke01,1997,ATL,122,493,164,64,0.332657200811359,0.4092526690391459,4825000.0
loftoke01,Unknown loftoke01,1998,CLE,154,600,169,87,0.2816666666666667,0.3712230215827338,7550000.0
loftoke01,Unknown loftoke01,1999,CLE,120,465,140,79,0.3010752688172043,0.40540540540540543,7550000.0
loftoke01,Unknown loftoke01,2000,CLE,137,543,151,79,0.27808471454880296,0.36908517350157727,7500000.0
loftoke01,Unknown loftoke01,2001,CLE,133,517,135,47,0.2611218568665377,0.3222416812609457,8000000.0
loftoke01,Unknown loftoke01,2002,CHA,93,352,91,49,0.2585227272727273,0.3482587064676617,1025000.0
loftoke01,Unknown loftoke01,2003,PIT,84,339,94,28,0.27728613569321536,0.3333333333333333,1025000.0
loftoke01,Unknown loftoke01,2004,NYA,83,276,76,31,0.2753623188405797,0.34615384615384615,3100000.0
loftoke01,Unknown loftoke01,2005,PHI,110,367,123,32,0.335149863760218,0.3915211970074813,3100000.0
loftoke01,Unknown loftoke01,2006,LAN,129,469,141,45,0.3006396588486141,0.36046511627906974,3821236.0
loftoke01,Unknown loftoke01,2007,TEX,84,317,96,39,0.3028391167192429,0.37950138504155123,6000000.0
loganno01,Unknown loganno01,2005,DET,129,322,83,21,0.2577639751552795,0.30523255813953487,320000.0
loganno01,Unknown loganno01,2007,WAS,118,325,86,19,0.26461538461538464,0.30434782608695654,392500.0
loneyja01,Unknown loneyja01,2008,LAN,161,595,172,45,0.28907563025210087,0.3384615384615385,411000.0
loneyja01,Unknown loneyja01,2009,LAN,158,576,162,70,0.28125,0.3569230769230769,465000.0
loneyja01,Unknown loneyja01,2010,LAN,161,588,157,52,0.26700680272108845,0.3287037037037037,3100000.0
longmto01,Unknown longmto01,1994,PHI,69,139,33,10,0.23741007194244604,0.2894736842105263,109000.0
longmto01,Unknown longmto01,1995,PHI,59,104,37,11,0.3557692307692308,0.4188034188034188,109000.0
longoev01,Unknown longoev01,2009,TBA,157,584,164,72,0.2808219178082192,0.36363636363636365,550000.0
longoev01,Unknown longoev01,2010,TBA,151,574,169,72,0.29442508710801396,0.3721633888048411,950000.0
longte01,Unknown longte01,2001,OAK,162,629,178,52,0.28298887122416533,0.33478893740902477,240750.0
longte01,Unknown longte01,2002,OAK,162,587,141,48,0.2402044293015332,0.2984375,675000.0
longte01,Unknown longte01,2003,OAK,140,486,119,31,0.2448559670781893,0.29310344827586204,2175000.0
longte01,Unknown longte01,2004,SDN,136,288,85,19,0.2951388888888889,0.3354632587859425,3575000.0
longte01,Unknown longte01,2005,KCA,137,455,127,30,0.27912087912087913,0.3210633946830266,4875000.0
lopezfe01,Unknown lopezfe01,2002,TOR,85,282,64,23,0.22695035460992907,0.28664495114006516,221000.0
lopezfe01,Unknown lopezfe01,2003,CIN,59,197,42,28,0.2131979695431472,0.31277533039647576,334000.0
lopezfe01,Unknown lopezfe01,2005,CIN,148,580,169,57,0.2913793103448276,0.351937984496124,415000.0
lopezfe01,Unknown lopezfe01,2006,CIN,85,343,92,47,0.26822157434402333,0.3554987212276215,2700000.0
lopezfe01,Unknown lopezfe01,2007,WAS,154,603,148,53,0.24543946932006633,0.3078078078078078,3900000.0
lopezfe01,Unknown lopezfe01,2008,WAS,100,325,76,32,0.23384615384615384,0.3047091412742382,4900000.0
lopezfe01,Unknown lopezfe01,2009,ARI,85,345,104,34,0.30144927536231886,0.36387434554973824,3500000.0
lopezfe01,Unknown lopezfe01,2010,SLN,109,376,87,43,0.23138297872340424,0.3104265402843602,1000000.0
lopezja01,Unknown lopezja01,1994,ATL,80,277,68,17,0.24548736462093862,0.29900332225913623,111500.0
lopezja01,Unknown lopezja01,1995,ATL,100,333,105,14,0.3153153153153153,0.34375,150000.0
lopezja01,Unknown lopezja01,1996,ATL,138,489,138,28,0.2822085889570552,0.3219047619047619,290000.0
lopezja01,Unknown lopezja01,1997,ATL,123,414,122,40,0.2946859903381642,0.36069114470842334,2050000.0
lopezja01,Unknown lopezja01,1998,ATL,133,489,139,30,0.2842535787321063,0.32833020637898686,3850000.0
lopezja01,Unknown lopezja01,1999,ATL,65,246,78,20,0.3170731707317073,0.3754646840148699,5250000.0
lopezja01,Unknown lopezja01,2000,ATL,134,481,138,35,0.2869022869022869,0.33714285714285713,6250000.0
lopezja01,Unknown lopezja01,2001,ATL,128,438,117,28,0.2671232876712329,0.32224532224532226,7750000.0
lopezja01,Unknown lopezja01,2002,ATL,109,347,81,26,0.2334293948126801,0.2987012987012987,6000000.0
lopezja01,Unknown lopezja01,2003,ATL,129,457,150,33,0.3282275711159737,0.37777777777777777,7000000.0
lopezja01,Unknown lopezja01,2004,BAL,150,579,183,47,0.3160621761658031,0.36990595611285265,6000000.0
lopezja01,Unknown lopezja01,2005,BAL,103,395,110,19,0.27848101265822783,0.3215130023640662,7500000.0
lopezja01,Unknown lopezja01,2006,BAL,76,279,74,18,0.26523297491039427,0.31438127090301005,9000000.0
lopezjo01,Unknown lopezjo01,2006,SEA,151,603,170,26,0.28192371475953565,0.3188180404354588,335000.0
lopezjo01,Unknown lopezjo01,2007,SEA,149,524,132,20,0.25190839694656486,0.28442028985507245,420000.0
lopezjo01,Unknown lopezjo01,2008,SEA,159,644,191,27,0.296583850931677,0.32158590308370044,1750000.0
lopezjo01,Unknown lopezjo01,2009,SEA,153,613,167,24,0.2724306688417618,0.3030769230769231,2250000.0
lopezjo01,Unknown lopezjo01,2010,SEA,150,593,142,23,0.23946037099494097,0.27009646302250806,3000000.0
lopezlu02,Unknown lopezlu02,1994,SDN,77,235,65,15,0.2765957446808511,0.3254901960784314,109000.0
lopezlu02,Unknown lopezlu02,1996,SDN,63,139,25,9,0.17985611510791366,0.23333333333333334,155000.0
lopezlu02,Unknown lopezlu02,1998,NYN,117,266,67,20,0.2518796992481203,0.3116438356164384,375000.0
lopezlu02,Unknown lopezlu02,1999,NYN,68,104,22,12,0.21153846153846154,0.30833333333333335,575000.0
lopezlu02,Unknown lopezlu02,2000,MIL,78,201,53,9,0.263681592039801,0.3087557603686636,775000.0
lopezlu02,Unknown lopezlu02,2001,MIL,92,222,60,14,0.2702702702702703,0.32644628099173556,700000.0
lopezme01,Unknown lopezme01,1998,KCA,74,206,50,12,0.24271844660194175,0.2863636363636364,170000.0
loretma01,Unknown loretma01,1996,ML4,73,154,43,14,0.2792207792207792,0.3392857142857143,109000.0
loretma01,Unknown loretma01,1997,ML4,132,418,120,47,0.28708133971291866,0.35429769392033544,167500.0
loretma01,Unknown loretma01,1998,MIL,140,434,137,42,0.315668202764977,0.38193018480492813,275000.0
loretma01,Unknown loretma01,1999,MIL,153,587,170,52,0.28960817717206133,0.35419847328244275,1495000.0
loretma01,Unknown loretma01,2000,MIL,91,352,99,37,0.28125,0.35038363171355497,2500000.0
loretma01,Unknown loretma01,2001,MIL,102,384,111,28,0.2890625,0.3459715639810427,3500000.0
loretma01,Unknown loretma01,2002,MIL,86,217,58,23,0.2672811059907834,0.34959349593495936,5000000.0
loretma01,Unknown loretma01,2003,SDN,154,589,185,54,0.3140916808149406,0.3723076923076923,1250000.0
loretma01,Unknown loretma01,2004,SDN,154,620,208,58,0.33548387096774196,0.3911806543385491,2500000.0
loretma01,Unknown loretma01,2005,SDN,105,404,113,45,0.27970297029702973,0.3600867678958785,2750000.0
loretma01,Unknown loretma01,2006,BOS,155,635,181,49,0.28503937007874014,0.34522111269614836,3250000.0
loretma01,Unknown loretma01,2007,HOU,133,460,132,44,0.28695652173913044,0.35236220472440943,2500000.0
loretma01,Unknown loretma01,2008,HOU,101,261,73,29,0.2796934865900383,0.3501683501683502,2750000.0
loretma01,Unknown loretma01,2009,LAN,107,181,42,20,0.23204419889502761,0.3088235294117647,1250000.0
lovulto01,Unknown lovulto01,1993,CAL,116,367,92,36,0.2506811989100817,0.31773399014778325,109000.0
lowelmi01,Unknown lowelmi01,1999,FLO,97,308,78,26,0.2532467532467532,0.3168604651162791,201000.0
lowelmi01,Unknown lowelmi01,2000,FLO,140,508,137,54,0.26968503937007876,0.3436426116838488,255000.0
lowelmi01,Unknown lowelmi01,2001,FLO,146,551,156,43,0.2831215970961887,0.34039087947882735,500000.0
lowelmi01,Unknown lowelmi01,2002,FLO,160,597,165,65,0.27638190954773867,0.345642540620384,2300000.0
lowelmi01,Unknown lowelmi01,2003,FLO,130,492,136,56,0.2764227642276423,0.3500897666068223,3700000.0
lowelmi01,Unknown lowelmi01,2004,FLO,158,598,175,64,0.29264214046822745,0.3651266766020864,6500000.0
lowelmi01,Unknown lowelmi01,2005,FLO,150,500,118,46,0.236,0.2980251346499102,7500000.0
lowelmi01,Unknown lowelmi01,2006,BOS,153,573,163,47,0.2844677137870855,0.33914421553090335,9000000.0
lowelmi01,Unknown lowelmi01,2007,BOS,154,589,191,53,0.3242784380305603,0.3782542113323124,9000000.0
lowelmi01,Unknown lowelmi01,2008,BOS,113,419,115,38,0.2744630071599045,0.33760683760683763,12500000.0
lowelmi01,Unknown lowelmi01,2009,BOS,119,445,129,33,0.2898876404494382,0.3367768595041322,12500000.0
lowelmi01,Unknown lowelmi01,2010,BOS,73,218,52,23,0.23853211009174313,0.3073770491803279,12500000.0
lowerte01,Unknown lowerte01,1999,TBA,66,185,48,19,0.2594594594594595,0.3300970873786408,205000.0
lowrije01,Unknown lowrije01,2010,BOS,55,171,49,25,0.28654970760233917,0.38071065989847713,434000.0
ludwiry01,Unknown ludwiry01,2008,SLN,152,538,161,62,0.2992565055762082,0.375,411000.0
ludwiry01,Unknown ludwiry01,2009,SLN,139,486,129,41,0.2654320987654321,0.32899628252788105,3700000.0
ludwiry01,Unknown ludwiry01,2010,SLN,77,281,79,24,0.28113879003558717,0.34294871794871795,5450000.0
lugoju01,Unknown lugoju01,2001,HOU,140,513,135,46,0.2631578947368421,0.3257443082311734,245000.0
lugoju01,Unknown lugoju01,2002,HOU,88,322,84,28,0.2608695652173913,0.3220338983050847,325000.0
lugoju01,Unknown lugoju01,2004,TBA,157,581,160,54,0.27538726333907054,0.33796296296296297,1750000.0
lugoju01,Unknown lugoju01,2005,TBA,158,616,182,61,0.29545454545454547,0.3624454148471616,3250000.0
lugoju01,Unknown lugoju01,2006,TBA,73,289,89,27,0.3079584775086505,0.3730407523510972,4950000.0
lugoju01,Unknown lugoju01,2007,BOS,147,570,135,48,0.23684210526315788,0.2942122186495177,8250000.0
lugoju01,Unknown lugoju01,2008,BOS,82,261,70,34,0.2681992337164751,0.35526315789473684,9250000.0
lugoju01,Unknown lugoju01,2009,BOS,37,109,31,12,0.28440366972477066,0.3524590163934426,9250000.0
lugoju01,Unknown lugoju01,2010,BAL,93,241,60,15,0.24896265560165975,0.29844961240310075,9250000.0
lukema01,Unknown lukema01,1998,LAN,69,160,34,14,0.2125,0.2784090909090909,170000.0
lunahe01,Unknown lunahe01,2004,SLN,83,173,43,13,0.24855491329479767,0.3036649214659686,300000.0
lunahe01,Unknown lunahe01,2005,SLN,64,137,39,9,0.2846715328467153,0.3443708609271523,320000.0
lunahe01,Unknown lunahe01,2006,SLN,76,223,65,21,0.2914798206278027,0.3551020408163265,340000.0
lunarfe01,Unknown lunarfe01,2001,BAL,64,167,41,7,0.24550898203592814,0.28651685393258425,205000.0
lynnfr01,Unknown lynnfr01,1990,SDN,90,196,47,22,0.23979591836734693,0.3153153153153153,650000.0
lyonsst01,Unknown lyonsst01,1990,CHA,94,146,28,10,0.1917808219178082,0.24528301886792453,525000.0
lyonsst01,Unknown lyonsst01,1991,BOS,87,212,51,11,0.24056603773584906,0.2767857142857143,650000.0
maaske01,Unknown maaske01,1991,NYA,148,500,110,83,0.22,0.3327702702702703,250000.0
maaske01,Unknown maaske01,1992,NYA,98,286,71,25,0.24825174825174826,0.3047619047619048,255000.0
maaske01,Unknown maaske01,1993,NYA,59,151,31,24,0.2052980132450331,0.3163841807909605,255000.0
mabryjo01,Unknown mabryjo01,1995,SLN,129,388,119,24,0.30670103092783507,0.34688995215311,109000.0
mabryjo01,Unknown mabryjo01,1996,SLN,151,543,161,37,0.2965009208103131,0.34183673469387754,200000.0
mabryjo01,Unknown mabryjo01,1997,SLN,116,388,110,39,0.28350515463917525,0.35185185185185186,390000.0
mabryjo01,Unknown mabryjo01,1998,SLN,142,377,94,30,0.2493368700265252,0.3048780487804878,1400000.0
mabryjo01,Unknown mabryjo01,1999,SEA,87,262,64,20,0.24427480916030533,0.2968197879858657,1400000.0
mabryjo01,Unknown mabryjo01,2000,SEA,48,103,25,10,0.24271844660194175,0.3217391304347826,1850000.0
mabryjo01,Unknown mabryjo01,2003,SEA,64,104,22,15,0.21153846153846154,0.32786885245901637,600000.0
mabryjo01,Unknown mabryjo01,2005,SLN,112,246,59,20,0.23983739837398374,0.2947761194029851,725000.0
mabryjo01,Unknown mabryjo01,2006,CHN,107,210,43,23,0.20476190476190476,0.28270042194092826,1075000.0
macfami01,Unknown macfami01,1990,KCA,124,400,102,25,0.255,0.3059360730593607,105000.0
macfami01,Unknown macfami01,1991,KCA,84,267,74,17,0.27715355805243447,0.3299319727891156,280000.0
macfami01,Unknown macfami01,1992,KCA,129,402,94,30,0.23383084577114427,0.30957683741648107,740000.0
macfami01,Unknown macfami01,1993,KCA,117,388,106,40,0.27319587628865977,0.36,1175000.0
macfami01,Unknown macfami01,1994,KCA,92,314,80,35,0.25477707006369427,0.35945945945945945,2600000.0
macfami01,Unknown macfami01,1995,BOS,115,364,82,38,0.22527472527472528,0.319047619047619,1725000.0
macfami01,Unknown macfami01,1996,KCA,112,379,104,31,0.27440633245382584,0.33890214797136037,850000.0
macfami01,Unknown macfami01,1997,KCA,82,257,61,24,0.23735408560311283,0.3159722222222222,887500.0
macfami01,Unknown macfami01,1999,OAK,81,226,55,13,0.24336283185840707,0.2816326530612245,600000.0
macharo01,Unknown macharo01,1998,CHA,34,111,23,7,0.2072072072072072,0.2542372881355932,175000.0
maciajo01,Unknown maciajo01,2001,DET,137,488,131,32,0.26844262295081966,0.3155893536121673,240000.0
maciajo01,Unknown maciajo01,2002,DET,33,107,25,8,0.2336448598130841,0.2905982905982906,375000.0
maciajo01,Unknown maciajo01,2003,MON,111,272,65,11,0.23897058823529413,0.2727272727272727,825000.0
maciajo01,Unknown maciajo01,2004,CHN,98,194,52,5,0.26804123711340205,0.29207920792079206,750000.0
maciajo01,Unknown maciajo01,2005,CHN,112,177,45,6,0.2542372881355932,0.27419354838709675,825000.0
mackoro01,Unknown mackoro01,2002,PIT,136,385,94,42,0.24415584415584415,0.32798165137614677,227000.0
mackoro01,Unknown mackoro01,2003,PIT,77,174,47,15,0.27011494252873564,0.34196891191709844,322000.0
mackoro01,Unknown mackoro01,2004,PIT,155,491,121,50,0.24643584521384929,0.3194945848375451,335000.0
mackoro01,Unknown mackoro01,2005,PIT,142,463,126,43,0.27213822894168466,0.33725490196078434,1500000.0
mackoro01,Unknown mackoro01,2006,CHA,112,255,74,28,0.2901960784313726,0.3645833333333333,2250000.0
mackoro01,Unknown mackoro01,2007,CHA,85,237,66,23,0.27848101265822783,0.35447761194029853,2750000.0
macksh01,Unknown macksh01,1990,MIN,125,313,102,29,0.3258785942492013,0.3919308357348703,105000.0
macksh01,Unknown macksh01,1991,MIN,143,442,137,34,0.30995475113122173,0.36344969199178645,270000.0
macksh01,Unknown macksh01,1992,MIN,156,600,189,64,0.315,0.3935389133627019,1075000.0
macksh01,Unknown macksh01,1993,MIN,128,503,139,41,0.27634194831013914,0.33454545454545453,3050000.0
macksh01,Unknown macksh01,1994,MIN,81,303,101,32,0.3333333333333333,0.40173410404624277,3250000.0
macksh01,Unknown macksh01,1997,BOS,60,130,41,9,0.3153846153846154,0.3680555555555556,1850000.0
magadda01,Unknown magadda01,1990,NYN,144,451,148,74,0.328159645232816,0.4171322160148976,395000.0
magadda01,Unknown magadda01,1991,NYN,124,418,108,83,0.2583732057416268,0.3784313725490196,1250000.0
magadda01,Unknown magadda01,1992,NYN,99,321,91,56,0.2834890965732087,0.38992042440318303,1393750.0
magadda01,Unknown magadda01,1993,FLO,66,227,65,44,0.28634361233480177,0.4,900000.0
magadda01,Unknown magadda01,1994,FLO,74,211,58,39,0.27488151658767773,0.3858267716535433,850000.0
magadda01,Unknown magadda01,1995,HOU,127,348,109,71,0.3132183908045977,0.42755344418052255,360000.0
magadda01,Unknown magadda01,1996,CHN,78,169,43,29,0.25443786982248523,0.36,500000.0
magadda01,Unknown magadda01,1997,OAK,128,271,82,50,0.3025830258302583,0.41358024691358025,255000.0
magadda01,Unknown magadda01,1998,OAK,35,109,35,13,0.3211009174311927,0.3902439024390244,475000.0
magadda01,Unknown magadda01,1999,SDN,116,248,68,45,0.27419354838709675,0.37666666666666665,575000.0
magadda01,Unknown magadda01,2000,SDN,95,132,36,32,0.2727272727272727,0.40963855421686746,775000.0
magadda01,Unknown magadda01,2001,SDN,91,128,32,12,0.25,0.31690140845070425,575000.0
mageewe01,Unknown mageewe01,1996,PHI,38,142,29,9,0.20422535211267606,0.25165562913907286,109000.0
mageewe01,Unknown mageewe01,1997,PHI,38,115,23,9,0.2,0.25396825396825395,150000.0
mageewe01,Unknown mageewe01,2000,DET,91,186,51,10,0.27419354838709675,0.3096446700507614,205000.0
mageewe01,Unknown mageewe01,2001,DET,90,207,44,23,0.21256038647342995,0.29310344827586204,275000.0
mageewe01,Unknown mageewe01,2002,DET,97,347,94,10,0.27089337175792505,0.2892561983471074,425000.0
magruch01,Unknown magruch01,2005,MIL,101,138,28,7,0.2028985507246377,0.26490066225165565,325000.0
maldoca01,Unknown maldoca01,1990,CLE,155,590,161,49,0.27288135593220336,0.3302611367127496,825000.0
maldoca01,Unknown maldoca01,1991,ML4,34,111,23,13,0.2072072072072072,0.288,875000.0
maldoca01,Unknown maldoca01,1992,TOR,137,489,133,59,0.2719836400817996,0.35663082437275984,1375000.0
maldoca01,Unknown maldoca01,1993,CHN,70,140,26,13,0.18571428571428572,0.2597402597402597,1650000.0
maldoca01,Unknown maldoca01,1995,TOR,61,160,43,25,0.26875,0.3684210526315789,200000.0
mantoje01,Unknown mantoje01,1991,CLE,47,128,27,14,0.2109375,0.30612244897959184,110000.0
mantoje01,Unknown mantoje01,1995,BAL,89,254,65,24,0.2559055118110236,0.325,140000.0
manwaki01,Unknown manwaki01,1991,SFN,67,178,40,9,0.2247191011235955,0.2708333333333333,150000.0
manwaki01,Unknown manwaki01,1992,SFN,109,349,85,29,0.24355300859598855,0.31070496083550914,360000.0
manwaki01,Unknown manwaki01,1993,SFN,130,432,119,41,0.27546296296296297,0.34511434511434513,765000.0
manwaki01,Unknown manwaki01,1994,SFN,97,316,79,25,0.25,0.30835734870317005,1800000.0
manwaki01,Unknown manwaki01,1995,SFN,118,379,95,27,0.25065963060686014,0.3142857142857143,1800000.0
manwaki01,Unknown manwaki01,1996,SFN,49,145,34,16,0.23448275862068965,0.3192771084337349,1875000.0
manwaki01,Unknown manwaki01,1997,COL,104,337,76,30,0.22551928783382788,0.29110512129380056,1675000.0
manwaki01,Unknown manwaki01,1998,COL,110,291,72,38,0.24742268041237114,0.33933933933933935,2150000.0
manwaki01,Unknown manwaki01,1999,COL,48,137,41,12,0.29927007299270075,0.3741935483870968,700000.0
manzeto01,Unknown manzeto01,2010,HOU,83,258,58,13,0.2248062015503876,0.26714801444043323,400000.0
markani01,Unknown markani01,2006,BAL,147,491,143,43,0.29124236252545826,0.35064935064935066,327000.0
markani01,Unknown markani01,2007,BAL,161,637,191,61,0.29984301412872844,0.3624823695345557,400000.0
markani01,Unknown markani01,2008,BAL,157,595,182,99,0.3058823529411765,0.406025824964132,455000.0
markani01,Unknown markani01,2009,BAL,161,642,188,56,0.29283489096573206,0.34739803094233473,3350000.0
markani01,Unknown markani01,2010,BAL,160,629,187,73,0.2972972972972973,0.3695345557122708,7100000.0
marreel01,Unknown marreel01,1998,SLN,83,254,62,28,0.2440944881889764,0.31802120141342755,172500.0
marreel01,Unknown marreel01,1999,SLN,114,317,61,18,0.19242902208201892,0.2359882005899705,210000.0
marreel01,Unknown marreel01,2000,SLN,53,102,23,9,0.22549019607843138,0.3017241379310345,240000.0
marreel01,Unknown marreel01,2001,SLN,86,203,54,15,0.2660098522167488,0.31221719457013575,375000.0
marreel01,Unknown marreel01,2002,SLN,131,397,104,40,0.2619647355163728,0.32653061224489793,850000.0
marreel01,Unknown marreel01,2003,SLN,41,107,24,7,0.22429906542056074,0.2672413793103448,1500000.0
marreel01,Unknown marreel01,2004,ATL,90,250,80,23,0.32,0.37410071942446044,3000000.0
marshmi02,Unknown marshmi02,1990,NYN,53,163,39,7,0.2392638036809816,0.2784090909090909,1100000.0
marshto01,Unknown marshto01,1995,PHI,43,109,32,4,0.29357798165137616,0.3157894736842105,109000.0
marsolo01,Unknown marsolo01,2010,CLE,87,262,51,26,0.1946564885496183,0.273972602739726,401200.0
martean01,Unknown martean01,2008,CLE,80,235,52,14,0.22127659574468084,0.268,391600.0
martean01,Unknown martean01,2010,CLE,81,170,39,17,0.22941176470588234,0.2978723404255319,413400.0
martial03,Unknown martial03,1993,PIT,143,480,135,42,0.28125,0.33840304182509506,109000.0
martial03,Unknown martial03,1994,PIT,82,276,79,34,0.286231884057971,0.36741214057507987,192500.0
martial03,Unknown martial03,1995,PIT,124,439,124,44,0.2824601366742597,0.35051546391752575,375000.0
martial03,Unknown martial03,1996,PIT,155,630,189,54,0.3,0.35353535353535354,500000.0
martial03,Unknown martial03,1997,PIT,113,423,123,45,0.2907801418439716,0.3592436974789916,2266667.0
martial03,Unknown martial03,1998,PIT,125,440,105,32,0.23863636363636365,0.2964509394572025,2600000.0
martial03,Unknown martial03,1999,PIT,143,541,150,49,0.27726432532347506,0.3372681281618887,2700000.0
martial03,Unknown martial03,2000,SDN,93,346,106,28,0.3063583815028902,0.35978835978835977,1750000.0
martial03,Unknown martial03,2001,SEA,100,283,68,37,0.24028268551236748,0.33024691358024694,5000000.0
martial03,Unknown martial03,2003,TBA,100,238,60,17,0.25210084033613445,0.3062015503875969,300000.0
martica01,Unknown martica01,1990,PHI,71,198,48,29,0.24242424242424243,0.3392070484581498,700000.0
martica02,Unknown martica02,1990,CHA,92,272,61,10,0.22426470588235295,0.25177304964539005,100000.0
martica02,Unknown martica02,1993,CLE,80,262,64,20,0.24427480916030533,0.29473684210526313,500000.0
martich01,Unknown martich01,1992,BAL,83,198,53,31,0.2676767676767677,0.3659574468085106,140000.0
martida01,Unknown martida01,1990,MON,118,391,109,24,0.27877237851662406,0.32057416267942584,410000.0
martida01,Unknown martida01,1991,MON,124,396,117,20,0.29545454545454547,0.33175355450236965,140000.0
martida01,Unknown martida01,1992,CIN,135,393,100,42,0.2544529262086514,0.3234624145785877,1300000.0
martida01,Unknown martida01,1993,SFN,91,241,58,27,0.24066390041493776,0.31716417910447764,1100000.0
martida01,Unknown martida01,1994,SFN,97,235,58,21,0.24680851063829787,0.313953488372093,1100000.0
martida01,Unknown martida01,1995,CHA,119,303,93,32,0.3069306930693069,0.37058823529411766,650000.0
martida01,Unknown martida01,1996,CHA,146,440,140,52,0.3181818181818182,0.39314516129032256,930000.0
martida01,Unknown martida01,1997,CHA,145,504,144,55,0.2857142857142857,0.35563380281690143,950000.0
martida01,Unknown martida01,1998,TBA,90,309,79,35,0.255663430420712,0.33429394812680113,1500000.0
martida01,Unknown martida01,1999,TBA,143,514,146,60,0.2840466926070039,0.3613013698630137,2000000.0
martida01,Unknown martida01,2000,TBA,29,104,27,10,0.25961538461538464,0.31896551724137934,2000000.0
martida01,Unknown martida01,2001,ATL,120,237,68,21,0.2869198312236287,0.3474903474903475,1500000.0
martied01,Unknown martied01,1990,SEA,144,487,147,74,0.30184804928131415,0.39718804920913886,108000.0
martied01,Unknown martied01,1991,SEA,150,544,167,84,0.3069852941176471,0.4046875,350000.0
martied01,Unknown martied01,1992,SEA,135,528,181,54,0.3428030303030303,0.40439932318104904,560000.0
martied01,Unknown martied01,1993,SEA,42,135,32,28,0.23703703703703705,0.36585365853658536,3016666.0
martied01,Unknown martied01,1994,SEA,89,326,93,53,0.2852760736196319,0.38701298701298703,3316667.0
martied01,Unknown martied01,1995,SEA,145,511,182,116,0.3561643835616438,0.4788732394366197,3591367.0
martied01,Unknown martied01,1996,SEA,139,499,163,123,0.32665330661322645,0.4637223974763407,3500000.0
martied01,Unknown martied01,1997,SEA,155,542,179,119,0.33025830258302585,0.4557522123893805,3050000.0
martied01,Unknown martied01,1998,SEA,154,556,179,106,0.32194244604316546,0.42857142857142855,3500000.0
martied01,Unknown martied01,1999,SEA,142,502,169,97,0.33665338645418325,0.4473684210526316,3500000.0
martied01,Unknown martied01,2000,SEA,153,556,180,96,0.3237410071942446,0.42255639097744363,5400000.0
martied01,Unknown martied01,2001,SEA,132,470,144,93,0.30638297872340425,0.423407917383821,5500000.0
martied01,Unknown martied01,2002,SEA,97,328,91,67,0.2774390243902439,0.40294840294840295,7086668.0
martied01,Unknown martied01,2003,SEA,145,497,146,92,0.2937625754527163,0.40630182421227196,4000000.0
martied01,Unknown martied01,2004,SEA,141,486,128,58,0.26337448559670784,0.3424408014571949,3000000.0
martife01,Unknown martife01,2001,TBA,77,219,54,10,0.2465753424657534,0.2936170212765957,255000.0
martima02,Unknown martima02,1998,PIT,73,180,45,9,0.25,0.29015544041450775,190000.0
martima02,Unknown martima02,1999,MON,137,331,81,17,0.24471299093655588,0.2792022792022792,225000.0
martino01,Unknown martino01,1994,CHA,45,131,36,9,0.2748091603053435,0.31690140845070425,112000.0
martino01,Unknown martino01,1995,CHA,72,160,43,3,0.26875,0.281437125748503,165000.0
martino01,Unknown martino01,1996,CHA,70,140,49,6,0.35,0.3741496598639456,160000.0
martino01,Unknown martino01,1997,CHA,71,213,64,6,0.3004694835680751,0.319634703196347,350000.0
martino01,Unknown martino01,1998,ANA,79,195,42,6,0.2153846153846154,0.23645320197044334,425000.0
martira03,Unknown martira03,1999,SFN,61,144,38,14,0.2638888888888889,0.3270440251572327,203000.0
martira03,Unknown martira03,2000,SFN,88,189,57,15,0.30158730158730157,0.35436893203883496,220000.0
martira03,Unknown martira03,2001,SFN,128,391,99,38,0.2531969309462916,0.32272727272727275,300000.0
martira03,Unknown martira03,2002,SFN,72,181,49,14,0.27071823204419887,0.335,775000.0
martira03,Unknown martira03,2003,CHN,108,293,83,24,0.2832764505119454,0.3333333333333333,800000.0
martira03,Unknown martira03,2004,CHN,102,260,64,26,0.24615384615384617,0.3127147766323024,900000.0
martira03,Unknown martira03,2006,LAN,82,176,49,15,0.2784090909090909,0.3385416666666667,600000.0
martira03,Unknown martira03,2007,LAN,67,129,25,11,0.1937984496124031,0.2482758620689655,800000.0
martiru01,Unknown martiru01,2007,LAN,151,540,158,67,0.29259259259259257,0.3741935483870968,387500.0
martiru01,Unknown martiru01,2008,LAN,155,553,155,90,0.28028933092224234,0.38461538461538464,500000.0
martiru01,Unknown martiru01,2009,LAN,143,505,126,69,0.2495049504950495,0.3515358361774744,3900000.0
martiru01,Unknown martiru01,2010,LAN,97,331,82,48,0.24773413897280966,0.3471502590673575,5050000.0
martisa01,Unknown martisa01,1995,TOR,62,191,46,7,0.24083769633507854,0.27,109000.0
martisa01,Unknown martisa01,1996,TOR,76,229,52,16,0.22707423580786026,0.288,165000.0
martiti02,Unknown martiti02,1992,SEA,136,460,118,42,0.2565217391304348,0.31640625,132500.0
martiti02,Unknown martiti02,1993,SEA,109,408,108,45,0.2647058823529412,0.34273318872017355,287500.0
martiti02,Unknown martiti02,1994,SEA,97,329,86,29,0.2613981762917933,0.32044198895027626,500000.0
martiti02,Unknown martiti02,1995,SEA,141,519,152,62,0.2928709055876686,0.3688663282571912,1025000.0
martiti02,Unknown martiti02,1996,NYA,155,595,174,68,0.292436974789916,0.3641791044776119,2300000.0
martiti02,Unknown martiti02,1997,NYA,158,594,176,75,0.2962962962962963,0.3708029197080292,4400000.0
martiti02,Unknown martiti02,1998,NYA,142,531,149,61,0.2806026365348399,0.35526315789473684,4300000.0
martiti02,Unknown martiti02,1999,NYA,159,589,155,69,0.2631578947368421,0.34135338345864663,4300000.0
martiti02,Unknown martiti02,2000,NYA,155,569,147,52,0.2583479789103691,0.3275316455696203,4800000.0
martiti02,Unknown martiti02,2001,NYA,154,589,165,42,0.2801358234295416,0.3291338582677165,6300000.0
martiti02,Unknown martiti02,2002,SLN,150,511,134,58,0.2622309197651663,0.3373913043478261,5750000.0
martiti02,Unknown martiti02,2003,SLN,138,476,130,53,0.27310924369747897,0.3522935779816514,7500000.0
martiti02,Unknown martiti02,2004,TBA,138,458,120,66,0.26200873362445415,0.362453531598513,7500000.0
martiti02,Unknown martiti02,2005,NYA,131,303,73,38,0.24092409240924093,0.3275862068965517,2750000.0
martivi01,Unknown martivi01,2004,CLE,141,520,147,60,0.2826923076923077,0.3587140439932318,304500.0
martivi01,Unknown martivi01,2005,CLE,147,547,167,63,0.3053016453382084,0.3778135048231511,372100.0
martivi01,Unknown martivi01,2006,CLE,153,572,181,71,0.31643356643356646,0.3911042944785276,1000000.0
martivi01,Unknown martivi01,2007,CLE,147,562,169,62,0.30071174377224197,0.3736434108527132,3200000.0
martivi01,Unknown martivi01,2008,CLE,73,266,74,24,0.2781954887218045,0.336734693877551,4450000.0
martivi01,Unknown martivi01,2009,CLE,99,377,107,51,0.2838196286472148,0.367816091954023,5900000.0
martivi01,Unknown martivi01,2010,BOS,127,493,149,40,0.3022312373225152,0.3513011152416357,7700000.0
marzajo01,Unknown marzajo01,1991,BOS,49,114,30,1,0.2631578947368421,0.2711864406779661,105000.0
marzajo01,Unknown marzajo01,1996,SEA,41,106,26,7,0.24528301886792453,0.3162393162393162,175000.0
marzajo01,Unknown marzajo01,1998,SEA,50,133,31,9,0.23308270676691728,0.32450331125827814,300000.0
mashoda01,Unknown mashoda01,1996,OAK,50,105,28,16,0.26666666666666666,0.36585365853658536,109000.0
mashoda01,Unknown mashoda01,1997,OAK,92,279,69,50,0.24731182795698925,0.3701492537313433,154000.0
masteda01,Unknown masteda01,1995,MIN,71,198,47,18,0.23737373737373738,0.30275229357798167,109000.0
mateohe01,Unknown mateohe01,2003,MON,100,154,37,11,0.24025974025974026,0.30357142857142855,300000.0
mateoru01,Unknown mateoru01,1999,TEX,32,122,29,4,0.23770491803278687,0.2677165354330709,200000.0
mateoru01,Unknown mateoru01,2000,TEX,52,206,60,10,0.2912621359223301,0.3393665158371041,230000.0
mateoru01,Unknown mateoru01,2001,TEX,40,129,32,9,0.24806201550387597,0.3219178082191781,300000.0
mateoru01,Unknown mateoru01,2003,CIN,74,207,50,12,0.24154589371980675,0.29017857142857145,340000.0
mathemi01,Unknown mathemi01,1995,ML4,80,166,41,12,0.2469879518072289,0.3055555555555556,110000.0
mathemi01,Unknown mathemi01,1996,ML4,106,313,64,14,0.20447284345047922,0.24251497005988024,150000.0
mathemi01,Unknown mathemi01,1997,ML4,123,320,78,17,0.24375,0.29394812680115273,210000.0
mathemi01,Unknown mathemi01,1998,MIL,108,320,76,11,0.2375,0.2781065088757396,800000.0
mathemi01,Unknown mathemi01,1999,TOR,57,163,35,12,0.2147239263803681,0.2711864406779661,600000.0
mathemi01,Unknown mathemi01,2000,SLN,128,417,109,32,0.26139088729016785,0.3172866520787746,750000.0
mathemi01,Unknown mathemi01,2001,SLN,121,381,83,28,0.2178477690288714,0.2764423076923077,900000.0
mathemi01,Unknown mathemi01,2002,SLN,110,315,77,32,0.24444444444444444,0.3126760563380282,2500000.0
mathemi01,Unknown mathemi01,2003,SLN,141,441,111,44,0.25170068027210885,0.32040816326530613,3250000.0
mathemi01,Unknown mathemi01,2004,SLN,122,385,95,23,0.24675324675324675,0.2922705314009662,4000000.0
mathemi01,Unknown mathemi01,2005,SFN,134,443,107,29,0.24153498871331827,0.2946058091286307,2000000.0
mathemi01,Unknown mathemi01,2006,SFN,47,160,37,9,0.23125,0.27586206896551724,3350000.0
mathije01,Unknown mathije01,2008,LAA,94,283,55,30,0.19434628975265017,0.275,415000.0
mathije01,Unknown mathije01,2009,LAA,84,237,50,22,0.2109704641350211,0.2878787878787879,450000.0
mathije01,Unknown mathije01,2010,LAA,68,205,40,6,0.1951219512195122,0.2186046511627907,1300000.0
matoslu01,Unknown matoslu01,2004,BAL,89,330,74,19,0.22424242424242424,0.2752808988764045,975000.0
matoslu01,Unknown matoslu01,2005,BAL,121,389,109,27,0.2802056555269923,0.3395348837209302,1025000.0
matoslu01,Unknown matoslu01,2006,BAL,55,121,25,10,0.2066115702479339,0.2781954887218045,1625000.0
matsuhi01,Unknown matsuhi01,2003,NYA,163,623,179,63,0.28731942215088285,0.35251798561151076,6000000.0
matsuhi01,Unknown matsuhi01,2004,NYA,162,584,174,88,0.2979452054794521,0.3897058823529412,7000000.0
matsuhi01,Unknown matsuhi01,2005,NYA,162,629,192,63,0.3052464228934817,0.3669985775248933,8000000.0
matsuhi01,Unknown matsuhi01,2006,NYA,51,172,52,27,0.3023255813953488,0.39303482587064675,13000000.0
matsuhi01,Unknown matsuhi01,2007,NYA,143,547,156,73,0.2851919561243144,0.3665086887835703,13000000.0
matsuhi01,Unknown matsuhi01,2008,NYA,93,337,99,38,0.29376854599406527,0.37037037037037035,13000000.0
matsuhi01,Unknown matsuhi01,2009,NYA,142,456,125,64,0.2741228070175439,0.3669201520912547,13000000.0
matsuhi01,Unknown matsuhi01,2010,LAA,145,482,132,67,0.27385892116182575,0.36101083032490977,6000000.0
matsuka01,Unknown matsuka01,2004,NYN,114,460,125,40,0.2717391304347826,0.33134920634920634,5033333.0
matsuka01,Unknown matsuka01,2005,NYN,87,267,68,14,0.2546816479400749,0.3,7033333.0
matsuka01,Unknown matsuka01,2006,NYN,38,130,26,6,0.2,0.23529411764705882,8033333.0
matsuka01,Unknown matsuka01,2007,COL,104,410,118,34,0.28780487804878047,0.3415730337078652,1500000.0
matsuka01,Unknown matsuka01,2008,HOU,96,375,110,37,0.29333333333333333,0.3542168674698795,5500000.0
matsuka01,Unknown matsuka01,2009,HOU,132,476,119,34,0.25,0.30174081237911027,5500000.0
matthga02,Unknown matthga02,2001,CHN,106,258,56,38,0.21705426356589147,0.31986531986531985,225000.0
matthga02,Unknown matthga02,2003,BAL,41,162,33,9,0.2037037037037037,0.25,900000.0
matthga02,Unknown matthga02,2005,TEX,131,475,121,47,0.25473684210526315,0.32,1100000.0
matthga02,Unknown matthga02,2006,TEX,147,620,194,58,0.31290322580645163,0.3710144927536232,2387500.0
matthga02,Unknown matthga02,2007,LAA,140,516,130,55,0.25193798449612403,0.3229706390328152,6400000.0
matthga02,Unknown matthga02,2008,LAA,127,426,103,45,0.24178403755868544,0.31865828092243187,9400000.0
matthga02,Unknown matthga02,2009,LAA,103,316,79,40,0.25,0.33611111111111114,10400000.0
mattido01,Unknown mattido01,1990,NYA,102,394,101,28,0.2563451776649746,0.308411214953271,2500000.0
mattido01,Unknown mattido01,1991,NYA,152,587,169,46,0.2879045996592845,0.33900928792569657,3420000.0
mattido01,Unknown mattido01,1992,NYA,157,640,184,39,0.2875,0.32653061224489793,3620000.0
mattido01,Unknown mattido01,1993,NYA,134,530,154,61,0.29056603773584905,0.3640939597315436,3820000.0
mattido01,Unknown mattido01,1994,NYA,97,372,113,60,0.30376344086021506,0.3967889908256881,4020000.0
mattido01,Unknown mattido01,1995,NYA,128,458,132,40,0.28820960698689957,0.34122287968441817,4420000.0
mauerjo01,Unknown mauerjo01,2004,MIN,35,107,33,11,0.308411214953271,0.36885245901639346,300000.0
mauerjo01,Unknown mauerjo01,2005,MIN,131,489,144,61,0.294478527607362,0.37184115523465705,325000.0
mauerjo01,Unknown mauerjo01,2006,MIN,140,521,181,79,0.3474088291746641,0.4292763157894737,400000.0
mauerjo01,Unknown mauerjo01,2007,MIN,109,406,119,57,0.29310344827586204,0.3816631130063966,3750000.0
mauerjo01,Unknown mauerjo01,2008,MIN,146,536,176,84,0.3283582089552239,0.4129746835443038,6250000.0
mauerjo01,Unknown mauerjo01,2009,MIN,138,523,191,76,0.3652007648183556,0.4438943894389439,10500000.0
mauerjo01,Unknown mauerjo01,2010,MIN,137,510,167,65,0.32745098039215687,0.4023972602739726,12500000.0
maxweja01,Unknown maxweja01,2000,MIN,64,111,27,9,0.24324324324324326,0.29838709677419356,202000.0
maybica01,Unknown maybica01,2009,FLO,54,176,44,17,0.25,0.31794871794871793,400000.0
maybica01,Unknown maybica01,2010,FLO,82,291,68,24,0.23367697594501718,0.30218068535825543,405000.0
mayde01,Unknown mayde01,1993,CHN,128,465,137,31,0.2946236559139785,0.3359840954274354,212500.0
mayde01,Unknown mayde01,1994,CHN,100,345,98,30,0.28405797101449276,0.3395225464190981,300000.0
mayde01,Unknown mayde01,1995,HOU,78,206,62,19,0.30097087378640774,0.35807860262008734,358334.0
mayde01,Unknown mayde01,1996,HOU,109,259,65,30,0.25096525096525096,0.3299319727891156,750000.0
mayde01,Unknown mayde01,1997,PHI,83,149,34,8,0.22818791946308725,0.26582278481012656,300000.0
mayde01,Unknown mayde01,1998,MON,85,180,43,11,0.2388888888888889,0.28125,250000.0
maynebr01,Unknown maynebr01,1992,KCA,82,213,48,11,0.22535211267605634,0.2599118942731278,170000.0
maynebr01,Unknown maynebr01,1993,KCA,71,205,52,18,0.25365853658536586,0.3169642857142857,225000.0
maynebr01,Unknown maynebr01,1994,KCA,46,144,37,14,0.2569444444444444,0.3227848101265823,500000.0
maynebr01,Unknown maynebr01,1995,KCA,110,307,77,25,0.250814332247557,0.3125,675000.0
maynebr01,Unknown maynebr01,1997,OAK,85,256,74,18,0.2890625,0.34285714285714286,225000.0
maynebr01,Unknown maynebr01,1998,SFN,94,275,75,37,0.2727272727272727,0.35873015873015873,700000.0
maynebr01,Unknown maynebr01,1999,SFN,117,322,97,43,0.30124223602484473,0.38873994638069703,750000.0
maynebr01,Unknown maynebr01,2000,COL,117,335,101,47,0.30149253731343284,0.38107416879795397,1750000.0
maynebr01,Unknown maynebr01,2001,COL,49,160,53,16,0.33125,0.3854748603351955,2150000.0
maynebr01,Unknown maynebr01,2002,KCA,101,326,77,34,0.2361963190184049,0.3087431693989071,2500000.0
maynebr01,Unknown maynebr01,2003,KCA,113,372,91,32,0.2446236559139785,0.3073170731707317,2750000.0
mcanupa01,Unknown mcanupa01,2008,SDN,66,135,28,26,0.2074074074074074,0.34146341463414637,391250.0
mccanbr01,Unknown mccanbr01,2006,ATL,130,442,147,41,0.332579185520362,0.3882113821138211,333500.0
mccanbr01,Unknown mccanbr01,2007,ATL,139,504,136,35,0.2698412698412698,0.32,440000.0
mccanbr01,Unknown mccanbr01,2008,ATL,145,509,153,57,0.3005893909626719,0.37347294938917974,966666.0
mccanbr01,Unknown mccanbr01,2009,ATL,138,488,137,49,0.2807377049180328,0.34854014598540145,3700000.0
mccanbr01,Unknown mccanbr01,2010,ATL,143,479,129,74,0.26931106471816285,0.3745583038869258,5700000.0
mccarda01,Unknown mccarda01,1994,MIN,44,131,34,7,0.2595419847328244,0.32167832167832167,130000.0
mccarda01,Unknown mccarda01,1996,SFN,91,175,38,18,0.21714285714285714,0.29441624365482233,150000.0
mccarda01,Unknown mccarda01,2000,KCA,103,270,75,22,0.2777777777777778,0.3288135593220339,325000.0
mccarda01,Unknown mccarda01,2001,KCA,98,200,50,24,0.25,0.32751091703056767,750000.0
mccarda01,Unknown mccarda01,2004,BOS,91,151,39,14,0.2582781456953642,0.3273809523809524,500000.0
mcclell01,Unknown mcclell01,1990,CHN,49,107,17,14,0.1588785046728972,0.2540983606557377,210000.0
mcclell01,Unknown mcclell01,1991,PIT,85,163,47,18,0.2883435582822086,0.366120218579235,260000.0
mcclell01,Unknown mcclell01,1992,PIT,84,190,48,28,0.25263157894736843,0.34977578475336324,525000.0
mcclell01,Unknown mcclell01,1993,PIT,88,181,40,23,0.22099447513812154,0.3058252427184466,650000.0
mccraqu01,Unknown mccraqu01,1996,COL,124,283,82,32,0.28975265017667845,0.3627760252365931,112000.0
mccraqu01,Unknown mccraqu01,1997,COL,147,325,95,42,0.2923076923076923,0.37398373983739835,198000.0
mccraqu01,Unknown mccraqu01,1998,TBA,155,614,179,41,0.2915309446254072,0.33483483483483484,270000.0
mccraqu01,Unknown mccraqu01,1999,TBA,40,148,37,14,0.25,0.3170731707317073,1850000.0
mccraqu01,Unknown mccraqu01,2002,ARI,123,349,108,32,0.30945558739255014,0.3669250645994832,500000.0
mccraqu01,Unknown mccraqu01,2003,ARI,115,203,46,15,0.22660098522167488,0.27601809954751133,1750000.0
mccraqu01,Unknown mccraqu01,2005,ARI,134,215,51,23,0.2372093023255814,0.3125,750000.0
mccutan01,Unknown mccutan01,2010,PIT,154,570,163,70,0.28596491228070176,0.36503067484662577,422500.0
mcdonja02,Unknown mcdonja02,1998,OAK,70,175,44,27,0.25142857142857145,0.3592233009708738,174000.0
mcdonja02,Unknown mcdonja02,1999,OAK,100,187,39,25,0.20855614973262032,0.3101851851851852,222500.0
mcdonjo03,Unknown mcdonjo03,2002,CLE,93,264,66,10,0.25,0.28825622775800713,210000.0
mcdonjo03,Unknown mcdonjo03,2003,CLE,82,214,46,11,0.21495327102803738,0.2576419213973799,314400.0
mcdonjo03,Unknown mcdonjo03,2006,TOR,104,260,58,16,0.2230769230769231,0.2714285714285714,500000.0
mcdonjo03,Unknown mcdonjo03,2007,TOR,123,327,82,11,0.25076452599388377,0.2785923753665689,750000.0
mcdonjo03,Unknown mcdonjo03,2008,TOR,84,186,39,10,0.20967741935483872,0.255,1900000.0
mcdonjo03,Unknown mcdonjo03,2009,TOR,73,151,39,1,0.2582781456953642,0.2709677419354839,1900000.0
mcdonjo03,Unknown mcdonjo03,2010,TOR,63,152,38,6,0.25,0.2732919254658385,1500000.0
mcdowod01,Unknown mcdowod01,1990,ATL,113,305,74,21,0.24262295081967214,0.2948328267477204,690000.0
mcewijo01,Unknown mcewijo01,1999,SLN,152,513,141,41,0.27485380116959063,0.3327433628318584,200000.0
mcewijo01,Unknown mcewijo01,2001,NYN,116,283,80,17,0.2826855123674912,0.34185303514376997,252500.0
mcewijo01,Unknown mcewijo01,2002,NYN,105,196,39,9,0.1989795918367347,0.24170616113744076,750000.0
mcewijo01,Unknown mcewijo01,2003,NYN,119,278,67,25,0.24100719424460432,0.30944625407166126,600000.0
mcewijo01,Unknown mcewijo01,2004,NYN,75,138,35,9,0.2536231884057971,0.2972972972972973,500000.0
mcgeewi01,Unknown mcgeewi01,1990,SLN,125,501,168,38,0.33532934131736525,0.38191881918819187,1500000.0
mcgeewi01,Unknown mcgeewi01,1991,SFN,131,497,155,34,0.3118712273641851,0.35700934579439253,3562500.0
mcgeewi01,Unknown mcgeewi01,1992,SFN,138,474,141,29,0.2974683544303797,0.33861386138613864,3562500.0
mcgeewi01,Unknown mcgeewi01,1993,SFN,130,475,143,38,0.30105263157894735,0.35271317829457366,2312500.0
mcgeewi01,Unknown mcgeewi01,1994,SFN,45,156,44,15,0.28205128205128205,0.33714285714285713,3562500.0
mcgeewi01,Unknown mcgeewi01,1995,BOS,67,200,57,9,0.285,0.3113207547169811,300000.0
mcgeewi01,Unknown mcgeewi01,1996,SLN,123,309,95,18,0.3074433656957929,0.3484848484848485,600000.0
mcgeewi01,Unknown mcgeewi01,1997,SLN,122,300,90,22,0.3,0.34674922600619196,1300000.0
mcgeewi01,Unknown mcgeewi01,1998,SLN,120,269,68,14,0.2527881040892193,0.2867132867132867,1400000.0
mcgeewi01,Unknown mcgeewi01,1999,SLN,132,271,68,17,0.25092250922509224,0.29310344827586204,1000000.0
mcgehca01,Unknown mcgehca01,2009,MIL,116,355,107,34,0.30140845070422534,0.3604060913705584,400000.0
mcgehca01,Unknown mcgehca01,2010,MIL,157,610,174,50,0.28524590163934427,0.3373134328358209,427500.0
mcgrifr01,Unknown mcgrifr01,1990,TOR,153,557,167,94,0.2998204667863555,0.4003044140030441,1450000.0
mcgrifr01,Unknown mcgrifr01,1991,SDN,153,528,147,105,0.2784090909090909,0.3956386292834891,2750000.0
mcgrifr01,Unknown mcgrifr01,1992,SDN,152,531,152,96,0.2862523540489642,0.3939873417721519,4075000.0
mcgrifr01,Unknown mcgrifr01,1993,SDN,83,302,83,42,0.27483443708609273,0.36103151862464183,4300000.0
mcgrifr01,Unknown mcgrifr01,1994,ATL,113,424,135,50,0.31839622641509435,0.3891213389121339,3775000.0
mcgrifr01,Unknown mcgrifr01,1995,ATL,144,528,148,65,0.2803030303030303,0.3609271523178808,4275000.0
mcgrifr01,Unknown mcgrifr01,1996,ATL,159,617,182,68,0.29497568881685576,0.36468885672937773,5050000.0
mcgrifr01,Unknown mcgrifr01,1997,ATL,152,564,156,68,0.2765957446808511,0.35569422776911075,5500000.0
mcgrifr01,Unknown mcgrifr01,1998,TBA,151,564,160,79,0.28368794326241137,0.3713405238828968,5500000.0
mcgrifr01,Unknown mcgrifr01,1999,TBA,144,529,164,86,0.31001890359168244,0.40483870967741936,5250000.0
mcgrifr01,Unknown mcgrifr01,2000,TBA,158,566,157,91,0.2773851590106007,0.37349397590361444,5945818.0
mcgrifr01,Unknown mcgrifr01,2001,TBA,97,343,109,40,0.3177842565597668,0.38701298701298703,6500000.0
mcgrifr01,Unknown mcgrifr01,2002,CHN,146,523,143,63,0.2734225621414914,0.35294117647058826,7250000.0
mcgrifr01,Unknown mcgrifr01,2003,LAN,86,297,74,31,0.24915824915824916,0.3221884498480243,3750000.0
mcgrite01,Unknown mcgrite01,1994,SLN,42,114,25,13,0.21929824561403508,0.3076923076923077,109000.0
mcguiry01,Unknown mcguiry01,1997,MON,84,199,51,19,0.2562814070351759,0.319634703196347,150000.0
mcguiry01,Unknown mcguiry01,1998,MON,130,210,39,32,0.18571428571428572,0.29218106995884774,185000.0
mcguiry01,Unknown mcguiry01,1999,MON,88,140,31,27,0.22142857142857142,0.3473053892215569,225000.0
mcgwima01,Unknown mcgwima01,1990,OAK,156,523,123,110,0.23518164435946462,0.3697996918335901,1500000.0
mcgwima01,Unknown mcgwima01,1991,OAK,154,483,97,93,0.20082815734989648,0.3304794520547945,2850000.0
mcgwima01,Unknown mcgwima01,1992,OAK,139,467,125,90,0.2676659528907923,0.38528896672504376,2700000.0
mcgwima01,Unknown mcgwima01,1994,OAK,47,135,34,37,0.2518518518518518,0.4127906976744186,3000000.0
mcgwima01,Unknown mcgwima01,1995,OAK,104,317,87,88,0.2744479495268139,0.44075829383886256,6925000.0
mcgwima01,Unknown mcgwima01,1996,OAK,130,423,132,116,0.3120567375886525,0.46715328467153283,7050000.0
mcgwima01,Unknown mcgwima01,1997,OAK,105,366,104,58,0.28415300546448086,0.3833718244803695,7150000.0
mcgwima01,Unknown mcgwima01,1998,SLN,155,509,152,162,0.29862475442043224,0.4698972099853157,8928354.0
mcgwima01,Unknown mcgwima01,1999,SLN,153,521,145,133,0.2783109404990403,0.4236006051437216,9358667.0
mcgwima01,Unknown mcgwima01,2000,SLN,89,236,72,76,0.3050847457627119,0.48286604361370716,9333333.0
mcgwima01,Unknown mcgwima01,2001,SLN,97,299,56,56,0.18729096989966554,0.3159340659340659,11000000.0
mcknije01,Unknown mcknije01,1993,NYN,105,164,42,13,0.25609756097560976,0.3111111111111111,146000.0
mclemma01,Unknown mclemma01,1992,BAL,101,228,56,21,0.24561403508771928,0.308,325000.0
mclemma01,Unknown mclemma01,1993,BAL,148,581,165,64,0.28399311531841653,0.35276073619631904,345000.0
mclemma01,Unknown mclemma01,1994,BAL,104,343,88,51,0.2565597667638484,0.35353535353535354,1000000.0
mclemma01,Unknown mclemma01,1995,TEX,129,467,122,59,0.26124197002141325,0.3458646616541353,1213890.0
mclemma01,Unknown mclemma01,1996,TEX,147,517,150,87,0.2901353965183752,0.3891625615763547,1225000.0
mclemma01,Unknown mclemma01,1997,TEX,89,349,91,40,0.2607449856733524,0.3384223918575064,1800000.0
mclemma01,Unknown mclemma01,1998,TEX,126,461,114,89,0.2472885032537961,0.36936936936936937,2300000.0
mclemma01,Unknown mclemma01,1999,TEX,144,566,155,83,0.27385159010600707,0.36335877862595417,2400000.0
mclemma01,Unknown mclemma01,2000,SEA,138,481,118,81,0.24532224532224534,0.3527336860670194,2000000.0
mclemma01,Unknown mclemma01,2001,SEA,125,409,117,69,0.2860635696821516,0.384297520661157,2000000.0
mclemma01,Unknown mclemma01,2002,SEA,104,337,91,61,0.27002967359050445,0.37965260545905705,3150000.0
mclemma01,Unknown mclemma01,2003,SEA,99,309,72,38,0.23300970873786409,0.3181818181818182,3150000.0
mclemma01,Unknown mclemma01,2004,OAK,77,250,62,41,0.248,0.35494880546075086,600000.0
mclouna01,Unknown mclouna01,2006,PIT,106,270,63,18,0.23333333333333334,0.2925170068027211,329000.0
mclouna01,Unknown mclouna01,2007,PIT,137,329,85,39,0.25835866261398177,0.35092348284960423,392000.0
mclouna01,Unknown mclouna01,2008,PIT,152,597,165,65,0.27638190954773867,0.3558823529411765,425000.0
mclouna01,Unknown mclouna01,2009,PIT,45,168,43,21,0.25595238095238093,0.3487179487179487,2500000.0
mclouna01,Unknown mclouna01,2010,ATL,85,242,46,33,0.19008264462809918,0.2978723404255319,5000000.0
mcraebr01,Unknown mcraebr01,1990,KCA,46,168,48,9,0.2857142857142857,0.31843575418994413,100000.0
mcraebr01,Unknown mcraebr01,1991,KCA,152,629,164,24,0.26073131955484896,0.2878787878787879,124000.0
mcraebr01,Unknown mcraebr01,1992,KCA,149,533,119,42,0.22326454033771106,0.28547008547008546,275000.0
mcraebr01,Unknown mcraebr01,1993,KCA,153,627,177,37,0.2822966507177033,0.32488822652757077,378500.0
mcraebr01,Unknown mcraebr01,1994,KCA,114,436,119,54,0.27293577981651373,0.3587174348697395,1900000.0
mcraebr01,Unknown mcraebr01,1995,CHN,137,580,167,47,0.28793103448275864,0.3480314960629921,2650000.0
mcraebr01,Unknown mcraebr01,1996,CHN,157,624,172,73,0.27564102564102566,0.3599439775910364,3400000.0
mcraebr01,Unknown mcraebr01,1997,CHN,108,417,100,52,0.23980815347721823,0.3291139240506329,3900000.0
mcraebr01,Unknown mcraebr01,1998,NYN,159,552,146,80,0.2644927536231884,0.3598130841121495,3850000.0
mcraebr01,Unknown mcraebr01,1999,NYN,96,298,66,39,0.2214765100671141,0.31976744186046513,3750000.0
mcreyke01,Unknown mcreyke01,1990,NYN,147,521,140,71,0.2687140115163148,0.3527454242928453,1266667.0
mcreyke01,Unknown mcreyke01,1991,NYN,143,522,135,49,0.25862068965517243,0.3223570190641248,2266667.0
mcreyke01,Unknown mcreyke01,1992,KCA,109,373,92,67,0.24664879356568364,0.35730337078651686,3416667.0
mcreyke01,Unknown mcreyke01,1993,KCA,110,351,86,37,0.245014245014245,0.3163265306122449,3666667.0
mcreyke01,Unknown mcreyke01,1994,NYN,51,180,46,20,0.25555555555555554,0.3283582089552239,2916667.0
mearepa01,Unknown mearepa01,1993,MIN,111,346,87,7,0.2514450867052023,0.2661064425770308,109000.0
mearepa01,Unknown mearepa01,1994,MIN,80,229,61,14,0.2663755458515284,0.31048387096774194,160000.0
mearepa01,Unknown mearepa01,1995,MIN,116,390,105,15,0.2692307692307692,0.31116389548693585,165000.0
mearepa01,Unknown mearepa01,1996,MIN,152,517,138,17,0.26692456479690524,0.29818181818181816,275000.0
mearepa01,Unknown mearepa01,1997,MIN,134,439,121,18,0.275626423690205,0.3229166666666667,1425000.0
mearepa01,Unknown mearepa01,1998,MIN,149,543,141,24,0.2596685082872928,0.2958477508650519,2500000.0
mearepa01,Unknown mearepa01,2000,PIT,132,462,111,36,0.24025974025974026,0.3045186640471513,3290000.0
mearepa01,Unknown mearepa01,2001,PIT,87,270,57,10,0.2111111111111111,0.24381625441696114,3790000.0
mejiaro02,Unknown mejiaro02,1994,COL,38,116,28,15,0.2413793103448276,0.32575757575757575,130000.0
melhuad01,Unknown melhuad01,2004,OAK,69,214,55,16,0.2570093457943925,0.30869565217391304,357500.0
melhuad01,Unknown melhuad01,2006,OAK,49,128,28,9,0.21875,0.2733812949640288,700000.0
melusmi01,Unknown melusmi01,2000,HOU,117,337,101,55,0.2997032640949555,0.40100250626566414,215000.0
melvibo01,Unknown melvibo01,1990,BAL,93,301,73,11,0.2425249169435216,0.26666666666666666,350000.0
melvibo01,Unknown melvibo01,1991,BAL,79,228,57,11,0.25,0.2786885245901639,650000.0
melvibo01,Unknown melvibo01,1993,BOS,77,176,39,7,0.2215909090909091,0.25133689839572193,725000.0
menchke01,Unknown menchke01,2003,TEX,38,125,40,10,0.32,0.381294964028777,327500.0
menchke01,Unknown menchke01,2004,TEX,125,438,122,33,0.2785388127853881,0.33471933471933474,345000.0
menchke01,Unknown menchke01,2005,TEX,150,557,147,50,0.2639138240574506,0.3284552845528455,345000.0
menchke01,Unknown menchke01,2006,TEX,87,320,91,23,0.284375,0.33810888252148996,2800000.0
menchke01,Unknown menchke01,2007,MIL,101,288,77,16,0.2673611111111111,0.3051948051948052,3400000.0
mendedo01,Unknown mendedo01,2001,SDN,46,118,18,5,0.15254237288135594,0.20634920634920634,200000.0
menecfr01,Unknown menecfr01,2000,OAK,66,145,37,20,0.25517241379310346,0.34523809523809523,201000.0
menecfr01,Unknown menecfr01,2001,OAK,139,471,114,79,0.24203821656050956,0.36869565217391304,225000.0
menecfr01,Unknown menecfr01,2002,OAK,38,132,27,20,0.20454545454545456,0.3116883116883117,295000.0
menecfr01,Unknown menecfr01,2005,TOR,70,148,32,25,0.21621621621621623,0.35195530726256985,650000.0
merceor01,Unknown merceor01,1992,PIT,134,405,100,52,0.24691358024691357,0.33189655172413796,150000.0
merceor01,Unknown merceor01,1993,PIT,137,447,140,77,0.3131991051454139,0.41366223908918404,305000.0
merceor01,Unknown merceor01,1994,PIT,108,386,105,42,0.27202072538860106,0.3433874709976798,1485000.0
merceor01,Unknown merceor01,1995,PIT,132,487,146,52,0.2997946611909651,0.3651376146788991,2000000.0
merceor01,Unknown merceor01,1996,PIT,120,453,130,51,0.2869757174392936,0.35700197238658776,2700000.0
merceor01,Unknown merceor01,1997,TOR,98,368,98,47,0.266304347826087,0.3523809523809524,2700000.0
merceor01,Unknown merceor01,1998,MIN,63,204,59,17,0.28921568627450983,0.3452914798206278,800000.0
merceor01,Unknown merceor01,1999,MON,93,194,52,26,0.26804123711340205,0.35294117647058826,560000.0
merceor01,Unknown merceor01,2001,HOU,94,137,36,14,0.26277372262773724,0.3333333333333333,300000.0
merceor01,Unknown merceor01,2002,HOU,123,251,72,26,0.2868525896414343,0.35,1050000.0
merceor01,Unknown merceor01,2003,HOU,123,212,49,15,0.23113207547169812,0.2826086956521739,1700000.0
merlolo01,Unknown merlolo01,1999,BOS,43,126,32,8,0.25396825396825395,0.30656934306569344,200000.0
merlolo01,Unknown merlolo01,2002,BOS,84,194,48,20,0.24742268041237114,0.33181818181818185,290000.0
merlolo01,Unknown merlolo01,2003,SDN,65,151,41,22,0.271523178807947,0.3615819209039548,560000.0
merlolo01,Unknown merlolo01,2004,CLE,71,190,55,14,0.2894736842105263,0.34285714285714286,560000.0
merulma01,Unknown merulma01,1995,MIN,76,195,55,14,0.28205128205128205,0.33488372093023255,200000.0
meulehe01,Unknown meulehe01,1991,NYA,96,288,64,18,0.2222222222222222,0.27564102564102566,120000.0
meyerch02,Unknown meyerch02,1999,CHN,43,142,33,9,0.2323943661971831,0.2922077922077922,200000.0
michaja01,Unknown michaja01,2003,PHI,76,109,36,15,0.3302752293577982,0.416,305000.0
michaja01,Unknown michaja01,2004,PHI,115,299,82,42,0.27424749163879597,0.36416184971098264,335000.0
michaja01,Unknown michaja01,2005,PHI,105,289,88,44,0.3044982698961938,0.39882697947214074,825000.0
michaja01,Unknown michaja01,2006,CLE,123,494,132,43,0.26720647773279355,0.326007326007326,1500000.0
michaja01,Unknown michaja01,2007,CLE,105,267,72,20,0.2696629213483146,0.3242320819112628,2050000.0
michaja01,Unknown michaja01,2009,HOU,102,135,32,16,0.23703703703703705,0.3223684210526316,750000.0
michaja01,Unknown michaja01,2010,HOU,106,186,47,12,0.25268817204301075,0.3103448275862069,800000.0
mientdo01,Unknown mientdo01,1999,MIN,118,327,75,43,0.22935779816513763,0.324468085106383,200000.0
mientdo01,Unknown mientdo01,2001,MIN,151,543,166,67,0.30570902394106814,0.3865814696485623,215000.0
mientdo01,Unknown mientdo01,2002,MIN,143,467,122,74,0.26124197002141325,0.36462093862815886,285000.0
mientdo01,Unknown mientdo01,2003,MIN,142,487,146,74,0.2997946611909651,0.39335664335664333,1750000.0
mientdo01,Unknown mientdo01,2004,MIN,78,284,70,38,0.24647887323943662,0.34049079754601225,2800000.0
mientdo01,Unknown mientdo01,2005,NYN,87,275,66,32,0.24,0.3215434083601286,3750000.0
mientdo01,Unknown mientdo01,2006,KCA,91,314,89,35,0.28343949044585987,0.3593314763231198,1850000.0
mientdo01,Unknown mientdo01,2007,NYA,72,166,46,16,0.27710843373493976,0.34946236559139787,1500000.0
mientdo01,Unknown mientdo01,2008,PIT,125,285,79,44,0.2771929824561403,0.37425149700598803,750000.0
mieskma01,Unknown mieskma01,1994,ML4,84,259,67,21,0.25868725868725867,0.3204225352112676,113000.0
mieskma01,Unknown mieskma01,1995,ML4,117,267,67,27,0.250936329588015,0.3234323432343234,135000.0
mieskma01,Unknown mieskma01,1996,ML4,127,374,104,26,0.27807486631016043,0.3235294117647059,200000.0
mieskma01,Unknown mieskma01,1997,ML4,84,253,63,19,0.2490118577075099,0.30036630036630035,500000.0
milesaa01,Unknown milesaa01,2004,COL,134,522,153,29,0.29310344827586204,0.3291592128801431,300000.0
milesaa01,Unknown milesaa01,2005,COL,99,324,91,8,0.2808641975308642,0.3056379821958457,326000.0
milesaa01,Unknown milesaa01,2006,SLN,135,426,112,38,0.26291079812206575,0.32409381663113007,350000.0
milesaa01,Unknown milesaa01,2007,SLN,133,414,120,25,0.2898550724637681,0.32808988764044944,1000000.0
milesaa01,Unknown milesaa01,2008,SLN,134,379,120,23,0.316622691292876,0.3548387096774194,1400000.0
milesaa01,Unknown milesaa01,2009,CHN,74,157,29,8,0.18471337579617833,0.22424242424242424,2200000.0
millake01,Unknown millake01,1999,FLO,105,351,100,40,0.2849002849002849,0.3620689655172414,200000.0
millake01,Unknown millake01,2000,FLO,123,259,67,36,0.25868725868725867,0.3639344262295082,265000.0
millake01,Unknown millake01,2001,FLO,144,449,141,39,0.31403118040089084,0.37373737373737376,700000.0
millake01,Unknown millake01,2002,FLO,126,438,134,40,0.3059360730593607,0.3660531697341513,900000.0
millake01,Unknown millake01,2003,BOS,148,544,150,60,0.2757352941176471,0.3478964401294498,2000000.0
millake01,Unknown millake01,2004,BOS,150,508,151,57,0.297244094488189,0.3826530612244898,3300000.0
millake01,Unknown millake01,2005,BOS,134,449,122,54,0.2717149220489978,0.35452793834296725,3500000.0
millake01,Unknown millake01,2006,BAL,132,430,117,59,0.27209302325581397,0.37375745526838966,2100000.0
millake01,Unknown millake01,2007,BAL,140,476,121,76,0.2542016806722689,0.36476868327402134,2750000.0
millake01,Unknown millake01,2008,BAL,145,531,124,71,0.2335216572504708,0.32295081967213113,3800000.0
millake01,Unknown millake01,2009,TOR,78,251,56,31,0.22310756972111553,0.31095406360424027,850000.0
milleda02,Unknown milleda02,1998,ARI,57,168,48,11,0.2857142857142857,0.3370165745856354,177500.0
milleda02,Unknown milleda02,1999,ARI,86,296,80,19,0.2702702702702703,0.315625,240000.0
milleda02,Unknown milleda02,2000,ARI,100,324,89,36,0.27469135802469136,0.34710743801652894,300000.0
milleda02,Unknown milleda02,2001,ARI,123,380,103,35,0.2710526315789474,0.33729216152019004,1250000.0
milleda02,Unknown milleda02,2002,ARI,101,297,74,38,0.24915824915824916,0.34023668639053256,2650000.0
milleda02,Unknown milleda02,2003,CHN,114,352,82,39,0.23295454545454544,0.3104325699745547,2700000.0
milleda02,Unknown milleda02,2004,OAK,110,397,108,39,0.27204030226700254,0.3386363636363636,3000000.0
milleda02,Unknown milleda02,2005,MIL,114,385,105,37,0.2727272727272727,0.34032634032634035,3250000.0
milleda02,Unknown milleda02,2006,MIL,101,331,83,33,0.25075528700906347,0.32171581769436997,3250000.0
milleda02,Unknown milleda02,2007,MIL,58,186,44,14,0.23655913978494625,0.2961165048543689,2250000.0
milleke01,Unknown milleke01,1990,NYN,88,233,60,23,0.2575107296137339,0.3269230769230769,100000.0
milleke01,Unknown milleke01,1991,NYN,98,275,77,23,0.28,0.34539473684210525,260000.0
milleke01,Unknown milleke01,1992,KCA,106,416,118,31,0.28365384615384615,0.35205183585313177,575000.0
milleke01,Unknown milleke01,1993,KCA,37,108,18,8,0.16666666666666666,0.2288135593220339,1090000.0
millela02,Unknown millela02,2007,NYN,59,184,50,13,0.2717391304347826,0.34146341463414637,383000.0
millela02,Unknown millela02,2008,WAS,138,523,140,38,0.2676864244741874,0.32989690721649484,402500.0
millela02,Unknown millela02,2010,PIT,113,379,105,28,0.2770448548812665,0.33170731707317075,452000.0
milleor01,Unknown milleor01,1995,HOU,92,324,85,22,0.2623456790123457,0.3190883190883191,140000.0
milleor01,Unknown milleor01,1996,HOU,139,468,120,14,0.2564102564102564,0.2909090909090909,205000.0
milleor01,Unknown milleor01,1997,DET,50,111,26,5,0.23423423423423423,0.2892561983471074,337500.0
millira01,Unknown millira01,1990,BAL,109,362,96,88,0.26519337016574585,0.40789473684210525,155000.0
millira01,Unknown millira01,1991,BAL,141,483,127,84,0.2629399585921325,0.37302977232924694,330000.0
millira01,Unknown millira01,1992,BAL,137,462,111,106,0.24025974025974026,0.3830155979202773,1200000.0
millira01,Unknown millira01,1993,CIN,83,234,64,46,0.27350427350427353,0.39361702127659576,635000.0
minorda01,Unknown minorda01,2002,SFN,83,173,41,24,0.23699421965317918,0.3333333333333333,203000.0
minorry01,Unknown minorry01,1999,BAL,46,124,24,8,0.1935483870967742,0.24060150375939848,200000.0
mirabdo01,Unknown mirabdo01,2000,SFN,82,230,53,36,0.23043478260869565,0.337037037037037,215000.0
mirabdo01,Unknown mirabdo01,2002,BOS,57,151,34,17,0.2251655629139073,0.31213872832369943,650000.0
mirabdo01,Unknown mirabdo01,2003,BOS,62,163,42,11,0.25766871165644173,0.3068181818181818,805000.0
mirabdo01,Unknown mirabdo01,2004,BOS,59,160,45,19,0.28125,0.36813186813186816,825000.0
mirabdo01,Unknown mirabdo01,2005,BOS,50,136,31,14,0.22794117647058823,0.3092105263157895,1500000.0
mirabdo01,Unknown mirabdo01,2007,BOS,48,114,23,11,0.20175438596491227,0.2777777777777778,750000.0
mitchke01,Unknown mitchke01,1990,SFN,140,524,152,58,0.2900763358778626,0.3599320882852292,2083000.0
mitchke01,Unknown mitchke01,1991,SFN,113,371,95,43,0.2560646900269542,0.3380614657210402,3750000.0
mitchke01,Unknown mitchke01,1992,SEA,99,360,103,35,0.2861111111111111,0.35074626865671643,3750000.0
mitchke01,Unknown mitchke01,1993,CIN,93,323,110,25,0.34055727554179566,0.38526912181303113,3750000.0
mitchke01,Unknown mitchke01,1994,CIN,95,310,101,59,0.3258064516129032,0.42894736842105263,3750000.0
mitchke01,Unknown mitchke01,1998,OAK,51,127,29,9,0.2283464566929134,0.27941176470588236,225000.0
mitchke02,Unknown mitchke02,1994,SEA,46,128,29,18,0.2265625,0.32432432432432434,125000.0
moellch01,Unknown moellch01,2002,ARI,37,105,30,17,0.2857142857142857,0.38524590163934425,215000.0
moellch01,Unknown moellch01,2003,ARI,78,239,64,23,0.26778242677824265,0.33458646616541354,300000.0
moellch01,Unknown moellch01,2004,MIL,101,317,66,21,0.2082018927444795,0.2653061224489796,370000.0
moellch01,Unknown moellch01,2005,MIL,66,199,41,13,0.20603015075376885,0.2570093457943925,700000.0
mohrdu01,Unknown mohrdu01,2002,MIN,120,383,103,31,0.2689295039164491,0.3253012048192771,200000.0
mohrdu01,Unknown mohrdu01,2003,MIN,121,348,87,33,0.25,0.3142857142857143,315000.0
mohrdu01,Unknown mohrdu01,2004,SFN,117,263,72,46,0.2737642585551331,0.39375,342500.0
mohrdu01,Unknown mohrdu01,2005,COL,98,266,57,23,0.21428571428571427,0.27986348122866894,950000.0
molinbe01,Unknown molinbe01,1999,ANA,31,101,26,6,0.25742574257425743,0.3119266055045872,200000.0
molinbe01,Unknown molinbe01,2000,ANA,130,473,133,23,0.28118393234672306,0.3182711198428291,210000.0
molinbe01,Unknown molinbe01,2001,ANA,96,325,85,16,0.26153846153846155,0.3087818696883853,350000.0
molinbe01,Unknown molinbe01,2002,ANA,122,428,105,15,0.24532710280373832,0.2737306843267108,350000.0
molinbe01,Unknown molinbe01,2003,ANA,119,409,115,13,0.28117359413202936,0.3037383177570093,1425000.0
molinbe01,Unknown molinbe01,2004,ANA,97,337,93,18,0.27596439169139464,0.31301939058171746,2025000.0
molinbe01,Unknown molinbe01,2005,LAA,119,410,121,27,0.2951219512195122,0.3355855855855856,3000000.0
molinbe01,Unknown molinbe01,2006,TOR,117,433,123,19,0.2840646651270208,0.31877729257641924,4500000.0
molinbe01,Unknown molinbe01,2007,SFN,134,497,137,15,0.27565392354124746,0.29844961240310075,4000000.0
molinbe01,Unknown molinbe01,2008,SFN,145,530,155,19,0.29245283018867924,0.3216168717047452,6250000.0
molinbe01,Unknown molinbe01,2009,SFN,132,491,130,13,0.26476578411405294,0.2846153846153846,6500000.0
molinbe01,Unknown molinbe01,2010,SFN,61,202,52,14,0.25742574257425743,0.31221719457013575,4500000.0
moliniz01,Unknown moliniz01,1997,OAK,48,111,22,3,0.1981981981981982,0.21929824561403508,152000.0
molinjo01,Unknown molinjo01,2003,ANA,53,114,21,1,0.18421052631578946,0.21008403361344538,320000.0
molinjo01,Unknown molinjo01,2004,ANA,73,203,53,10,0.26108374384236455,0.29577464788732394,335000.0
molinjo01,Unknown molinjo01,2005,LAA,75,184,42,13,0.22826086956521738,0.2864321608040201,725000.0
molinjo01,Unknown molinjo01,2006,LAA,78,225,54,9,0.24,0.27310924369747897,850000.0
molinjo01,Unknown molinjo01,2007,LAA,40,125,28,3,0.224,0.2421875,1350000.0
molinjo01,Unknown molinjo01,2008,NYA,100,268,58,12,0.21641791044776118,0.2629757785467128,1875000.0
molinjo01,Unknown molinjo01,2009,NYA,52,138,30,14,0.21739130434782608,0.2922077922077922,2125000.0
molinjo01,Unknown molinjo01,2010,TOR,57,167,41,9,0.24550898203592814,0.30386740331491713,800000.0
molinya01,Unknown molinya01,2005,SLN,114,385,97,23,0.2519480519480519,0.29539951573849876,323500.0
molinya01,Unknown molinya01,2006,SLN,129,417,90,26,0.2158273381294964,0.2737306843267108,400000.0
molinya01,Unknown molinya01,2007,SLN,111,353,97,34,0.2747875354107649,0.3401015228426396,525000.0
molinya01,Unknown molinya01,2008,SLN,124,444,135,32,0.30405405405405406,0.34854771784232363,1812500.0
molinya01,Unknown molinya01,2009,SLN,140,481,141,50,0.29313929313929316,0.36617100371747213,3312500.0
molinya01,Unknown molinya01,2010,SLN,136,465,122,42,0.2623655913978495,0.32947976878612717,4312500.0
molitpa01,Unknown molitpa01,1990,ML4,103,418,119,37,0.284688995215311,0.34279475982532753,2600000.0
molitpa01,Unknown molitpa01,1991,ML4,158,665,216,77,0.324812030075188,0.3991989319092123,3243333.0
molitpa01,Unknown molitpa01,1992,ML4,158,609,195,73,0.32019704433497537,0.38936781609195403,3453333.0
molitpa01,Unknown molitpa01,1993,TOR,160,636,211,77,0.33176100628930816,0.40193370165745856,3650000.0
molitpa01,Unknown molitpa01,1994,TOR,115,454,155,55,0.34140969162995594,0.4097087378640777,4025000.0
molitpa01,Unknown molitpa01,1995,TOR,130,525,142,61,0.2704761904761905,0.3495798319327731,4500000.0
molitpa01,Unknown molitpa01,1996,MIN,161,660,225,56,0.3409090909090909,0.3901098901098901,2025000.0
molitpa01,Unknown molitpa01,1997,MIN,135,538,164,45,0.3048327137546468,0.35126050420168065,3500000.0
molitpa01,Unknown molitpa01,1998,MIN,126,502,141,45,0.28087649402390436,0.33512544802867383,4250000.0
monahsh01,Unknown monahsh01,1998,SEA,62,211,51,8,0.24170616113744076,0.2694063926940639,170000.0
mondera01,Unknown mondera01,1994,LAN,112,434,133,16,0.3064516129032258,0.33259911894273125,126000.0
mondera01,Unknown mondera01,1995,LAN,139,536,153,33,0.28544776119402987,0.3275862068965517,435000.0
mondera01,Unknown mondera01,1996,LAN,157,634,188,32,0.29652996845425866,0.3343239227340267,950000.0
mondera01,Unknown mondera01,1997,LAN,159,616,191,44,0.31006493506493504,0.3602391629297459,2700000.0
mondera01,Unknown mondera01,1998,LAN,148,580,162,30,0.2793103448275862,0.3160453808752026,5500000.0
mondera01,Unknown mondera01,1999,LAN,159,601,152,71,0.2529118136439268,0.3323529411764706,9000000.0
mondera01,Unknown mondera01,2000,TOR,96,388,105,32,0.2706185567010309,0.3286384976525822,10000000.0
mondera01,Unknown mondera01,2001,TOR,149,572,144,73,0.2517482517482518,0.34150076569678406,11500000.0
mondera01,Unknown mondera01,2002,TOR,75,299,67,31,0.22408026755852842,0.30149253731343284,11000000.0
mondera01,Unknown mondera01,2003,NYA,98,361,93,38,0.25761772853185594,0.33002481389578164,13000000.0
mondera01,Unknown mondera01,2005,ATL,41,142,30,12,0.2112676056338028,0.2709677419354839,1000000.0
monrocr01,Unknown monrocr01,2004,DET,128,447,131,29,0.2930648769574944,0.3367983367983368,335000.0
monrocr01,Unknown monrocr01,2005,DET,157,567,157,40,0.2768959435626102,0.3215434083601286,400000.0
monrocr01,Unknown monrocr01,2006,DET,147,541,138,37,0.25508317929759705,0.30085470085470084,2800000.0
monrocr01,Unknown monrocr01,2007,DET,99,343,76,20,0.22157434402332363,0.2641509433962264,4775000.0
monrocr01,Unknown monrocr01,2008,MIN,58,163,33,16,0.20245398773006135,0.2737430167597765,3820000.0
montemi01,Unknown montemi01,2007,ARI,84,214,48,20,0.22429906542056074,0.29218106995884774,380000.0
montemi01,Unknown montemi01,2008,ARI,70,184,47,19,0.2554347826086957,0.3300970873786408,400500.0
montemi01,Unknown montemi01,2009,ARI,128,425,125,38,0.29411764705882354,0.3547008547008547,425000.0
montemi01,Unknown montemi01,2010,ARI,85,297,79,29,0.265993265993266,0.3323262839879154,2000000.0
mooread01,Unknown mooread01,2010,SEA,60,205,40,8,0.1951219512195122,0.2304147465437788,401000.0
moraljo02,Unknown moraljo02,2009,MIN,54,119,37,14,0.31092436974789917,0.3805970149253731,400000.0
moralke01,Unknown moralke01,2009,LAA,152,566,173,46,0.30565371024734983,0.3553054662379421,1100000.0
moralke01,Unknown moralke01,2010,LAA,51,193,56,12,0.29015544041450775,0.3459715639810427,1200000.0
morame01,Unknown morame01,2000,NYN,79,215,56,18,0.26046511627906976,0.31666666666666665,210000.0
morame01,Unknown morame01,2001,BAL,128,436,109,41,0.25,0.3293172690763052,270000.0
morame01,Unknown morame01,2002,BAL,149,557,130,70,0.2333931777378815,0.3379416282642089,350000.0
morame01,Unknown morame01,2003,BAL,96,344,109,49,0.3168604651162791,0.4176904176904177,1725000.0
morame01,Unknown morame01,2004,BAL,140,550,187,66,0.34,0.41904761904761906,2333333.0
morame01,Unknown morame01,2005,BAL,149,593,168,50,0.28330522765598654,0.3475609756097561,3833333.0
morame01,Unknown morame01,2006,BAL,155,624,171,54,0.27403846153846156,0.3419170243204578,4333334.0
morame01,Unknown morame01,2007,BAL,126,467,128,47,0.2740899357601713,0.34099616858237547,7758503.0
morame01,Unknown morame01,2008,BAL,135,513,146,37,0.28460038986354774,0.3421516754850088,7826914.0
morame01,Unknown morame01,2009,BAL,125,450,117,34,0.26,0.3212121212121212,8000000.0
morame01,Unknown morame01,2010,COL,113,316,90,31,0.2848101265822785,0.35795454545454547,1275000.0
moranmi01,Unknown moranmi01,1992,PHI,127,422,112,25,0.26540284360189575,0.3051224944320713,180000.0
moranmi01,Unknown moranmi01,1993,PHI,120,425,105,34,0.24705882352941178,0.3090128755364807,300000.0
moranmi01,Unknown moranmi01,1994,PHI,87,274,80,34,0.291970802919708,0.3782051282051282,750000.0
moranmi01,Unknown moranmi01,1995,PHI,127,494,140,42,0.2834008097165992,0.3498168498168498,1025000.0
moranmi01,Unknown moranmi01,1996,PHI,140,539,135,49,0.2504638218923933,0.3211314475873544,1900000.0
moranmi01,Unknown moranmi01,1997,PHI,150,553,163,62,0.29475587703435807,0.37101910828025475,1850000.0
moranmi01,Unknown moranmi01,1998,CHN,154,582,172,72,0.29553264604810997,0.3804511278195489,2000000.0
moranmi01,Unknown moranmi01,1999,CHN,144,456,110,48,0.2412280701754386,0.31906614785992216,2000000.0
moranmi01,Unknown moranmi01,2000,PHI,91,302,76,29,0.25165562913907286,0.3244047619047619,750000.0
mordemi01,Unknown mordemi01,1996,ATL,66,108,26,9,0.24074074074074073,0.2966101694915254,135000.0
mordemi01,Unknown mordemi01,1998,MON,73,119,24,9,0.20168067226890757,0.2578125,250000.0
mordemi01,Unknown mordemi01,1999,MON,109,226,53,20,0.2345132743362832,0.2971887550200803,325000.0
mordemi01,Unknown mordemi01,2000,MON,86,169,48,12,0.28402366863905326,0.33516483516483514,350000.0
mordemi01,Unknown mordemi01,2001,MON,96,254,71,19,0.2795275590551181,0.32971014492753625,375000.0
morgany01,Unknown morgany01,2008,PIT,58,160,47,10,0.29375,0.3448275862068966,391000.0
morgany01,Unknown morgany01,2009,PIT,71,278,77,29,0.27697841726618705,0.3512658227848101,411500.0
morgany01,Unknown morgany01,2010,WAS,136,509,129,40,0.25343811394891946,0.3185053380782918,426500.0
morneju01,Unknown morneju01,2005,MIN,141,490,117,44,0.23877551020408164,0.30386740331491713,345000.0
morneju01,Unknown morneju01,2006,MIN,157,592,190,53,0.32094594594594594,0.3751891074130106,385000.0
morneju01,Unknown morneju01,2007,MIN,157,590,160,64,0.2711864406779661,0.34281437125748504,4500000.0
morneju01,Unknown morneju01,2008,MIN,163,623,187,76,0.3001605136436597,0.37359550561797755,8400000.0
morneju01,Unknown morneju01,2009,MIN,135,508,139,72,0.2736220472440945,0.36271186440677966,11600000.0
morneju01,Unknown morneju01,2010,MIN,81,296,102,50,0.34459459459459457,0.4367816091954023,15000000.0
morriha02,Unknown morriha02,1990,CIN,107,309,105,21,0.33980582524271846,0.3813813813813814,114500.0
morriha02,Unknown morriha02,1991,CIN,136,478,152,46,0.3179916317991632,0.37406015037593987,180000.0
morriha02,Unknown morriha02,1992,CIN,115,395,107,45,0.2708860759493671,0.34684684684684686,430000.0
morriha02,Unknown morriha02,1993,CIN,101,379,120,34,0.316622691292876,0.37054631828978624,1275000.0
morriha02,Unknown morriha02,1994,CIN,112,436,146,34,0.3348623853211009,0.38461538461538464,2150000.0
morriha02,Unknown morriha02,1995,CIN,101,359,100,29,0.2785515320334262,0.3333333333333333,3300000.0
morriha02,Unknown morriha02,1996,CIN,142,528,165,50,0.3125,0.3735144312393888,1600000.0
morriha02,Unknown morriha02,1997,CIN,96,333,92,23,0.27627627627627627,0.3277777777777778,3100000.0
morriha02,Unknown morriha02,1998,KCA,127,472,146,32,0.3093220338983051,0.349609375,1400000.0
morriha02,Unknown morriha02,1999,CIN,80,102,29,10,0.28431372549019607,0.3482142857142857,450000.0
morriwa02,Unknown morriwa02,1999,PIT,147,511,147,59,0.2876712328767123,0.36048526863084923,200000.0
morriwa02,Unknown morriwa02,2000,PIT,144,528,137,65,0.25946969696969696,0.3411371237458194,300000.0
morsemi01,Unknown morsemi01,2010,WAS,98,266,77,22,0.2894736842105263,0.3515358361774744,410000.0
mosebll01,Unknown mosebll01,1990,DET,122,431,107,48,0.2482598607888631,0.3292181069958848,1400000.0
mosebll01,Unknown mosebll01,1991,DET,74,260,68,21,0.26153846153846155,0.3205574912891986,1600000.0
mosesjo01,Unknown mosesjo01,1990,MIN,115,172,38,19,0.22093023255813954,0.30256410256410254,395000.0
mossbr01,Unknown mossbr01,2009,PIT,133,385,91,34,0.23636363636363636,0.30424528301886794,414500.0
moutoja01,Unknown moutoja01,1994,HOU,99,310,76,27,0.24516129032258063,0.31486880466472306,109000.0
moutoja01,Unknown moutoja01,1995,HOU,104,298,78,25,0.26174496644295303,0.32621951219512196,145000.0
moutoja01,Unknown moutoja01,1996,HOU,122,300,79,38,0.2633333333333333,0.34310850439882695,196000.0
moutoja01,Unknown moutoja01,1997,HOU,86,180,38,18,0.2111111111111111,0.2871287128712871,415000.0
moutoja01,Unknown moutoja01,1999,MON,95,122,32,18,0.26229508196721313,0.36363636363636365,250000.0
moutoja01,Unknown moutoja01,2000,MIL,87,159,37,30,0.23270440251572327,0.3626943005181347,260000.0
moutoja01,Unknown moutoja01,2001,MIL,75,138,34,11,0.2463768115942029,0.32903225806451614,300000.0
moutoly01,Unknown moutoly01,1995,CHA,58,179,54,19,0.3016759776536313,0.373134328358209,109000.0
moutoly01,Unknown moutoly01,1996,CHA,87,214,63,22,0.29439252336448596,0.36099585062240663,135000.0
moutoly01,Unknown moutoly01,1997,CHA,88,242,65,14,0.26859504132231404,0.3076923076923077,225000.0
muellbi02,Unknown muellbi02,1997,SFN,128,390,114,48,0.2923076923076923,0.3691275167785235,160000.0
muellbi02,Unknown muellbi02,1998,SFN,145,534,157,79,0.2940074906367041,0.38287560581583197,300000.0
muellbi02,Unknown muellbi02,1999,SFN,116,414,120,65,0.2898550724637681,0.3884297520661157,525000.0
muellbi02,Unknown muellbi02,2000,SFN,153,560,150,52,0.26785714285714285,0.3333333333333333,1325000.0
muellbi02,Unknown muellbi02,2001,CHN,70,210,62,37,0.29523809523809524,0.4031620553359684,2750000.0
muellbi02,Unknown muellbi02,2002,CHN,103,353,94,51,0.26628895184135976,0.3545232273838631,3450000.0
muellbi02,Unknown muellbi02,2003,BOS,146,524,171,59,0.32633587786259544,0.3976510067114094,2100000.0
muellbi02,Unknown muellbi02,2004,BOS,110,399,113,51,0.2832080200501253,0.3652173913043478,2100000.0
muellbi02,Unknown muellbi02,2005,BOS,150,519,153,59,0.2947976878612717,0.3694915254237288,2500000.0
muellbi02,Unknown muellbi02,2006,LAN,32,107,27,17,0.2523364485981308,0.35714285714285715,4569443.0
mullira01,Unknown mullira01,1991,TOR,97,240,60,44,0.25,0.36363636363636365,725000.0
munozpe01,Unknown munozpe01,1992,MIN,127,418,113,17,0.2703349282296651,0.2984054669703872,155000.0
munozpe01,Unknown munozpe01,1993,MIN,104,326,76,25,0.2331288343558282,0.2937853107344633,253600.0
munozpe01,Unknown munozpe01,1994,MIN,75,244,72,19,0.29508196721311475,0.34831460674157305,590000.0
munozpe01,Unknown munozpe01,1995,MIN,104,376,113,19,0.300531914893617,0.3375,725000.0
munozpe01,Unknown munozpe01,1996,OAK,34,121,31,9,0.256198347107438,0.3076923076923077,595000.0
munsoer01,Unknown munsoer01,2003,DET,99,313,75,35,0.23961661341853036,0.31179775280898875,1700000.0
munsoer01,Unknown munsoer01,2004,DET,109,321,68,29,0.2118380062305296,0.2893258426966292,1487500.0
munsoer01,Unknown munsoer01,2006,HOU,53,141,28,11,0.19858156028368795,0.2692307692307692,350000.0
murphda05,Unknown murphda05,1990,ATL,97,349,81,41,0.23209169054441262,0.31218274111675126,2000000.0
murphda05,Unknown murphda05,1991,PHI,153,544,137,48,0.25183823529411764,0.3088480801335559,2500000.0
murphda07,Unknown murphda07,2008,TEX,108,415,114,31,0.2746987951807229,0.32079646017699115,393000.0
murphda07,Unknown murphda07,2009,TEX,128,432,116,49,0.26851851851851855,0.3380855397148676,414820.0
murphda07,Unknown murphda07,2010,TEX,138,419,122,45,0.2911694510739857,0.3576017130620985,427670.0
murphda08,Unknown murphda08,2009,NYN,155,508,135,38,0.265748031496063,0.3134057971014493,401000.0
murphdo01,Unknown murphdo01,2008,OAK,46,103,19,11,0.18446601941747573,0.27350427350427353,400000.0
murraca01,Unknown murraca01,2000,SFN,108,194,47,29,0.2422680412371134,0.34801762114537443,202000.0
murraca01,Unknown murraca01,2001,SFN,106,326,80,32,0.24539877300613497,0.3185595567867036,222500.0
murraed02,Unknown murraed02,1990,LAN,155,558,184,82,0.32974910394265233,0.413953488372093,2513703.0
murraed02,Unknown murraed02,1991,LAN,153,576,150,55,0.2604166666666667,0.3208137715179969,2628164.0
murraed02,Unknown murraed02,1992,NYN,156,551,144,66,0.2613430127041742,0.336,4125000.0
murraed02,Unknown murraed02,1993,NYN,154,610,174,40,0.28524590163934427,0.32473444613050073,3375000.0
murraed02,Unknown murraed02,1994,CLE,108,433,110,31,0.2540415704387991,0.3019271948608137,3000000.0
murraed02,Unknown murraed02,1995,CLE,113,436,141,39,0.32339449541284404,0.375,3000000.0
murraed02,Unknown murraed02,1996,CLE,88,336,88,34,0.2619047619047619,0.32620320855614976,2000000.0
murraed02,Unknown murraed02,1997,ANA,46,160,35,13,0.21875,0.2727272727272727,750000.0
murtoma01,Unknown murtoma01,2006,CHN,144,455,135,45,0.2967032967032967,0.36489151873767256,337000.0
murtoma01,Unknown murtoma01,2007,CHN,94,235,66,26,0.28085106382978725,0.3524904214559387,415000.0
myersgr01,Unknown myersgr01,1990,TOR,87,250,59,22,0.236,0.29347826086956524,105000.0
myersgr01,Unknown myersgr01,1991,TOR,107,309,81,21,0.2621359223300971,0.3063063063063063,160000.0
myersgr01,Unknown myersgr01,1993,CAL,108,290,74,17,0.25517241379310346,0.2980769230769231,525000.0
myersgr01,Unknown myersgr01,1994,CAL,45,126,31,10,0.24603174603174602,0.29927007299270075,700000.0
myersgr01,Unknown myersgr01,1995,CAL,85,273,71,17,0.2600732600732601,0.3037542662116041,851668.0
myersgr01,Unknown myersgr01,1996,MIN,97,329,94,19,0.2857142857142857,0.32011331444759206,475000.0
myersgr01,Unknown myersgr01,1997,MIN,62,165,44,16,0.26666666666666666,0.32786885245901637,575000.0
myersgr01,Unknown myersgr01,1998,SDN,69,171,42,17,0.24561403508771928,0.31216931216931215,750000.0
myersgr01,Unknown myersgr01,1999,SDN,50,128,37,13,0.2890625,0.3546099290780142,850000.0
myersgr01,Unknown myersgr01,2000,BAL,43,125,28,8,0.224,0.2706766917293233,1200000.0
myersgr01,Unknown myersgr01,2002,OAK,65,144,32,26,0.2222222222222222,0.3411764705882353,800000.0
myersgr01,Unknown myersgr01,2003,TOR,121,329,101,37,0.3069908814589666,0.37398373983739835,800000.0
myersro02,Unknown myersro02,1997,KCA,31,101,26,17,0.25742574257425743,0.3697478991596639,155000.0
nadyxa01,Unknown nadyxa01,2003,SDN,110,371,99,24,0.2668463611859838,0.3208955223880597,750000.0
nadyxa01,Unknown nadyxa01,2005,SDN,124,326,85,22,0.2607361963190184,0.3211267605633803,488000.0
nadyxa01,Unknown nadyxa01,2006,NYN,75,265,70,19,0.2641509433962264,0.32646048109965636,427000.0
nadyxa01,Unknown nadyxa01,2007,PIT,125,431,120,23,0.27842227378190254,0.32978723404255317,2150000.0
nadyxa01,Unknown nadyxa01,2008,PIT,89,327,108,25,0.3302752293577982,0.38333333333333336,3350000.0
nadyxa01,Unknown nadyxa01,2010,CHN,119,317,81,17,0.2555205047318612,0.3063583815028902,3300000.0
naehrti01,Unknown naehrti01,1992,BOS,72,186,43,18,0.23118279569892472,0.3076923076923077,145000.0
naehrti01,Unknown naehrti01,1993,BOS,39,127,42,10,0.33070866141732286,0.37681159420289856,200000.0
naehrti01,Unknown naehrti01,1994,BOS,80,297,82,30,0.2760942760942761,0.3493975903614458,300000.0
naehrti01,Unknown naehrti01,1995,BOS,126,433,133,77,0.3071593533487298,0.41472868217054265,642500.0
naehrti01,Unknown naehrti01,1996,BOS,116,430,124,49,0.28837209302325584,0.36344969199178645,1200000.0
naehrti01,Unknown naehrti01,1997,BOS,70,259,74,38,0.2857142857142857,0.3754152823920266,2700000.0
napolmi01,Unknown napolmi01,2007,LAA,75,219,54,33,0.2465753424657534,0.3511450381679389,395000.0
napolmi01,Unknown napolmi01,2008,LAA,78,227,62,35,0.27312775330396477,0.37362637362637363,425000.0
napolmi01,Unknown napolmi01,2009,LAA,114,382,104,40,0.27225130890052357,0.34953703703703703,2000000.0
napolmi01,Unknown napolmi01,2010,LAA,140,453,108,42,0.23841059602649006,0.3156862745098039,3600000.0
natalro01,Unknown natalro01,1993,FLO,41,117,25,6,0.21367521367521367,0.2734375,118000.0
navardi01,Unknown navardi01,2007,TBA,119,388,88,33,0.2268041237113402,0.2857142857142857,399800.0
navardi01,Unknown navardi01,2008,TBA,120,427,126,34,0.29508196721311475,0.3490364025695932,412500.0
navardi01,Unknown navardi01,2009,TBA,115,376,82,18,0.21808510638297873,0.26119402985074625,2100000.0
navardi01,Unknown navardi01,2010,TBA,48,124,24,12,0.1935483870967742,0.27007299270072993,2100000.0
neeltr01,Unknown neeltr01,1993,OAK,123,427,124,49,0.2903981264637002,0.36721991701244816,120000.0
neeltr01,Unknown neeltr01,1994,OAK,83,278,74,38,0.26618705035971224,0.3573667711598746,225000.0
nevinph01,Unknown nevinph01,1996,DET,38,120,35,8,0.2916666666666667,0.3384615384615385,120000.0
nevinph01,Unknown nevinph01,1997,DET,93,251,59,25,0.2350597609561753,0.3057553956834532,178000.0
nevinph01,Unknown nevinph01,1998,ANA,75,237,54,17,0.22784810126582278,0.29118773946360155,210000.0
nevinph01,Unknown nevinph01,1999,SDN,128,383,103,51,0.2689295039164491,0.3522727272727273,265000.0
nevinph01,Unknown nevinph01,2000,SDN,143,538,163,59,0.30297397769516726,0.37355371900826445,875000.0
nevinph01,Unknown nevinph01,2001,SDN,149,546,167,71,0.3058608058608059,0.38782051282051283,1625000.0
nevinph01,Unknown nevinph01,2002,SDN,107,407,116,38,0.28501228501228504,0.34444444444444444,2600000.0
nevinph01,Unknown nevinph01,2003,SDN,59,226,63,21,0.27876106194690264,0.3387096774193548,5000000.0
nevinph01,Unknown nevinph01,2004,SDN,147,547,158,66,0.28884826325411334,0.36757624398073835,8500000.0
nevinph01,Unknown nevinph01,2005,SDN,73,281,72,19,0.25622775800711745,0.3006535947712418,9625000.0
nevinph01,Unknown nevinph01,2006,TEX,46,176,38,21,0.2159090909090909,0.3065326633165829,10472409.0
newfima01,Unknown newfima01,1996,SDN,84,191,48,16,0.2513089005235602,0.3113207547169811,142500.0
newfima01,Unknown newfima01,1997,ML4,50,157,36,14,0.22929936305732485,0.29545454545454547,225000.0
newfima01,Unknown newfima01,1998,MIL,93,186,44,19,0.23655913978494625,0.3062200956937799,318750.0
newhada01,Unknown newhada01,2005,BAL,96,218,44,22,0.2018348623853211,0.2786885245901639,365000.0
newhada01,Unknown newhada01,2006,BAL,39,131,33,7,0.25190839694656486,0.2937062937062937,550000.0
newmaal01,Unknown newmaal01,1990,MIN,144,388,94,33,0.2422680412371134,0.3035294117647059,350000.0
newmaal01,Unknown newmaal01,1991,MIN,118,246,47,23,0.1910569105691057,0.2600732600732601,450000.0
newmaal01,Unknown newmaal01,1992,TEX,116,246,54,34,0.21951219512195122,0.3167259786476868,260000.0
newsowa01,Unknown newsowa01,1991,CHA,71,132,39,28,0.29545454545454547,0.41875,100000.0
newsowa01,Unknown newsowa01,1992,CHA,63,136,30,37,0.22058823529411764,0.3872832369942196,135000.0
newsowa01,Unknown newsowa01,1994,CHA,63,102,26,14,0.2549019607843137,0.3448275862068966,175000.0
newsowa01,Unknown newsowa01,1996,TEX,91,235,60,37,0.2553191489361702,0.3553113553113553,250000.0
newsowa01,Unknown newsowa01,1997,TEX,81,169,36,31,0.21301775147928995,0.3333333333333333,375000.0
niekrla01,Unknown niekrla01,2006,SFN,66,199,49,11,0.24623115577889448,0.2857142857142857,345000.0
nievejo01,Unknown nievejo01,1999,CHN,54,181,45,8,0.24861878453038674,0.29081632653061223,201500.0
nievejo01,Unknown nievejo01,2000,CHN,82,198,42,11,0.21212121212121213,0.25118483412322273,217500.0
nieveme01,Unknown nieveme01,1995,SDN,98,234,48,19,0.20512820512820512,0.27586206896551724,125000.0
nieveme01,Unknown nieveme01,1996,DET,120,431,106,44,0.2459396751740139,0.32231404958677684,170000.0
nieveme01,Unknown nieveme01,1997,DET,116,359,82,39,0.22841225626740946,0.3111111111111111,335000.0
nieveme01,Unknown nieveme01,1998,CIN,83,119,30,26,0.25210084033613445,0.38095238095238093,820000.0
nievewi01,Unknown nievewi01,2009,WAS,72,224,58,17,0.25892857142857145,0.3132530120481928,445000.0
nievewi01,Unknown nievewi01,2010,WAS,59,158,32,8,0.20253164556962025,0.24404761904761904,700000.0
nilssda01,Unknown nilssda01,1993,ML4,100,296,76,37,0.25675675675675674,0.33630952380952384,122500.0
nilssda01,Unknown nilssda01,1994,ML4,109,397,109,34,0.27455919395465994,0.32574031890660593,182500.0
nilssda01,Unknown nilssda01,1995,ML4,81,263,73,24,0.27756653992395436,0.336734693877551,290000.0
nilssda01,Unknown nilssda01,1996,ML4,123,453,150,57,0.33112582781456956,0.4069767441860465,1075000.0
nilssda01,Unknown nilssda01,1997,ML4,156,554,154,65,0.2779783393501805,0.3519108280254777,2700000.0
nilssda01,Unknown nilssda01,1998,MIL,102,309,83,33,0.2686084142394822,0.3391304347826087,3700000.0
nilssda01,Unknown nilssda01,1999,MIL,115,343,106,53,0.30903790087463556,0.40049751243781095,5694133.0
nixja01,Unknown nixja01,2009,CHA,94,255,57,28,0.2235294117647059,0.3079584775086505,400000.0
nixla01,Unknown nixla01,2004,TEX,115,371,92,23,0.24797843665768193,0.2932330827067669,300000.0
nixonot01,Unknown nixonot01,1990,MON,119,231,58,28,0.2510822510822511,0.33076923076923076,315000.0
nixonot01,Unknown nixonot01,1992,ATL,120,456,134,39,0.29385964912280704,0.34808853118712274,1810000.0
nixonot01,Unknown nixonot01,1993,ATL,134,461,124,61,0.26898047722342733,0.3510436432637571,2815000.0
nixonot01,Unknown nixonot01,1994,BOS,103,398,109,55,0.27386934673366836,0.36043956043956044,3250000.0
nixonot01,Unknown nixonot01,1995,TEX,139,589,174,58,0.29541595925297115,0.3569230769230769,3150000.0
nixonot01,Unknown nixonot01,1996,TOR,125,496,142,71,0.2862903225806452,0.3767605633802817,1900000.0
nixonot01,Unknown nixonot01,1997,TOR,103,401,105,52,0.26184538653366585,0.34279475982532753,2500000.0
nixonot01,Unknown nixonot01,1998,MIN,110,448,133,44,0.296875,0.36088709677419356,2000000.0
nixonot01,Unknown nixonot01,1999,ATL,84,151,31,23,0.2052980132450331,0.30857142857142855,1500000.0
nixontr01,Unknown nixontr01,1999,BOS,124,381,103,53,0.27034120734908135,0.35730337078651686,200000.0
nixontr01,Unknown nixontr01,2000,BOS,123,427,118,63,0.27634660421545665,0.3682092555331992,270000.0
nixontr01,Unknown nixontr01,2001,BOS,148,535,150,79,0.2803738317757009,0.3763955342902711,390000.0
nixontr01,Unknown nixontr01,2002,BOS,152,532,136,65,0.2556390977443609,0.33825944170771755,2700000.0
nixontr01,Unknown nixontr01,2003,BOS,134,441,135,65,0.30612244897959184,0.396484375,4000000.0
nixontr01,Unknown nixontr01,2004,BOS,48,149,47,15,0.31543624161073824,0.3772455089820359,4500000.0
nixontr01,Unknown nixontr01,2005,BOS,124,408,112,53,0.27450980392156865,0.3574468085106383,7500000.0
nixontr01,Unknown nixontr01,2006,BOS,114,381,102,60,0.2677165354330709,0.3730684326710817,7500000.0
nixontr01,Unknown nixontr01,2007,CLE,99,307,77,44,0.250814332247557,0.3418079096045198,3000000.0
noboaju01,Unknown noboaju01,1990,MON,81,158,42,7,0.26582278481012656,0.29411764705882354,100000.0
nokesma01,Unknown nokesma01,1990,DET,44,111,30,4,0.2702702702702703,0.3050847457627119,650000.0
nokesma01,Unknown nokesma01,1991,NYA,135,456,122,25,0.2675438596491228,0.30831643002028397,887500.0
nokesma01,Unknown nokesma01,1992,NYA,121,384,86,37,0.22395833333333334,0.2930232558139535,2500000.0
nokesma01,Unknown nokesma01,1993,NYA,76,217,54,16,0.2488479262672811,0.3025210084033613,2500000.0
nortogr01,Unknown nortogr01,1998,CHA,105,299,71,26,0.23745819397993312,0.3009118541033435,180000.0
nortogr01,Unknown nortogr01,1999,CHA,132,436,111,69,0.2545871559633027,0.3575638506876228,255000.0
nortogr01,Unknown nortogr01,2000,CHA,71,201,49,26,0.24378109452736318,0.3333333333333333,285000.0
nortogr01,Unknown nortogr01,2001,COL,117,225,60,19,0.26666666666666666,0.32113821138211385,450000.0
nortogr01,Unknown nortogr01,2002,COL,113,168,37,24,0.22023809523809523,0.31443298969072164,525000.0
nortogr01,Unknown nortogr01,2003,COL,114,179,47,16,0.26256983240223464,0.3248730964467005,600000.0
nortogr01,Unknown nortogr01,2007,TBA,75,202,49,37,0.24257425742574257,0.35833333333333334,800000.0
nunezab01,Unknown nunezab01,1999,PIT,90,259,57,28,0.22007722007722008,0.2986111111111111,210000.0
nunezab01,Unknown nunezab01,2001,PIT,115,301,79,28,0.26245847176079734,0.32628398791540786,275000.0
nunezab01,Unknown nunezab01,2002,PIT,112,253,59,27,0.233201581027668,0.31095406360424027,200000.0
nunezab01,Unknown nunezab01,2003,PIT,118,311,77,26,0.24758842443729903,0.30994152046783624,675000.0
nunezab01,Unknown nunezab01,2004,PIT,112,182,43,10,0.23626373626373626,0.27461139896373055,625000.0
nunezab01,Unknown nunezab01,2006,PHI,123,322,68,41,0.2111801242236025,0.30327868852459017,1125000.0
nunezab01,Unknown nunezab01,2007,PHI,136,252,59,30,0.23412698412698413,0.31802120141342755,1925000.0
nunnajo01,Unknown nunnajo01,1995,KCA,119,303,74,51,0.24422442244224424,0.35674157303370785,109000.0
nunnajo01,Unknown nunnajo01,1997,CIN,65,201,64,26,0.31840796019900497,0.4,190000.0
nunnajo01,Unknown nunnajo01,1998,CIN,74,174,36,34,0.20689655172413793,0.33490566037735847,245000.0
obandsh01,Unknown obandsh01,1996,MON,89,178,44,22,0.24719101123595505,0.3316831683168317,165000.0
oberkke01,Unknown oberkke01,1990,HOU,77,150,31,15,0.20666666666666667,0.281437125748503,625000.0
obriech01,Unknown obriech01,1990,ML4,46,145,27,11,0.18620689655172415,0.25316455696202533,150000.0
obriech01,Unknown obriech01,1991,NYN,69,168,31,17,0.18452380952380953,0.27225130890052357,300000.0
obriech01,Unknown obriech01,1992,NYN,68,156,33,16,0.21153846153846154,0.28901734104046245,370000.0
obriech01,Unknown obriech01,1993,NYN,67,188,48,14,0.2553191489361702,0.3121951219512195,500000.0
obriech01,Unknown obriech01,1994,ATL,51,152,37,15,0.24342105263157895,0.3216374269005848,550000.0
obriech01,Unknown obriech01,1995,ATL,67,198,45,29,0.22727272727272727,0.34334763948497854,550000.0
obriech01,Unknown obriech01,1996,TOR,109,324,77,29,0.23765432098765432,0.33064516129032256,500000.0
obriech01,Unknown obriech01,1997,TOR,69,225,49,22,0.21777777777777776,0.3106060606060606,625000.0
obriech01,Unknown obriech01,1998,CHA,57,164,43,9,0.2621951219512195,0.30337078651685395,700000.0
obriepe03,Unknown obriepe03,1990,SEA,108,366,82,44,0.22404371584699453,0.3076923076923077,1187500.0
obriepe03,Unknown obriepe03,1991,SEA,152,560,139,44,0.24821428571428572,0.2996742671009772,2037500.0
obriepe03,Unknown obriepe03,1992,SEA,134,396,88,40,0.2222222222222222,0.28893905191873587,2187500.0
obriepe03,Unknown obriepe03,1993,SEA,72,210,54,26,0.2571428571428571,0.33472803347280333,2187500.0
ochoaal01,Unknown ochoaal01,1996,NYN,82,282,83,17,0.29432624113475175,0.3355263157894737,109000.0
ochoaal01,Unknown ochoaal01,1997,NYN,113,238,58,18,0.24369747899159663,0.3,152000.0
ochoaal01,Unknown ochoaal01,1998,MIN,94,249,64,10,0.2570281124497992,0.28846153846153844,182500.0
ochoaal01,Unknown ochoaal01,1999,MIL,119,277,83,45,0.2996389891696751,0.40425531914893614,245000.0
ochoaal01,Unknown ochoaal01,2000,CIN,118,244,77,24,0.3155737704918033,0.3781818181818182,862500.0
ochoaal01,Unknown ochoaal01,2001,CIN,90,349,101,24,0.28939828080229224,0.33687002652519893,1600000.0
ochoaal01,Unknown ochoaal01,2002,MIL,85,215,55,32,0.2558139534883721,0.357429718875502,2750000.0
oestero01,Unknown oestero01,1990,CIN,64,154,46,10,0.2987012987012987,0.3393939393939394,650000.0
offerjo01,Unknown offerjo01,1991,LAN,52,113,22,25,0.19469026548672566,0.34532374100719426,115000.0
offerjo01,Unknown offerjo01,1992,LAN,149,534,139,57,0.2602996254681648,0.3305227655986509,135000.0
offerjo01,Unknown offerjo01,1993,LAN,158,590,159,71,0.26949152542372884,0.34575260804769004,300000.0
offerjo01,Unknown offerjo01,1994,LAN,72,243,51,38,0.20987654320987653,0.31448763250883394,515000.0
offerjo01,Unknown offerjo01,1995,LAN,119,429,123,69,0.2867132867132867,0.38922155688622756,1600000.0
offerjo01,Unknown offerjo01,1996,KCA,151,561,170,74,0.30303030303030304,0.384012539184953,1100000.0
offerjo01,Unknown offerjo01,1997,KCA,106,424,126,41,0.2971698113207547,0.35913978494623655,1600000.0
offerjo01,Unknown offerjo01,1998,KCA,158,607,191,89,0.31466227347611203,0.4031117397454031,2000000.0
offerjo01,Unknown offerjo01,1999,BOS,149,586,172,96,0.2935153583617747,0.3907380607814761,4950000.0
offerjo01,Unknown offerjo01,2000,BOS,116,451,115,70,0.2549889135254989,0.35428571428571426,5750000.0
offerjo01,Unknown offerjo01,2001,BOS,128,524,140,61,0.26717557251908397,0.34179357021996615,6750000.0
offerjo01,Unknown offerjo01,2002,BOS,72,237,55,33,0.2320675105485232,0.3248175182481752,6750000.0
offerjo01,Unknown offerjo01,2004,MIN,77,172,44,29,0.2558139534883721,0.36318407960199006,500000.0
ojedaau01,Unknown ojedaau01,2001,CHN,78,144,29,12,0.2013888888888889,0.26875,212500.0
ojedaau01,Unknown ojedaau01,2008,ARI,105,231,56,26,0.24242424242424243,0.34328358208955223,550000.0
ojedaau01,Unknown ojedaau01,2009,ARI,103,264,65,32,0.24621212121212122,0.33993399339933994,712500.0
ojedami01,Unknown ojedami01,2004,SDN,62,156,40,15,0.2564102564102564,0.3218390804597701,305000.0
oleartr01,Unknown oleartr01,1995,BOS,112,399,123,29,0.3082706766917293,0.35498839907192575,125000.0
oleartr01,Unknown oleartr01,1996,BOS,149,497,129,47,0.2595573440643863,0.32667876588021777,240000.0
oleartr01,Unknown oleartr01,1997,BOS,146,499,154,39,0.30861723446893785,0.3584558823529412,1100000.0
oleartr01,Unknown oleartr01,1998,BOS,156,611,165,36,0.2700490998363339,0.3135464231354642,2400000.0
oleartr01,Unknown oleartr01,1999,BOS,157,596,167,56,0.2802013422818792,0.3434190620272315,3500000.0
oleartr01,Unknown oleartr01,2000,BOS,138,513,134,44,0.26120857699805067,0.3197158081705151,4000000.0
oleartr01,Unknown oleartr01,2001,BOS,104,341,82,25,0.2404692082111437,0.2978723404255319,4600000.0
oleartr01,Unknown oleartr01,2003,CHN,93,174,38,14,0.21839080459770116,0.27461139896373055,750000.0
olerujo01,Unknown olerujo01,1990,TOR,111,358,95,57,0.26536312849162014,0.36428571428571427,100000.0
olerujo01,Unknown olerujo01,1991,TOR,139,454,116,68,0.2555066079295154,0.35315985130111527,293667.0
olerujo01,Unknown olerujo01,1992,TOR,138,458,130,70,0.2838427947598253,0.375,387500.0
olerujo01,Unknown olerujo01,1993,TOR,158,551,200,114,0.3629764065335753,0.4727540500736377,1562500.0
olerujo01,Unknown olerujo01,1994,TOR,108,384,114,61,0.296875,0.39293598233995586,3750000.0
olerujo01,Unknown olerujo01,1995,TOR,135,492,143,84,0.29065040650406504,0.39759036144578314,5750000.0
olerujo01,Unknown olerujo01,1996,TOR,125,398,109,60,0.27386934673366836,0.3816631130063966,6500000.0
olerujo01,Unknown olerujo01,1997,NYN,154,524,154,85,0.29389312977099236,0.4,6500000.0
olerujo01,Unknown olerujo01,1998,NYN,160,557,197,96,0.35368043087971274,0.44728915662650603,3750000.0
olerujo01,Unknown olerujo01,1999,NYN,162,581,173,125,0.2977624784853701,0.42738589211618255,4250000.0
olerujo01,Unknown olerujo01,2000,SEA,159,565,161,102,0.2849557522123894,0.3920704845814978,6350000.0
olerujo01,Unknown olerujo01,2001,SEA,159,572,173,94,0.30244755244755245,0.40117994100294985,6700000.0
olerujo01,Unknown olerujo01,2002,SEA,154,553,166,98,0.30018083182640143,0.4026946107784431,6950000.0
olerujo01,Unknown olerujo01,2003,SEA,152,539,145,84,0.2690166975881262,0.37183544303797467,7700000.0
olerujo01,Unknown olerujo01,2004,SEA,78,261,64,40,0.24521072796934865,0.3536977491961415,7700000.0
olivajo01,Unknown olivajo01,1995,ATL,48,109,17,7,0.1559633027522936,0.20689655172413793,111500.0
olivejo01,Unknown olivejo01,1990,CIN,121,364,84,37,0.23076923076923078,0.30445544554455445,107500.0
olivejo01,Unknown olivejo01,1991,CIN,94,269,58,18,0.21561338289962825,0.26480836236933797,186000.0
olivejo01,Unknown olivejo01,1992,CIN,143,485,131,35,0.27010309278350514,0.3162878787878788,260000.0
olivejo01,Unknown olivejo01,1993,CIN,139,482,115,27,0.23858921161825727,0.27552986512524086,1200000.0
olivejo01,Unknown olivejo01,1995,ML4,97,337,92,27,0.27299703264094954,0.33242506811989103,462100.0
olivejo01,Unknown olivejo01,1996,CIN,106,289,70,28,0.2422145328719723,0.3105590062111801,708000.0
olivejo01,Unknown olivejo01,1997,CIN,111,349,90,25,0.25787965616045844,0.3125,375000.0
olivejo01,Unknown olivejo01,1998,DET,50,155,35,7,0.22580645161290322,0.25301204819277107,750000.0
olivejo01,Unknown olivejo01,2000,SEA,69,200,53,14,0.265,0.3130841121495327,500000.0
olivomi01,Unknown olivomi01,2003,CHA,114,317,75,19,0.23659305993690852,0.28654970760233917,300000.0
olivomi01,Unknown olivomi01,2004,CHA,46,141,38,10,0.2695035460992908,0.3157894736842105,320000.0
olivomi01,Unknown olivomi01,2005,SEA,54,152,23,4,0.1513157894736842,0.17197452229299362,400000.0
olivomi01,Unknown olivomi01,2006,FLO,127,430,113,9,0.2627906976744186,0.2873051224944321,700000.0
olivomi01,Unknown olivomi01,2007,FLO,122,452,107,14,0.23672566371681417,0.2622601279317697,2000000.0
olivomi01,Unknown olivomi01,2008,KCA,84,306,78,7,0.2549019607843137,0.277602523659306,2050000.0
olivomi01,Unknown olivomi01,2009,KCA,114,390,97,19,0.24871794871794872,0.29156626506024097,2700000.0
olivomi01,Unknown olivomi01,2010,COL,112,394,106,27,0.26903553299492383,0.31529411764705884,2000000.0
olsongr02,Unknown olsongr02,1992,ATL,95,302,72,34,0.23841059602649006,0.31563421828908556,350000.0
olsongr02,Unknown olsongr02,1993,ATL,83,262,59,29,0.22519083969465647,0.3037542662116041,925000.0
omallto01,Unknown omallto01,1990,NYN,82,121,27,11,0.2231404958677686,0.2857142857142857,155000.0
oneilpa01,Unknown oneilpa01,1990,CIN,145,503,136,53,0.27037773359840955,0.3392539964476021,625000.0
oneilpa01,Unknown oneilpa01,1991,CIN,152,532,136,73,0.2556390977443609,0.34596375617792424,975000.0
oneilpa01,Unknown oneilpa01,1992,CIN,148,496,122,77,0.24596774193548387,0.3459552495697074,2833333.0
oneilpa01,Unknown oneilpa01,1993,NYA,141,498,155,44,0.3112449799196787,0.36745886654478976,3833333.0
oneilpa01,Unknown oneilpa01,1994,NYA,103,368,132,72,0.358695652173913,0.4604966139954853,3858334.0
oneilpa01,Unknown oneilpa01,1995,NYA,127,460,138,71,0.3,0.3867403314917127,2850000.0
oneilpa01,Unknown oneilpa01,1996,NYA,150,546,165,102,0.3021978021978022,0.4106060606060606,5300000.0
oneilpa01,Unknown oneilpa01,1997,NYA,149,553,179,75,0.32368896925858953,0.3987441130298273,5500000.0
oneilpa01,Unknown oneilpa01,1998,NYA,152,602,191,57,0.31727574750830567,0.37202380952380953,5500000.0
oneilpa01,Unknown oneilpa01,1999,NYA,153,597,170,66,0.2847571189279732,0.35259259259259257,6250000.0
oneilpa01,Unknown oneilpa01,2000,NYA,142,566,160,51,0.2826855123674912,0.3359872611464968,6500000.0
oneilpa01,Unknown oneilpa01,2001,NYA,137,510,136,48,0.26666666666666666,0.33037300177619894,7250000.0
oquenjo01,Unknown oquenjo01,1990,SLN,156,469,118,74,0.2515991471215352,0.35036496350364965,575000.0
oquenjo01,Unknown oquenjo01,1991,SLN,127,366,88,67,0.24043715846994534,0.35697940503432496,775000.0
oquenjo01,Unknown oquenjo01,1994,SLN,55,129,34,21,0.26356589147286824,0.36423841059602646,2150000.0
oquenjo01,Unknown oquenjo01,1995,SLN,88,220,46,35,0.20909090909090908,0.31640625,2250000.0
ordazlu01,Unknown ordazlu01,1998,SLN,57,153,31,12,0.20261437908496732,0.2606060606060606,172500.0
ordonma01,Unknown ordonma01,1998,CHA,145,535,151,28,0.2822429906542056,0.3263888888888889,175000.0
ordonma01,Unknown ordonma01,1999,CHA,157,624,188,47,0.30128205128205127,0.34859675036927623,305000.0
ordonma01,Unknown ordonma01,2000,CHA,153,588,185,60,0.31462585034013607,0.37142857142857144,425000.0
ordonma01,Unknown ordonma01,2001,CHA,160,593,181,70,0.30522765598650925,0.38152011922503726,3750000.0
ordonma01,Unknown ordonma01,2002,CHA,153,590,189,53,0.32033898305084746,0.38131699846860645,6500000.0
ordonma01,Unknown ordonma01,2003,CHA,160,606,192,57,0.31683168316831684,0.3798219584569733,9000000.0
ordonma01,Unknown ordonma01,2004,CHA,52,202,59,16,0.29207920792079206,0.35135135135135137,14000000.0
ordonma01,Unknown ordonma01,2005,DET,82,305,92,30,0.3016393442622951,0.358600583090379,7200000.0
ordonma01,Unknown ordonma01,2006,DET,155,593,177,45,0.2984822934232715,0.3498452012383901,16200000.0
ordonma01,Unknown ordonma01,2007,DET,157,595,216,76,0.3630252100840336,0.4336283185840708,13200000.0
ordonma01,Unknown ordonma01,2008,DET,146,561,178,53,0.3172905525846702,0.3756019261637239,15768174.0
ordonma01,Unknown ordonma01,2009,DET,131,465,144,51,0.3096774193548387,0.3764478764478765,18971596.0
ordonma01,Unknown ordonma01,2010,DET,84,323,98,40,0.30340557275541796,0.3780821917808219,17825976.0
ordonre01,Unknown ordonre01,1996,NYN,151,502,129,22,0.25697211155378485,0.2889733840304182,109000.0
ordonre01,Unknown ordonre01,1997,NYN,120,356,77,18,0.21629213483146068,0.2546419098143236,192500.0
ordonre01,Unknown ordonre01,1998,NYN,153,505,124,23,0.24554455445544554,0.2776735459662289,320000.0
ordonre01,Unknown ordonre01,1999,NYN,154,520,134,49,0.25769230769230766,0.3188908145580589,1650000.0
ordonre01,Unknown ordonre01,2000,NYN,45,133,25,17,0.18796992481203006,0.2781456953642384,2250000.0
ordonre01,Unknown ordonre01,2001,NYN,149,461,114,34,0.2472885032537961,0.2991967871485944,4000000.0
ordonre01,Unknown ordonre01,2002,NYN,144,460,117,24,0.2543478260869565,0.29183673469387755,6250000.0
ordonre01,Unknown ordonre01,2003,TBA,34,117,37,2,0.3162393162393162,0.32786885245901637,6500000.0
orieke01,Unknown orieke01,1997,CHN,114,364,100,39,0.27472527472527475,0.34951456310679613,150000.0
orieke01,Unknown orieke01,1998,CHN,64,204,37,18,0.18137254901960784,0.25327510917030566,240000.0
orieke01,Unknown orieke01,1999,FLO,77,240,61,22,0.25416666666666665,0.32209737827715357,240000.0
orrpe01,Unknown orrpe01,2005,ATL,112,150,45,6,0.3,0.33121019108280253,300000.0
orrpe01,Unknown orrpe01,2006,ATL,102,154,39,5,0.2532467532467532,0.27672955974842767,340000.0
orsuljo01,Unknown orsuljo01,1990,BAL,124,413,111,46,0.2687651331719128,0.34273318872017355,610000.0
orsuljo01,Unknown orsuljo01,1991,BAL,143,486,135,28,0.2777777777777778,0.32053742802303264,1100000.0
orsuljo01,Unknown orsuljo01,1992,BAL,117,391,113,28,0.289002557544757,0.3419811320754717,1300000.0
orsuljo01,Unknown orsuljo01,1993,NYN,134,409,116,28,0.28361858190709044,0.3310657596371882,660000.0
orsuljo01,Unknown orsuljo01,1994,NYN,96,292,76,16,0.2602739726027397,0.29874213836477986,850000.0
orsuljo01,Unknown orsuljo01,1995,NYN,108,290,82,19,0.2827586206896552,0.3227848101265823,894445.0
orsuljo01,Unknown orsuljo01,1996,FLO,120,217,48,16,0.22119815668202766,0.27350427350427353,625000.0
orsuljo01,Unknown orsuljo01,1997,MON,106,150,34,18,0.22666666666666666,0.30952380952380953,650000.0
ortizda01,Unknown ortizda01,1998,MIN,86,278,77,39,0.27697841726618705,0.37116564417177916,170000.0
ortizda01,Unknown ortizda01,2000,MIN,130,415,117,57,0.2819277108433735,0.36401673640167365,220000.0
ortizda01,Unknown ortizda01,2001,MIN,89,303,71,40,0.23432343234323433,0.3236994219653179,260000.0
ortizda01,Unknown ortizda01,2002,MIN,125,412,112,43,0.27184466019417475,0.33905579399141633,950000.0
ortizda01,Unknown ortizda01,2003,BOS,128,448,129,58,0.28794642857142855,0.3693516699410609,1250000.0
ortizda01,Unknown ortizda01,2004,BOS,150,582,175,75,0.3006872852233677,0.3796711509715994,4587500.0
ortizda01,Unknown ortizda01,2005,BOS,159,601,180,102,0.2995008319467554,0.39691444600280507,5250000.0
ortizda01,Unknown ortizda01,2006,BOS,151,558,160,119,0.2867383512544803,0.41253644314868804,6500000.0
ortizda01,Unknown ortizda01,2007,BOS,149,549,182,111,0.331511839708561,0.4452773613193403,13250000.0
ortizda01,Unknown ortizda01,2008,BOS,109,416,110,70,0.2644230769230769,0.3693877551020408,13000000.0
ortizda01,Unknown ortizda01,2009,BOS,150,541,129,74,0.23844731977818853,0.3317384370015949,13000000.0
ortizda01,Unknown ortizda01,2010,BOS,145,518,140,82,0.2702702702702703,0.3696369636963696,13000000.0
ortizhe01,Unknown ortizhe01,2001,KCA,56,154,38,9,0.24675324675324675,0.2926829268292683,230000.0
ortizjo02,Unknown ortizjo02,2002,COL,65,192,48,16,0.25,0.3145539906103286,232000.0
ortizju01,Unknown ortizju01,1991,MIN,61,134,28,15,0.208955223880597,0.29333333333333333,450000.0
ortizju01,Unknown ortizju01,1992,CLE,86,244,61,12,0.25,0.29615384615384616,300000.0
ortizju01,Unknown ortizju01,1993,CLE,95,249,55,11,0.22088353413654618,0.2669172932330827,395000.0
ortizlu01,Unknown ortizlu01,1995,TEX,41,108,25,6,0.23148148148148148,0.26956521739130435,116500.0
ortonjo01,Unknown ortonjo01,1992,CAL,43,114,25,7,0.21929824561403508,0.2764227642276423,130000.0
osikke01,Unknown osikke01,1996,PIT,48,140,41,14,0.29285714285714287,0.36129032258064514,109000.0
osikke01,Unknown osikke01,1997,PIT,49,105,27,9,0.2571428571428571,0.3217391304347826,175000.0
osikke01,Unknown osikke01,1999,PIT,66,167,31,11,0.18562874251497005,0.2388888888888889,350000.0
osikke01,Unknown osikke01,2000,PIT,46,123,36,14,0.2926829268292683,0.3873239436619718,400000.0
osikke01,Unknown osikke01,2001,PIT,56,120,25,13,0.20833333333333334,0.29927007299270075,887500.0
osikke01,Unknown osikke01,2002,PIT,55,100,16,6,0.16,0.21100917431192662,625000.0
osikke01,Unknown osikke01,2003,MIL,80,241,60,31,0.24896265560165975,0.3418181818181818,455000.0
oterori01,Unknown oterori01,1996,PHI,104,411,112,34,0.2725060827250608,0.32962138084632514,109000.0
overbly01,Unknown overbly01,2003,ARI,86,254,70,35,0.2755905511811024,0.3651877133105802,300000.0
overbly01,Unknown overbly01,2004,MIL,159,579,174,81,0.3005181347150259,0.3847305389221557,326000.0
overbly01,Unknown overbly01,2005,MIL,158,537,148,78,0.2756052141527002,0.3671497584541063,446000.0
overbly01,Unknown overbly01,2006,TOR,157,581,181,55,0.31153184165232356,0.371875,2525000.0
overbly01,Unknown overbly01,2007,TOR,122,425,102,47,0.24,0.31512605042016806,1350000.0
overbly01,Unknown overbly01,2008,TOR,158,544,147,74,0.2702205882352941,0.35782747603833864,6750000.0
overbly01,Unknown overbly01,2009,TOR,132,423,112,74,0.2647754137115839,0.372,7950000.0
overbly01,Unknown overbly01,2010,TOR,154,534,130,67,0.24344569288389514,0.32948929159802304,7950000.0
owenser01,Unknown owenser01,1996,CIN,88,205,41,23,0.2,0.2813852813852814,109000.0
owenser01,Unknown owenser01,1999,SDN,149,440,117,38,0.26590909090909093,0.32712215320910976,275000.0
owenser01,Unknown owenser01,2000,SDN,145,583,171,45,0.2933104631217839,0.34591194968553457,370000.0
owenser01,Unknown owenser01,2001,FLO,119,400,101,29,0.2525,0.3023255813953488,1250000.0
owenser01,Unknown owenser01,2002,FLO,131,385,104,31,0.2701298701298701,0.3237410071942446,2166667.0
owenser01,Unknown owenser01,2003,ANA,111,241,65,10,0.2697095435684647,0.30039525691699603,925000.0
owensja02,Unknown owensja02,1996,COL,73,180,43,27,0.2388888888888889,0.3380952380952381,155000.0
owensp01,Unknown owensp01,1990,MON,149,453,106,70,0.23399558498896247,0.3333333333333333,933333.0
owensp01,Unknown owensp01,1992,MON,122,386,104,50,0.2694300518134715,0.34841628959276016,1190001.0
owensp01,Unknown owensp01,1993,NYA,103,334,78,29,0.23353293413173654,0.29395604395604397,2250000.0
owensp01,Unknown owensp01,1994,CAL,82,268,83,49,0.30970149253731344,0.41823899371069184,1250000.0
owensp01,Unknown owensp01,1995,CAL,82,218,50,18,0.22935779816513763,0.288135593220339,3500000.0
ozunapa01,Unknown ozunapa01,2005,CHA,70,203,56,7,0.27586206896551724,0.3130841121495327,330000.0
ozunapa01,Unknown ozunapa01,2006,CHA,79,189,62,7,0.328042328042328,0.365,500000.0
paganan01,Unknown paganan01,2006,CHN,77,170,42,15,0.24705882352941178,0.3064516129032258,327000.0
paganan01,Unknown paganan01,2009,NYN,88,343,105,25,0.30612244897959184,0.3504043126684636,575000.0
paganan01,Unknown paganan01,2010,NYN,151,579,168,44,0.29015544041450775,0.3397129186602871,1500000.0
paglimi01,Unknown paglimi01,1990,SDN,128,398,101,39,0.2537688442211055,0.32207207207207206,575000.0
paglimi01,Unknown paglimi01,1991,MIN,121,365,102,21,0.27945205479452057,0.32225063938618925,655000.0
paglimi01,Unknown paglimi01,1992,MIN,42,105,21,1,0.2,0.21296296296296297,1200000.0
paglimi01,Unknown paglimi01,1993,MIN,83,253,74,18,0.2924901185770751,0.35018050541516244,450000.0
paglimi01,Unknown paglimi01,1995,TEX,86,241,56,15,0.23236514522821577,0.27692307692307694,375000.0
pagnoto01,Unknown pagnoto01,1990,SLN,69,220,61,14,0.2772727272727273,0.3206751054852321,100000.0
pagnoto01,Unknown pagnoto01,1991,SLN,140,459,121,36,0.2636165577342048,0.3194444444444444,310000.0
pagnoto01,Unknown pagnoto01,1992,SLN,139,485,121,28,0.24948453608247423,0.2901353965183752,992500.0
pagnoto01,Unknown pagnoto01,1993,SLN,92,330,85,19,0.25757575757575757,0.29577464788732394,2575000.0
pagnoto01,Unknown pagnoto01,1994,SLN,70,243,66,21,0.2716049382716049,0.32706766917293234,2600000.0
pagnoto01,Unknown pagnoto01,1995,SLN,62,219,47,11,0.2146118721461187,0.2543103448275862,2675000.0
pagnoto01,Unknown pagnoto01,1996,SLN,119,407,110,24,0.2702702702702703,0.3112128146453089,2675000.0
pagnoto01,Unknown pagnoto01,1998,SLN,51,160,35,14,0.21875,0.28,2100000.0
palmede01,Unknown palmede01,1992,TEX,152,541,124,62,0.22920517560073936,0.3109656301145663,142500.0
palmede01,Unknown palmede01,1993,TEX,148,519,127,53,0.24470134874759153,0.3213675213675214,275000.0
palmede01,Unknown palmede01,1994,TEX,93,342,84,26,0.24561403508771928,0.3018867924528302,475000.0
palmede01,Unknown palmede01,1995,TEX,36,119,40,21,0.33613445378151263,0.4482758620689655,1925000.0
palmede01,Unknown palmede01,1996,TEX,154,582,163,59,0.2800687285223368,0.348159509202454,2000000.0
palmede01,Unknown palmede01,1997,TEX,94,355,87,26,0.24507042253521127,0.2961038961038961,4800000.0
palmede01,Unknown palmede01,1998,KCA,152,572,159,48,0.27797202797202797,0.3333333333333333,5825000.0
palmede01,Unknown palmede01,1999,DET,150,560,147,57,0.2625,0.33914421553090335,5000000.0
palmede01,Unknown palmede01,2000,DET,145,524,134,66,0.25572519083969464,0.33774834437086093,7000000.0
palmede01,Unknown palmede01,2001,DET,57,216,48,27,0.2222222222222222,0.3170731707317073,7500000.0
palmeor01,Unknown palmeor01,1997,ANA,74,134,29,17,0.21641791044776118,0.30718954248366015,160000.0
palmeor01,Unknown palmeor01,1998,ANA,75,165,53,20,0.3212121212121212,0.3945945945945946,189000.0
palmeor01,Unknown palmeor01,1999,ANA,109,317,88,39,0.277602523659306,0.3643835616438356,276000.0
palmeor01,Unknown palmeor01,2000,ANA,108,243,73,38,0.3004115226337449,0.3951048951048951,550000.0
palmeor01,Unknown palmeor01,2001,ANA,104,230,56,25,0.24347826086956523,0.3193916349809886,900000.0
palmeor01,Unknown palmeor01,2002,ANA,110,263,79,30,0.30038022813688214,0.36824324324324326,1000000.0
palmeor01,Unknown palmeor01,2003,SLN,141,317,86,32,0.27129337539432175,0.33613445378151263,700000.0
palmeor01,Unknown palmeor01,2004,HOU,102,133,32,18,0.24060150375939848,0.34415584415584416,750000.0
palmeor01,Unknown palmeor01,2005,HOU,114,204,58,15,0.28431372549019607,0.3407079646017699,800000.0
palmeor01,Unknown palmeor01,2006,HOU,103,119,30,6,0.25210084033613445,0.29365079365079366,950000.0
palmeor01,Unknown palmeor01,2007,HOU,101,103,24,16,0.23300970873786409,0.3416666666666667,950000.0
palmera01,Unknown palmera01,1990,TEX,154,598,191,40,0.3193979933110368,0.3605546995377504,300000.0
palmera01,Unknown palmera01,1991,TEX,159,631,203,68,0.32171156893819336,0.3890449438202247,1475000.0
palmera01,Unknown palmera01,1992,TEX,159,608,163,72,0.2680921052631579,0.35201149425287354,3850000.0
palmera01,Unknown palmera01,1993,TEX,160,597,176,73,0.2948073701842546,0.3713450292397661,4550000.0
palmera01,Unknown palmera01,1994,BAL,111,436,139,54,0.31880733944954126,0.39156626506024095,5406603.0
palmera01,Unknown palmera01,1995,BAL,143,554,172,62,0.3104693140794224,0.3798076923076923,4906603.0
palmera01,Unknown palmera01,1996,BAL,162,626,181,95,0.28913738019169327,0.38114754098360654,5406603.0
palmera01,Unknown palmera01,1997,BAL,158,614,156,67,0.254071661237785,0.32947976878612717,5337021.0
palmera01,Unknown palmera01,1998,BAL,162,619,183,79,0.2956381260096931,0.37940761636107195,6515828.0
palmera01,Unknown palmera01,1999,TEX,158,565,183,97,0.3238938053097345,0.4198813056379822,8849931.0
palmera01,Unknown palmera01,2000,TEX,158,565,163,103,0.2884955752212389,0.3967551622418879,8620921.0
palmera01,Unknown palmera01,2001,TEX,160,600,164,101,0.2733333333333333,0.38095238095238093,9000000.0
palmera01,Unknown palmera01,2002,TEX,155,546,149,104,0.27289377289377287,0.39064856711915535,8712986.0
palmera01,Unknown palmera01,2003,TEX,154,561,146,84,0.26024955436720143,0.35932721712538224,9000000.0
palmera01,Unknown palmera01,2004,BAL,154,550,142,86,0.2581818181818182,0.35944700460829493,4000000.0
palmera01,Unknown palmera01,2005,BAL,110,369,98,43,0.26558265582655827,0.33886255924170616,3000000.0
paquecr01,Unknown paquecr01,1993,OAK,105,393,86,14,0.21882951653944022,0.24509803921568626,109000.0
paquecr01,Unknown paquecr01,1995,OAK,105,283,64,12,0.22614840989399293,0.2558139534883721,145000.0
paquecr01,Unknown paquecr01,1996,KCA,118,429,111,23,0.25874125874125875,0.2962962962962963,150000.0
paquecr01,Unknown paquecr01,1997,KCA,77,252,58,10,0.23015873015873015,0.2631578947368421,340000.0
paquecr01,Unknown paquecr01,1999,SLN,48,157,45,6,0.28662420382165604,0.3090909090909091,300000.0
paquecr01,Unknown paquecr01,2000,SLN,134,384,94,27,0.24479166666666666,0.2935560859188544,595000.0
paquecr01,Unknown paquecr01,2001,SLN,123,340,96,18,0.2823529411764706,0.32602739726027397,1500000.0
paquecr01,Unknown paquecr01,2002,DET,72,252,49,10,0.19444444444444445,0.22264150943396227,2125000.0
parenma01,Unknown parenma01,1990,SDN,65,189,42,16,0.2222222222222222,0.28292682926829266,190000.0
parenma01,Unknown parenma01,1995,PIT,69,233,54,23,0.2317596566523605,0.30078125,330000.0
parenma01,Unknown parenma01,1996,DET,38,104,25,3,0.2403846153846154,0.25925925925925924,500000.0
parenma01,Unknown parenma01,1997,PHI,39,113,17,7,0.1504424778761062,0.19834710743801653,400000.0
parenma01,Unknown parenma01,1998,PHI,34,113,25,10,0.22123893805309736,0.2777777777777778,400000.0
parkeda01,Unknown parkeda01,1990,ML4,157,610,176,41,0.28852459016393445,0.3303437967115097,1200000.0
parkeda01,Unknown parkeda01,1991,CAL,119,466,108,29,0.2317596566523605,0.27944111776447106,1600000.0
parkeri01,Unknown parkeri01,1990,SFN,54,107,26,10,0.24299065420560748,0.3135593220338983,100000.0
parrage01,Unknown parrage01,2010,ARI,133,364,95,23,0.260989010989011,0.3076923076923077,405500.0
parrila02,Unknown parrila02,1990,CAL,133,470,126,46,0.2680851063829787,0.3384321223709369,1916667.0
parrila02,Unknown parrila02,1991,CAL,119,402,87,35,0.21641791044776118,0.2853932584269663,2416667.0
parrila02,Unknown parrila02,1995,TOR,70,178,36,15,0.20224719101123595,0.2653061224489796,290000.0
pasquda01,Unknown pasquda01,1990,CHA,112,325,89,37,0.27384615384615385,0.34688346883468835,168000.0
pasquda01,Unknown pasquda01,1991,CHA,134,417,108,62,0.2589928057553957,0.3581780538302277,800000.0
pasquda01,Unknown pasquda01,1992,CHA,93,265,56,36,0.21132075471698114,0.30491803278688523,2500000.0
pasquda01,Unknown pasquda01,1993,CHA,78,176,36,26,0.20454545454545456,0.3024390243902439,1750000.0
patteco01,Unknown patteco01,2002,CHN,153,592,150,19,0.2533783783783784,0.28365384615384615,227500.0
patteco01,Unknown patteco01,2003,CHN,83,329,98,15,0.2978723404255319,0.3285302593659942,365000.0
patteco01,Unknown patteco01,2004,CHN,157,631,168,45,0.2662440570522979,0.3196480938416422,480000.0
patteco01,Unknown patteco01,2005,CHN,126,451,97,23,0.21507760532150777,0.2542016806722689,2800000.0
patteco01,Unknown patteco01,2006,BAL,135,463,128,21,0.27645788336933047,0.3142857142857143,2800000.0
patteco01,Unknown patteco01,2007,BAL,132,461,124,21,0.26898047722342733,0.3040816326530612,4300000.0
patteco01,Unknown patteco01,2008,CIN,135,366,75,16,0.20491803278688525,0.23772609819121446,3000000.0
patteer01,Unknown patteer01,2010,OAK,45,103,21,7,0.20388349514563106,0.2545454545454545,405000.0
pattejo01,Unknown pattejo01,1994,SFN,85,240,57,16,0.2375,0.3146067415730337,115000.0
pattejo01,Unknown pattejo01,1995,SFN,95,205,42,14,0.2048780487804878,0.2943722943722944,122500.0
pauliro01,Unknown pauliro01,2007,PIT,133,457,120,33,0.26258205689277897,0.31376518218623484,401000.0
pauliro01,Unknown pauliro01,2008,PIT,40,118,25,11,0.211864406779661,0.27692307692307694,423500.0
pauliro01,Unknown pauliro01,2009,FLO,80,239,65,25,0.2719665271966527,0.33962264150943394,440000.0
pauliro01,Unknown pauliro01,2010,FLO,91,316,82,25,0.25949367088607594,0.311046511627907,1100000.0
pauljo01,Unknown pauljo01,2001,CHA,57,139,37,13,0.26618705035971224,0.32679738562091504,230000.0
pauljo01,Unknown pauljo01,2006,TBA,58,146,38,14,0.2602739726027397,0.3271604938271605,475000.0
pauljo01,Unknown pauljo01,2007,TBA,35,105,20,6,0.19047619047619047,0.23423423423423423,625000.0
paytoja01,Unknown paytoja01,2000,NYN,149,488,142,30,0.29098360655737704,0.33081285444234404,215000.0
paytoja01,Unknown paytoja01,2001,NYN,104,361,92,18,0.2548476454293629,0.2979274611398964,290000.0
paytoja01,Unknown paytoja01,2002,NYN,87,275,78,21,0.28363636363636363,0.33557046979865773,362500.0
paytoja01,Unknown paytoja01,2003,COL,157,600,181,43,0.3016666666666667,0.3537519142419602,1850000.0
paytoja01,Unknown paytoja01,2004,SDN,143,458,119,43,0.259825327510917,0.32612966601178783,1500000.0
paytoja01,Unknown paytoja01,2005,BOS,55,133,35,10,0.2631578947368421,0.3125,3500000.0
paytoja01,Unknown paytoja01,2006,OAK,142,557,165,22,0.296229802513465,0.32482993197278914,4000000.0
paytoja01,Unknown paytoja01,2007,BAL,131,434,111,22,0.2557603686635945,0.2924731182795699,4500000.0
paytoja01,Unknown paytoja01,2008,BAL,127,338,82,22,0.24260355029585798,0.29085872576177285,5000000.0
pecotbi01,Unknown pecotbi01,1990,KCA,87,240,58,33,0.24166666666666667,0.3357664233576642,115000.0
pecotbi01,Unknown pecotbi01,1991,KCA,125,398,114,41,0.2864321608040201,0.35600907029478457,307500.0
pecotbi01,Unknown pecotbi01,1992,NYN,117,269,61,25,0.22676579925650558,0.29292929292929293,785000.0
pecotbi01,Unknown pecotbi01,1994,ATL,64,112,24,16,0.21428571428571427,0.31007751937984496,575000.0
pedrodu01,Unknown pedrodu01,2007,BOS,139,520,165,47,0.3173076923076923,0.3802083333333333,380000.0
pedrodu01,Unknown pedrodu01,2008,BOS,157,653,213,50,0.32618683001531396,0.37552155771905427,457000.0
pedrodu01,Unknown pedrodu01,2009,BOS,154,626,185,74,0.2955271565495208,0.37130801687763715,1750000.0
pedrodu01,Unknown pedrodu01,2010,BOS,75,302,87,37,0.28807947019867547,0.3667621776504298,3750000.0
peguest01,Unknown peguest01,1995,PIT,82,171,42,4,0.24561403508771928,0.26256983240223464,115000.0
pelloki01,Unknown pelloki01,2004,COL,59,121,29,8,0.2396694214876033,0.3082706766917293,310000.0
peltida01,Unknown peltida01,1993,TEX,65,160,43,20,0.26875,0.3516483516483517,109000.0
penabr01,Unknown penabr01,2009,KCA,64,165,45,12,0.2727272727272727,0.31843575418994413,405000.0
penabr01,Unknown penabr01,2010,KCA,60,158,40,12,0.25316455696202533,0.3063583815028902,428000.0
penaca01,Unknown penaca01,2002,OAK,40,124,27,15,0.21774193548387097,0.3049645390070922,202000.0
penaca01,Unknown penaca01,2003,DET,131,452,112,53,0.24778761061946902,0.3320388349514563,310000.0
penaca01,Unknown penaca01,2004,DET,142,481,116,70,0.24116424116424118,0.33810375670840787,330000.0
penaca01,Unknown penaca01,2005,DET,79,260,61,31,0.23461538461538461,0.3254237288135593,2575000.0
penaca01,Unknown penaca01,2007,TBA,148,490,138,103,0.2816326530612245,0.41080196399345337,800000.0
penaca01,Unknown penaca01,2008,TBA,139,490,121,96,0.24693877551020407,0.3772652388797364,6000000.0
penaca01,Unknown penaca01,2009,TBA,135,471,107,87,0.22717622080679406,0.356140350877193,8000000.0
penaca01,Unknown penaca01,2010,TBA,144,484,95,87,0.1962809917355372,0.3247422680412371,10125000.0
penage01,Unknown penage01,1991,SLN,104,185,45,18,0.24324324324324326,0.3222748815165877,120000.0
penage01,Unknown penage01,1993,SLN,74,254,65,25,0.2559055118110236,0.3298245614035088,170000.0
penage01,Unknown penage01,1994,SLN,83,213,54,24,0.2535211267605634,0.3442622950819672,575000.0
penage01,Unknown penage01,1995,SLN,32,101,27,16,0.26732673267326734,0.36666666666666664,770000.0
penara02,Unknown penara02,2009,NYA,69,115,33,5,0.28695652173913044,0.31666666666666665,400000.0
penara02,Unknown penara02,2010,NYA,85,154,35,6,0.22727272727272727,0.25766871165644173,412100.0
penato01,Unknown penato01,1990,BOS,143,491,129,43,0.26272912423625255,0.3215613382899628,1700000.0
penato01,Unknown penato01,1991,BOS,141,464,107,37,0.23060344827586207,0.29133858267716534,2300000.0
penato01,Unknown penato01,1992,BOS,133,410,99,24,0.24146341463414633,0.2837528604118993,2400000.0
penato01,Unknown penato01,1993,BOS,126,304,55,25,0.18092105263157895,0.24550898203592814,2200000.0
penato01,Unknown penato01,1994,CLE,40,112,33,9,0.29464285714285715,0.34146341463414637,400000.0
penato01,Unknown penato01,1995,CLE,91,263,69,14,0.2623574144486692,0.302158273381295,516666.0
penato01,Unknown penato01,1996,CLE,67,174,34,15,0.19540229885057472,0.2552083333333333,558333.0
penato02,Unknown penato02,2007,KCA,152,509,136,10,0.26719056974459726,0.2840909090909091,380000.0
penato02,Unknown penato02,2008,KCA,95,225,38,6,0.1688888888888889,0.1888412017167382,405000.0
penawi01,Unknown penawi01,2003,CIN,80,165,36,12,0.21818181818181817,0.2833333333333333,788000.0
penawi01,Unknown penawi01,2004,CIN,110,336,87,22,0.25892857142857145,0.3159340659340659,345000.0
penawi01,Unknown penawi01,2005,CIN,99,311,79,20,0.2540192926045016,0.3044776119402985,440000.0
penawi01,Unknown penawi01,2006,BOS,84,276,83,20,0.3007246376811594,0.34868421052631576,1250000.0
penawi01,Unknown penawi01,2007,BOS,73,156,34,14,0.21794871794871795,0.29069767441860467,1875000.0
penawi01,Unknown penawi01,2008,WAS,64,195,40,10,0.20512820512820512,0.24271844660194175,2000000.0
pencehu01,Unknown pencehu01,2008,HOU,157,595,160,40,0.2689075630252101,0.3177570093457944,396000.0
pencehu01,Unknown pencehu01,2009,HOU,159,585,165,58,0.28205128205128205,0.3462132921174652,439000.0
pencehu01,Unknown pencehu01,2010,HOU,156,614,173,41,0.28175895765472314,0.3252279635258359,3500000.0
pendlte01,Unknown pendlte01,1990,SLN,121,447,103,30,0.23042505592841164,0.2768595041322314,1850000.0
pendlte01,Unknown pendlte01,1991,ATL,153,586,187,43,0.3191126279863481,0.3626373626373626,1750000.0
pendlte01,Unknown pendlte01,1992,ATL,160,640,199,37,0.3109375,0.34502923976608185,3025000.0
pendlte01,Unknown pendlte01,1993,ATL,161,633,172,36,0.2717219589257504,0.31075110456553756,2250000.0
pendlte01,Unknown pendlte01,1994,ATL,77,309,78,12,0.2524271844660194,0.2803738317757009,3200000.0
pendlte01,Unknown pendlte01,1995,FLO,133,513,149,38,0.290448343079922,0.3393177737881508,1600000.0
pendlte01,Unknown pendlte01,1996,FLO,111,406,102,26,0.2512315270935961,0.29772727272727273,1625000.0
pendlte01,Unknown pendlte01,1997,CIN,50,113,28,12,0.24778761061946902,0.32,350000.0
pendlte01,Unknown pendlte01,1998,KCA,79,237,61,15,0.25738396624472576,0.2992125984251969,425000.0
pennicl01,Unknown pennicl01,2010,OAK,156,508,127,50,0.25,0.3191489361702128,405000.0
peraljh01,Unknown peraljh01,2005,CLE,141,504,147,58,0.2916666666666667,0.3655536028119508,316700.0
peraljh01,Unknown peraljh01,2006,CLE,149,569,146,56,0.2565905096660808,0.32273449920508746,377300.0
peraljh01,Unknown peraljh01,2007,CLE,152,574,155,61,0.2700348432055749,0.34055727554179566,1000000.0
peraljh01,Unknown peraljh01,2008,CLE,154,605,167,48,0.27603305785123966,0.33081570996978854,2500000.0
peraljh01,Unknown peraljh01,2009,CLE,151,582,148,51,0.2542955326460481,0.3157076205287714,3650000.0
peraljh01,Unknown peraljh01,2010,CLE,91,334,82,32,0.24550898203592814,0.30831099195710454,4850000.0
perezan01,Unknown perezan01,2005,LAN,98,259,77,21,0.2972972972972973,0.36013986013986016,330000.0
perezed01,Unknown perezed01,1994,CAL,38,129,27,12,0.20930232558139536,0.2746478873239437,135000.0
perezed01,Unknown perezed01,1997,CIN,106,297,75,29,0.25252525252525254,0.3212121212121212,180000.0
perezed01,Unknown perezed01,1998,CIN,84,172,41,21,0.23837209302325582,0.3248730964467005,300000.0
perezed01,Unknown perezed01,2002,SLN,96,154,31,17,0.2012987012987013,0.2897727272727273,450000.0
perezed01,Unknown perezed01,2003,SLN,105,253,72,29,0.2845849802371542,0.3645833333333333,500000.0
perezed01,Unknown perezed01,2005,TBA,77,161,41,26,0.2546583850931677,0.3684210526315789,950000.0
perezed02,Unknown perezed02,1996,ATL,68,156,40,8,0.2564102564102564,0.2934131736526946,111500.0
perezed02,Unknown perezed02,1997,ATL,73,191,41,10,0.21465968586387435,0.25853658536585367,172500.0
perezed02,Unknown perezed02,1998,ATL,61,149,50,15,0.33557046979865773,0.4036144578313253,225000.0
perezed02,Unknown perezed02,1999,ATL,104,309,77,17,0.24919093851132687,0.29850746268656714,630000.0
perezed02,Unknown perezed02,2002,CLE,42,117,25,5,0.21367521367521367,0.25203252032520324,500000.0
perezed02,Unknown perezed02,2003,MIL,107,350,95,17,0.2714285714285714,0.3035230352303523,500000.0
perezed02,Unknown perezed02,2004,ATL,74,170,39,11,0.22941176470588234,0.2864864864864865,625000.0
perezne01,Unknown perezne01,1997,COL,83,313,91,21,0.29073482428115016,0.3333333333333333,150000.0
perezne01,Unknown perezne01,1998,COL,162,647,177,38,0.2735703245749614,0.3130434782608696,210000.0
perezne01,Unknown perezne01,1999,COL,157,690,193,28,0.2797101449275362,0.3070539419087137,400000.0
perezne01,Unknown perezne01,2000,COL,162,651,187,30,0.2872503840245776,0.31358381502890176,2212500.0
perezne01,Unknown perezne01,2001,COL,87,382,114,16,0.29842931937172773,0.3258145363408521,3550000.0
perezne01,Unknown perezne01,2002,KCA,145,554,131,20,0.2364620938628159,0.2603448275862069,4100000.0
perezne01,Unknown perezne01,2003,SFN,120,328,84,14,0.25609756097560976,0.28488372093023256,1500000.0
perezne01,Unknown perezne01,2004,SFN,103,319,74,21,0.23197492163009403,0.2761627906976744,2750000.0
perezne01,Unknown perezne01,2005,CHN,154,572,157,18,0.2744755244755245,0.2981574539363484,1000000.0
perezne01,Unknown perezne01,2006,CHN,87,236,60,5,0.2542372881355932,0.26639344262295084,2500000.0
perezro01,Unknown perezro01,1996,TOR,86,202,66,8,0.32673267326732675,0.35377358490566035,114500.0
perezro01,Unknown perezro01,1998,MON,52,106,25,2,0.2358490566037736,0.2545454545454545,215000.0
perezti01,Unknown perezti01,2001,NYN,85,239,59,12,0.24686192468619247,0.2874015748031496,205000.0
perezti01,Unknown perezti01,2003,NYN,127,346,93,18,0.26878612716763006,0.30133333333333334,312500.0
perezti01,Unknown perezti01,2004,CHA,103,293,72,15,0.24573378839590443,0.28525641025641024,850000.0
perezti01,Unknown perezti01,2005,CHA,76,179,39,12,0.21787709497206703,0.265625,1000000.0
perezto03,Unknown perezto03,1996,TOR,91,295,74,25,0.25084745762711863,0.3105590062111801,140000.0
perezto03,Unknown perezto03,1997,TOR,40,123,24,11,0.1951219512195122,0.26666666666666666,185000.0
perezto03,Unknown perezto03,2001,PHI,62,135,41,7,0.3037037037037037,0.3472222222222222,280000.0
perezto03,Unknown perezto03,2002,PHI,92,212,53,21,0.25,0.3191489361702128,475000.0
perezto03,Unknown perezto03,2003,PHI,125,298,79,23,0.2651006711409396,0.3157894736842105,550000.0
perezto03,Unknown perezto03,2004,PHI,86,176,38,9,0.2159090909090909,0.25668449197860965,750000.0
perezto03,Unknown perezto03,2005,PHI,94,159,37,11,0.23270440251572327,0.28901734104046245,650000.0
perryge01,Unknown perryge01,1990,KCA,133,465,118,39,0.2537634408602151,0.3125,662500.0
perryge01,Unknown perryge01,1991,SLN,109,242,58,22,0.2396694214876033,0.299625468164794,1166667.0
perryge01,Unknown perryge01,1992,SLN,87,143,34,15,0.23776223776223776,0.3105590062111801,1166667.0
perryhe01,Unknown perryhe01,1995,CLE,52,162,51,13,0.3148148148148148,0.3756906077348066,110000.0
perryhe01,Unknown perryhe01,1999,TBA,66,209,53,16,0.2535885167464115,0.3305439330543933,210000.0
perryhe01,Unknown perryhe01,2001,CHA,92,285,73,23,0.256140350877193,0.3259493670886076,975000.0
perryhe01,Unknown perryhe01,2002,TEX,132,450,124,34,0.27555555555555555,0.3333333333333333,900000.0
perryhe01,Unknown perryhe01,2004,TEX,49,134,30,14,0.22388059701492538,0.30718954248366015,1700000.0
petagro01,Unknown petagro01,1995,SDN,89,124,29,26,0.23387096774193547,0.36666666666666664,115000.0
petrage01,Unknown petrage01,1990,TEX,133,325,83,50,0.2553846153846154,0.3569553805774278,462500.0
petrage01,Unknown petrage01,1991,TEX,87,199,54,21,0.271356783919598,0.3393665158371041,562500.0
petrage01,Unknown petrage01,1992,TEX,94,192,38,20,0.19791666666666666,0.27358490566037735,675000.0
petrage01,Unknown petrage01,1993,TEX,59,133,32,22,0.24060150375939848,0.34838709677419355,650000.0
petribe01,Unknown petribe01,2001,COL,85,244,58,31,0.23770491803278687,0.3274021352313167,232000.0
pettiga01,Unknown pettiga01,1990,TEX,136,423,101,57,0.23877068557919623,0.3326488706365503,703333.0
pettiga01,Unknown pettiga01,1991,TEX,137,282,61,54,0.21631205673758866,0.34124629080118696,903333.0
phelpjo01,Unknown phelpjo01,2003,TOR,119,396,106,39,0.2676767676767677,0.3576158940397351,320000.0
phelpjo01,Unknown phelpjo01,2004,TOR,79,295,70,18,0.23728813559322035,0.29595015576323985,342000.0
phelpjo01,Unknown phelpjo01,2005,TBA,47,158,42,12,0.26582278481012656,0.327683615819209,800000.0
phillan01,Unknown phillan01,2006,NYA,110,246,59,15,0.23983739837398374,0.2813688212927757,333150.0
phillbr01,Unknown phillbr01,2003,CLE,112,370,77,14,0.20810810810810812,0.2422680412371134,300900.0
phillbr01,Unknown phillbr01,2007,CIN,158,650,187,33,0.2876923076923077,0.3314285714285714,407500.0
phillbr01,Unknown phillbr01,2008,CIN,141,559,146,39,0.26118067978533094,0.31198686371100165,2937500.0
phillbr01,Unknown phillbr01,2009,CIN,153,584,161,44,0.2756849315068493,0.32866043613707163,5187500.0
phillbr01,Unknown phillbr01,2010,CIN,155,626,172,46,0.2747603833865815,0.33186490455212925,6937500.0
phillja04,Unknown phillja04,2003,NYN,119,403,120,39,0.2977667493796526,0.3730684326710817,300000.0
phillja04,Unknown phillja04,2004,NYN,128,362,79,35,0.21823204419889503,0.2975609756097561,318000.0
phillja04,Unknown phillja04,2005,LAN,121,399,95,25,0.23809523809523808,0.28703703703703703,339000.0
phillja04,Unknown phillja04,2007,TOR,55,144,30,10,0.20833333333333334,0.2692307692307692,500000.0
philljr01,Unknown philljr01,1995,SFN,92,231,45,19,0.19480519480519481,0.256,120000.0
phillto02,Unknown phillto02,1990,DET,152,573,144,99,0.2513089005235602,0.36430678466076694,866667.0
phillto02,Unknown phillto02,1991,DET,146,564,160,79,0.28368794326241137,0.37116564417177916,1566666.0
phillto02,Unknown phillto02,1992,DET,159,606,167,114,0.2755775577557756,0.3873626373626374,1566667.0
phillto02,Unknown phillto02,1993,DET,151,566,177,132,0.3127208480565371,0.443342776203966,3866666.0
phillto02,Unknown phillto02,1994,DET,114,438,123,95,0.2808219178082192,0.40892193308550184,2366667.0
phillto02,Unknown phillto02,1995,CAL,139,525,137,113,0.26095238095238094,0.3940809968847352,4366667.0
phillto02,Unknown phillto02,1996,CHA,153,581,161,125,0.27710843373493976,0.403899721448468,2100000.0
phillto02,Unknown phillto02,1997,CHA,36,129,40,29,0.31007751937984496,0.44025157232704404,2200000.0
phillto02,Unknown phillto02,1998,NYN,52,188,42,38,0.22340425531914893,0.3508771929824561,560000.0
phillto02,Unknown phillto02,1999,OAK,106,406,99,71,0.2438423645320197,0.3615702479338843,700000.0
piattad01,Unknown piattad01,2003,OAK,47,100,24,6,0.24,0.2803738317757009,322000.0
piazzmi01,Unknown piazzmi01,1993,LAN,149,547,174,46,0.3180987202925046,0.3704318936877076,126000.0
piazzmi01,Unknown piazzmi01,1994,LAN,107,405,129,33,0.31851851851851853,0.36961451247165533,600000.0
piazzmi01,Unknown piazzmi01,1995,LAN,112,434,150,39,0.3456221198156682,0.4,900000.0
piazzmi01,Unknown piazzmi01,1996,LAN,148,547,184,81,0.33638025594149906,0.4215530903328051,2700000.0
piazzmi01,Unknown piazzmi01,1997,LAN,152,556,201,69,0.36151079136690645,0.4312796208530806,7000000.0
piazzmi01,Unknown piazzmi01,1998,LAN,37,149,42,11,0.28187919463087246,0.32919254658385094,8000000.0
piazzmi01,Unknown piazzmi01,1999,NYN,141,534,162,51,0.30337078651685395,0.3608768971332209,7171428.0
piazzmi01,Unknown piazzmi01,2000,NYN,136,482,156,58,0.3236514522821577,0.3981651376146789,12071429.0
piazzmi01,Unknown piazzmi01,2001,NYN,141,503,151,67,0.30019880715705766,0.38394415357766143,13571429.0
piazzmi01,Unknown piazzmi01,2002,NYN,135,478,134,57,0.2803347280334728,0.3585951940850277,10571429.0
piazzmi01,Unknown piazzmi01,2003,NYN,68,234,67,35,0.2863247863247863,0.3772893772893773,15571429.0
piazzmi01,Unknown piazzmi01,2004,NYN,129,455,121,68,0.26593406593406593,0.36174242424242425,16071429.0
piazzmi01,Unknown piazzmi01,2005,NYN,113,398,100,41,0.25125628140703515,0.3257918552036199,16071429.0
piazzmi01,Unknown piazzmi01,2006,SDN,126,399,113,34,0.2832080200501253,0.3416856492027335,1250000.0
piazzmi01,Unknown piazzmi01,2007,OAK,83,309,85,18,0.2750809061488673,0.3130699088145897,8500000.0
piefe01,Unknown piefe01,2009,BAL,101,252,67,24,0.26587301587301587,0.32616487455197135,410000.0
piefe01,Unknown piefe01,2010,BAL,82,288,79,13,0.2743055555555556,0.30491803278688523,420000.0
pierrju01,Unknown pierrju01,2001,COL,156,617,202,41,0.3273905996758509,0.3781763826606876,215000.0
pierrju01,Unknown pierrju01,2002,COL,152,592,170,31,0.28716216216216217,0.3322784810126582,600000.0
pierrju01,Unknown pierrju01,2003,FLO,162,668,204,55,0.30538922155688625,0.36114911080711354,1000000.0
pierrju01,Unknown pierrju01,2004,FLO,162,678,221,45,0.32595870206489674,0.373806275579809,2400000.0
pierrju01,Unknown pierrju01,2005,FLO,162,656,181,41,0.2759146341463415,0.326271186440678,3700000.0
pierrju01,Unknown pierrju01,2006,CHN,162,699,204,32,0.2918454935622318,0.32972972972972975,5750000.0
pierrju01,Unknown pierrju01,2007,LAN,162,668,196,33,0.2934131736526946,0.3314527503526093,7500000.0
pierrju01,Unknown pierrju01,2008,LAN,119,375,106,22,0.2826666666666667,0.3266832917705736,8000000.0
pierrju01,Unknown pierrju01,2009,LAN,145,380,117,27,0.3078947368421053,0.36538461538461536,10000000.0
pierrju01,Unknown pierrju01,2010,CHA,160,651,179,45,0.2749615975422427,0.34075104311543813,7000000.0
pierzaj01,Unknown pierzaj01,2001,MIN,114,381,110,16,0.2887139107611549,0.3217821782178218,210000.0
pierzaj01,Unknown pierzaj01,2002,MIN,130,440,132,13,0.3,0.3340471092077088,250000.0
pierzaj01,Unknown pierzaj01,2003,MIN,137,487,152,24,0.31211498973305957,0.35969868173258,365000.0
pierzaj01,Unknown pierzaj01,2004,SFN,131,471,128,19,0.27176220806794055,0.3188976377952756,3500000.0
pierzaj01,Unknown pierzaj01,2005,CHA,128,460,118,23,0.2565217391304348,0.3084677419354839,2250000.0
pierzaj01,Unknown pierzaj01,2006,CHA,140,509,150,22,0.29469548133595286,0.3333333333333333,4000000.0
pierzaj01,Unknown pierzaj01,2007,CHA,136,472,124,25,0.2627118644067797,0.3090551181102362,5500000.0
pierzaj01,Unknown pierzaj01,2008,CHA,134,534,150,19,0.2808988764044944,0.31216931216931215,5850000.0
pierzaj01,Unknown pierzaj01,2009,CHA,138,504,151,24,0.2996031746031746,0.3308270676691729,6250000.0
pierzaj01,Unknown pierzaj01,2010,CHA,128,474,128,15,0.270042194092827,0.29979879275653926,6750000.0
plantph01,Unknown plantph01,1992,BOS,108,349,86,44,0.24641833810888253,0.33249370277078083,200000.0
plantph01,Unknown plantph01,1993,SDN,138,462,111,61,0.24025974025974026,0.33457943925233646,245000.0
plantph01,Unknown plantph01,1994,SDN,96,341,75,36,0.21994134897360704,0.3020833333333333,500000.0
plantph01,Unknown plantph01,1996,OAK,73,231,49,28,0.21212121212121213,0.3041825095057034,500000.0
podsesc01,Unknown podsesc01,2003,MIL,154,558,175,56,0.31362007168458783,0.3790322580645161,300000.0
podsesc01,Unknown podsesc01,2004,MIL,154,640,156,58,0.24375,0.3130311614730878,400000.0
podsesc01,Unknown podsesc01,2005,CHA,129,507,147,47,0.28994082840236685,0.3505338078291815,700000.0
podsesc01,Unknown podsesc01,2006,CHA,139,524,137,54,0.26145038167938933,0.3304794520547945,2075000.0
podsesc01,Unknown podsesc01,2007,CHA,62,214,52,13,0.24299065420560748,0.2987012987012987,2900000.0
podsesc01,Unknown podsesc01,2008,COL,93,162,41,16,0.25308641975308643,0.32222222222222224,750000.0
podsesc01,Unknown podsesc01,2010,KCA,95,390,121,29,0.31025641025641026,0.35294117647058826,1650000.0
polanpl01,Unknown polanpl01,1998,SLN,45,114,29,5,0.2543859649122807,0.2916666666666667,170000.0
polanpl01,Unknown polanpl01,2000,SLN,118,323,102,16,0.3157894736842105,0.3469387755102041,220000.0
polanpl01,Unknown polanpl01,2001,SLN,144,564,173,25,0.3067375886524823,0.3422818791946309,320000.0
polanpl01,Unknown polanpl01,2002,SLN,94,342,97,12,0.28362573099415206,0.31564245810055863,1750000.0
polanpl01,Unknown polanpl01,2003,PHI,122,492,142,42,0.2886178861788618,0.3516483516483517,2875000.0
polanpl01,Unknown polanpl01,2004,PHI,126,503,150,27,0.2982107355864811,0.3448905109489051,3950000.0
polanpl01,Unknown polanpl01,2005,PHI,43,158,50,12,0.31645569620253167,0.37572254335260113,4600000.0
polanpl01,Unknown polanpl01,2006,DET,110,461,136,17,0.2950108459869848,0.32854209445585214,4600000.0
polanpl01,Unknown polanpl01,2007,DET,142,587,200,37,0.34071550255536626,0.38810641627543035,4600000.0
polanpl01,Unknown polanpl01,2008,DET,141,580,178,35,0.30689655172413793,0.3504,4600000.0
polanpl01,Unknown polanpl01,2009,DET,153,618,176,36,0.284789644012945,0.33083832335329344,4600000.0
polanpl01,Unknown polanpl01,2010,PHI,132,554,165,32,0.29783393501805056,0.33943427620632277,5166666.0
polcoke01,Unknown polcoke01,1997,PIT,84,245,67,21,0.27346938775510204,0.35018050541516244,150000.0
polcoke01,Unknown polcoke01,1998,PIT,81,212,40,15,0.18867924528301888,0.2553191489361702,200000.0
polonlu01,Unknown polonlu01,1991,CAL,150,604,179,52,0.29635761589403975,0.3515151515151515,845000.0
polonlu01,Unknown polonlu01,1992,CAL,149,577,165,45,0.28596187175043325,0.3365231259968102,1650000.0
polonlu01,Unknown polonlu01,1993,CAL,152,576,156,48,0.2708333333333333,0.3275039745627981,2475000.0
polonlu01,Unknown polonlu01,1994,NYA,95,350,109,37,0.31142857142857144,0.3826530612244898,1500000.0
polonlu01,Unknown polonlu01,1995,NYA,67,238,62,25,0.2605042016806723,0.3258426966292135,1500000.0
polonlu01,Unknown polonlu01,1996,BAL,58,175,42,10,0.24,0.2849462365591398,250000.0
polonlu01,Unknown polonlu01,1999,DET,87,333,108,16,0.32432432432432434,0.35694050991501414,300000.0
polonlu01,Unknown polonlu01,2000,DET,80,267,73,22,0.27340823970037453,0.3254237288135593,1100000.0
posadjo01,Unknown posadjo01,1997,NYA,60,188,47,30,0.25,0.35874439461883406,158500.0
posadjo01,Unknown posadjo01,1998,NYA,111,358,96,47,0.2681564245810056,0.34963325183374083,250000.0
posadjo01,Unknown posadjo01,1999,NYA,112,379,93,53,0.24538258575197888,0.34096109839816935,350000.0
posadjo01,Unknown posadjo01,2000,NYA,151,505,145,107,0.2871287128712871,0.4166666666666667,1250000.0
posadjo01,Unknown posadjo01,2001,NYA,138,484,134,62,0.2768595041322314,0.362657091561939,4050000.0
posadjo01,Unknown posadjo01,2002,NYA,143,511,137,81,0.26810176125244617,0.3695652173913043,7000000.0
posadjo01,Unknown posadjo01,2003,NYA,142,481,135,93,0.2806652806652807,0.40476190476190477,8000000.0
posadjo01,Unknown posadjo01,2004,NYA,137,449,122,88,0.2717149220489978,0.40036563071297987,9000000.0
posadjo01,Unknown posadjo01,2005,NYA,142,474,124,66,0.2616033755274262,0.3516483516483517,11000000.0
posadjo01,Unknown posadjo01,2006,NYA,143,465,129,64,0.27741935483870966,0.3743119266055046,12000000.0
posadjo01,Unknown posadjo01,2007,NYA,144,506,171,74,0.33794466403162055,0.42614601018675724,12000000.0
posadjo01,Unknown posadjo01,2008,NYA,51,168,45,24,0.26785714285714285,0.3641025641025641,13100000.0
posadjo01,Unknown posadjo01,2009,NYA,111,383,109,48,0.2845953002610966,0.363013698630137,13100000.0
posadjo01,Unknown posadjo01,2010,NYA,120,383,95,59,0.24804177545691905,0.35698447893569846,13100000.0
posesc01,Unknown posesc01,1999,KCA,86,137,39,21,0.2846715328467153,0.37735849056603776,225000.0
powella01,Unknown powella01,2009,OAK,46,140,32,14,0.22857142857142856,0.2967741935483871,400000.0
pradoma01,Unknown pradoma01,2008,ATL,78,228,73,21,0.3201754385964912,0.376984126984127,390000.0
pradoma01,Unknown pradoma01,2009,ATL,128,450,138,36,0.30666666666666664,0.35772357723577236,415000.0
pradoma01,Unknown pradoma01,2010,ATL,140,599,184,40,0.3071786310517529,0.35030864197530864,440000.0
prattto02,Unknown prattto02,1994,PHI,28,102,20,12,0.19607843137254902,0.2807017543859649,155000.0
prattto02,Unknown prattto02,1997,NYN,39,106,30,13,0.2830188679245283,0.371900826446281,200000.0
prattto02,Unknown prattto02,1999,NYN,71,140,41,15,0.29285714285714287,0.36875,350000.0
prattto02,Unknown prattto02,2000,NYN,80,160,44,22,0.275,0.3776595744680851,500000.0
prattto02,Unknown prattto02,2002,PHI,39,106,33,24,0.3113207547169811,0.4485294117647059,650000.0
prattto02,Unknown prattto02,2003,PHI,43,125,34,22,0.272,0.4,850000.0
prattto02,Unknown prattto02,2004,PHI,45,128,33,18,0.2578125,0.35135135135135137,875000.0
prattto02,Unknown prattto02,2005,PHI,60,175,44,19,0.25142857142857145,0.33163265306122447,750000.0
prattto02,Unknown prattto02,2006,ATL,62,135,28,12,0.2074074074074074,0.271523178807947,850000.0
preslji01,Unknown preslji01,1990,ATL,140,541,131,29,0.24214417744916822,0.2824956672443674,640000.0
pridecu01,Unknown pridecu01,1996,DET,95,267,80,31,0.299625468164794,0.3724832214765101,150000.0
pridecu01,Unknown pridecu01,1997,DET,79,162,34,24,0.20987654320987653,0.31382978723404253,216000.0
pridecu01,Unknown pridecu01,1998,ATL,70,107,27,9,0.2523364485981308,0.325,216000.0
princto01,Unknown princto01,1997,LAN,47,100,22,5,0.22,0.27522935779816515,350000.0
princto01,Unknown princto01,2000,PHI,46,122,29,13,0.23770491803278687,0.32116788321167883,300000.0
princto01,Unknown princto01,2001,MIN,64,196,43,12,0.2193877551020408,0.2837209302325581,400000.0
princto01,Unknown princto01,2002,MIN,51,125,28,14,0.224,0.31724137931034485,450000.0
puckeki01,Unknown puckeki01,1990,MIN,146,551,164,57,0.29764065335753176,0.36482084690553745,2816667.0
puckeki01,Unknown puckeki01,1991,MIN,152,611,195,31,0.3191489361702128,0.35222052067381315,3166667.0
puckeki01,Unknown puckeki01,1992,MIN,160,639,210,44,0.3286384976525822,0.37410071942446044,2966667.0
puckeki01,Unknown puckeki01,1993,MIN,156,622,184,47,0.2958199356913183,0.34948604992657856,5300000.0
puckeki01,Unknown puckeki01,1994,MIN,108,439,139,28,0.31662870159453305,0.36174636174636177,5300000.0
puckeki01,Unknown puckeki01,1995,MIN,137,538,169,56,0.3141263940520446,0.3787375415282392,6300000.0
pujolal01,Unknown pujolal01,2001,SLN,161,590,194,69,0.3288135593220339,0.40296296296296297,200000.0
pujolal01,Unknown pujolal01,2002,SLN,157,590,185,72,0.3135593220338983,0.3940740740740741,600000.0
pujolal01,Unknown pujolal01,2003,SLN,157,591,212,79,0.3587140439932318,0.4394160583941606,900000.0
pujolal01,Unknown pujolal01,2004,SLN,154,592,196,84,0.3310810810810811,0.4147398843930636,7000000.0
pujolal01,Unknown pujolal01,2005,SLN,161,591,195,97,0.3299492385786802,0.43,11000000.0
pujolal01,Unknown pujolal01,2006,SLN,143,535,177,92,0.33084112149532713,0.4305993690851735,14000000.0
pujolal01,Unknown pujolal01,2007,SLN,158,565,185,99,0.3274336283185841,0.42857142857142855,12937813.0
pujolal01,Unknown pujolal01,2008,SLN,148,524,187,104,0.3568702290076336,0.46177847113884557,13870949.0
pujolal01,Unknown pujolal01,2009,SLN,160,568,186,115,0.3274647887323944,0.44285714285714284,14427326.0
pujolal01,Unknown pujolal01,2010,SLN,159,587,183,103,0.31175468483816016,0.4142857142857143,14595953.0
puntoni01,Unknown puntoni01,2005,MIN,112,394,94,36,0.23857868020304568,0.30092592592592593,325000.0
puntoni01,Unknown puntoni01,2006,MIN,135,459,133,47,0.289760348583878,0.3521400778210117,690000.0
puntoni01,Unknown puntoni01,2007,MIN,150,472,99,55,0.2097457627118644,0.29056603773584905,1800000.0
puntoni01,Unknown puntoni01,2008,MIN,99,338,96,32,0.28402366863905326,0.34408602150537637,2400000.0
puntoni01,Unknown puntoni01,2009,MIN,125,359,82,61,0.22841225626740946,0.3372365339578454,4000000.0
puntoni01,Unknown puntoni01,2010,MIN,88,252,60,28,0.23809523809523808,0.31338028169014087,4000000.0
quentca01,Unknown quentca01,2007,ARI,81,229,49,18,0.21397379912663755,0.29770992366412213,381000.0
quentca01,Unknown quentca01,2008,CHA,130,480,138,66,0.2875,0.3936731107205624,400000.0
quentca01,Unknown quentca01,2009,CHA,99,351,83,31,0.23646723646723647,0.3233082706766917,550000.0
quentca01,Unknown quentca01,2010,CHA,131,453,110,50,0.24282560706401765,0.3415559772296015,3200000.0
quinlro01,Unknown quinlro01,2005,LAA,54,134,31,7,0.23134328358208955,0.2727272727272727,360000.0
quinlro01,Unknown quinlro01,2006,LAA,86,234,75,7,0.32051282051282054,0.3442622950819672,365000.0
quinlro01,Unknown quinlro01,2007,LAA,79,178,44,14,0.24719101123595505,0.30412371134020616,800000.0
quinlro01,Unknown quinlro01,2008,LAA,68,164,43,14,0.2621951219512195,0.3259668508287293,1050000.0
quinlro01,Unknown quinlro01,2009,LAA,54,115,28,5,0.24347826086956523,0.275,1100000.0
quinnma01,Unknown quinnma01,2000,KCA,135,500,147,35,0.294,0.3419593345656192,205000.0
quinnma01,Unknown quinnma01,2001,KCA,118,453,122,12,0.2693156732891832,0.29809725158562367,280000.0
quinolu01,Unknown quinolu01,1990,CIN,83,145,35,13,0.2413793103448276,0.3006134969325153,150000.0
quinolu01,Unknown quinolu01,1991,CIN,97,212,47,21,0.22169811320754718,0.2966101694915254,300000.0
quintca01,Unknown quintca01,1990,BOS,149,512,147,52,0.287109375,0.3538732394366197,130000.0
quintca01,Unknown quintca01,1991,BOS,149,478,141,61,0.29497907949790797,0.375,305000.0
quintca01,Unknown quintca01,1993,BOS,101,303,74,31,0.24422442244224424,0.3165680473372781,340000.0
quinthu01,Unknown quinthu01,2008,HOU,59,168,38,6,0.2261904761904762,0.2696629213483146,405000.0
quinthu01,Unknown quinthu01,2009,HOU,60,157,37,7,0.2356687898089172,0.2857142857142857,610000.0
quinthu01,Unknown quinthu01,2010,HOU,88,265,62,8,0.2339622641509434,0.26181818181818184,750000.0
quirkja01,Unknown quirkja01,1990,OAK,56,121,34,14,0.2809917355371901,0.35251798561151076,150000.0
quirkja01,Unknown quirkja01,1991,OAK,76,203,53,16,0.26108374384236455,0.3212669683257919,500000.0
quirkja01,Unknown quirkja01,1992,OAK,78,177,39,16,0.22033898305084745,0.29441624365482233,525000.0
quirogu01,Unknown quirogu01,2008,BAL,56,134,25,12,0.1865671641791045,0.2585034013605442,400000.0
rabelmi01,Unknown rabelmi01,2007,DET,51,168,43,6,0.25595238095238093,0.3,380000.0
rabelmi01,Unknown rabelmi01,2008,FLO,34,109,22,8,0.2018348623853211,0.256198347107438,390000.0
raburry01,Unknown raburry01,2008,DET,92,182,43,16,0.23626373626373626,0.29797979797979796,396000.0
raburry01,Unknown raburry01,2010,DET,113,371,104,27,0.2803234501347709,0.33985330073349634,438000.0
raineti01,Unknown raineti01,1990,MON,130,457,131,70,0.28665207877461707,0.379182156133829,2055555.0
raineti01,Unknown raineti01,1991,CHA,155,609,163,83,0.2676518883415435,0.3585714285714286,3500000.0
raineti01,Unknown raineti01,1992,CHA,144,551,162,81,0.294010889292196,0.3796875,3500000.0
raineti01,Unknown raineti01,1993,CHA,115,415,127,64,0.3060240963855422,0.40082644628099173,3500000.0
raineti01,Unknown raineti01,1994,CHA,101,384,102,61,0.265625,0.36525612472160357,3650000.0
raineti01,Unknown raineti01,1995,CHA,133,502,143,70,0.2848605577689243,0.3737024221453287,3700000.0
raineti01,Unknown raineti01,1996,NYA,59,201,57,34,0.2835820895522388,0.38333333333333336,2100000.0
raineti01,Unknown raineti01,1997,NYA,74,271,87,41,0.3210332103321033,0.4025157232704403,1703644.0
raineti01,Unknown raineti01,1998,NYA,109,321,93,55,0.2897196261682243,0.39528795811518325,1300000.0
raineti01,Unknown raineti01,1999,OAK,58,135,29,26,0.21481481481481482,0.3374233128834356,600000.0
ramiral02,Unknown ramiral02,2000,CLE,41,112,32,5,0.2857142857142857,0.3162393162393162,217500.0
ramiral03,Unknown ramiral03,2008,CHA,136,480,139,18,0.28958333333333336,0.31683168316831684,1111666.0
ramiral03,Unknown ramiral03,2009,CHA,148,542,150,49,0.2767527675276753,0.3333333333333333,1225000.0
ramiral03,Unknown ramiral03,2010,CHA,156,585,165,27,0.28205128205128205,0.3134087237479806,1225000.0
ramirar01,Unknown ramirar01,1998,PIT,72,251,59,18,0.2350597609561753,0.2956204379562044,170000.0
ramirar01,Unknown ramirar01,2000,PIT,73,254,65,10,0.2559055118110236,0.29304029304029305,230000.0
ramirar01,Unknown ramirar01,2001,PIT,158,603,181,40,0.30016583747927034,0.34961832061068704,285000.0
ramirar01,Unknown ramirar01,2002,PIT,142,522,122,29,0.23371647509578544,0.2789473684210526,500000.0
ramirar01,Unknown ramirar01,2003,PIT,96,375,105,25,0.28,0.3301204819277108,3000000.0
ramirar01,Unknown ramirar01,2004,CHN,145,547,174,49,0.3180987202925046,0.37293729372937295,6000000.0
ramirar01,Unknown ramirar01,2005,CHN,123,463,140,35,0.3023758099352052,0.3577075098814229,8950000.0
ramirar01,Unknown ramirar01,2006,CHN,157,594,173,50,0.29124579124579125,0.3515151515151515,10750000.0
ramirar01,Unknown ramirar01,2007,CHN,132,506,157,43,0.3102766798418972,0.3655913978494624,9000000.0
ramirar01,Unknown ramirar01,2008,CHN,149,554,160,74,0.2888086642599278,0.3798449612403101,15000000.0
ramirar01,Unknown ramirar01,2009,CHN,82,306,97,28,0.31699346405228757,0.3888888888888889,16650000.0
ramirar01,Unknown ramirar01,2010,CHN,124,465,112,34,0.24086021505376345,0.2938856015779093,16750000.0
ramirha01,Unknown ramirha01,2006,FLO,158,633,185,56,0.292259083728278,0.35251798561151076,327000.0
ramirha01,Unknown ramirha01,2007,FLO,154,639,212,52,0.3317683881064163,0.38603988603988604,402000.0
ramirha01,Unknown ramirha01,2008,FLO,153,589,177,92,0.300509337860781,0.3997113997113997,439000.0
ramirha01,Unknown ramirha01,2009,FLO,151,576,197,61,0.3420138888888889,0.41013824884792627,5500000.0
ramirha01,Unknown ramirha01,2010,FLO,142,543,163,64,0.3001841620626151,0.3780290791599354,7000000.0
ramirma02,Unknown ramirma02,1994,CLE,91,290,78,42,0.2689655172413793,0.35714285714285715,111000.0
ramirma02,Unknown ramirma02,1995,CLE,137,484,149,75,0.30785123966942146,0.4024604569420035,150000.0
ramirma02,Unknown ramirma02,1996,CLE,152,550,170,85,0.3090909090909091,0.3987635239567233,1100000.0
ramirma02,Unknown ramirma02,1997,CLE,150,561,184,79,0.32798573975044565,0.4147465437788018,2100000.0
ramirma02,Unknown ramirma02,1998,CLE,150,571,168,76,0.29422066549912435,0.3770739064856712,2850000.0
ramirma02,Unknown ramirma02,1999,CLE,147,522,174,96,0.3333333333333333,0.4421875,4350000.0
ramirma02,Unknown ramirma02,2000,CLE,118,439,154,86,0.35079726651480636,0.4567669172932331,4250000.0
ramirma02,Unknown ramirma02,2001,BOS,142,529,162,81,0.30623818525519847,0.40483870967741936,13050000.0
ramirma02,Unknown ramirma02,2002,BOS,120,436,152,73,0.3486238532110092,0.4498069498069498,15462727.0
ramirma02,Unknown ramirma02,2003,BOS,154,569,185,97,0.3251318101933216,0.4270986745213549,20000000.0
ramirma02,Unknown ramirma02,2004,BOS,152,568,175,82,0.30809859154929575,0.39668174962292607,22500000.0
ramirma02,Unknown ramirma02,2005,BOS,152,554,162,80,0.2924187725631769,0.38769230769230767,22000000.0
ramirma02,Unknown ramirma02,2006,BOS,130,449,144,100,0.3207126948775056,0.4390681003584229,18279238.0
ramirma02,Unknown ramirma02,2007,BOS,133,483,143,71,0.29606625258799174,0.3884007029876977,17016381.0
ramirma02,Unknown ramirma02,2008,BOS,100,365,109,52,0.29863013698630136,0.3976470588235294,18929923.0
ramirma02,Unknown ramirma02,2009,LAN,104,352,102,71,0.2897727272727273,0.4176334106728538,23854494.0
ramirma02,Unknown ramirma02,2010,LAN,66,196,61,32,0.3112244897959184,0.4051724137931034,18695006.0
ramirra01,Unknown ramirra01,1990,HOU,132,445,116,24,0.2606741573033708,0.29936305732484075,1000000.0
ramirra01,Unknown ramirra01,1991,HOU,101,233,55,13,0.23605150214592274,0.27419354838709675,1200000.0
ramirra01,Unknown ramirra01,1992,HOU,73,176,44,7,0.25,0.2826086956521739,400000.0
ramosdo01,Unknown ramosdo01,1990,CHN,98,226,60,27,0.26548672566371684,0.3424124513618677,310000.0
randajo01,Unknown randajo01,1996,KCA,110,337,102,26,0.3026706231454006,0.35054347826086957,120000.0
randajo01,Unknown randajo01,1997,PIT,126,443,134,41,0.30248306997742663,0.3656565656565657,220000.0
randajo01,Unknown randajo01,1998,DET,138,460,117,41,0.2543478260869565,0.32289628180039137,375000.0
randajo01,Unknown randajo01,1999,KCA,156,628,197,50,0.31369426751592355,0.3633720930232558,910000.0
randajo01,Unknown randajo01,2000,KCA,158,612,186,36,0.30392156862745096,0.3433734939759036,1000000.0
randajo01,Unknown randajo01,2001,KCA,151,581,147,42,0.25301204819277107,0.30708661417322836,2300000.0
randajo01,Unknown randajo01,2002,KCA,151,549,155,46,0.28233151183970856,0.34146341463414637,4000000.0
randajo01,Unknown randajo01,2003,KCA,131,502,146,41,0.2908366533864542,0.348294434470377,4500000.0
randajo01,Unknown randajo01,2004,KCA,128,485,139,40,0.2865979381443299,0.3432282003710575,3250000.0
randajo01,Unknown randajo01,2005,CIN,92,332,96,33,0.2891566265060241,0.35597826086956524,2150000.0
randajo01,Unknown randajo01,2006,PIT,89,206,55,16,0.2669902912621359,0.31555555555555553,4000000.0
randowi01,Unknown randowi01,1991,ML4,124,431,141,75,0.3271461716937355,0.4243614931237721,500000.0
randowi01,Unknown randowi01,1992,NYN,90,286,72,40,0.2517482517482518,0.3515151515151515,850000.0
rasmuco01,Unknown rasmuco01,2009,SLN,147,474,119,36,0.2510548523206751,0.3067961165048544,400000.0
rasmuco01,Unknown rasmuco01,2010,SLN,144,464,128,63,0.27586206896551724,0.3609022556390977,418000.0
rayjo01,Unknown rayjo01,1990,CAL,105,404,112,19,0.27722772277227725,0.3075117370892019,1125000.0
readyra01,Unknown readyra01,1990,PHI,101,217,53,29,0.24423963133640553,0.332,520000.0
readyra01,Unknown readyra01,1991,PHI,76,205,51,47,0.24878048780487805,0.3852140077821012,600000.0
readyra01,Unknown readyra01,1992,OAK,61,125,25,25,0.2,0.32894736842105265,500000.0
rebouje01,Unknown rebouje01,1993,MIN,109,240,62,35,0.25833333333333336,0.35611510791366907,128000.0
rebouje01,Unknown rebouje01,1994,MIN,74,189,49,18,0.25925925925925924,0.3269230769230769,162500.0
rebouje01,Unknown rebouje01,1995,MIN,87,216,63,27,0.2916666666666667,0.3729508196721312,250000.0
rebouje01,Unknown rebouje01,1996,MIN,107,234,52,25,0.2222222222222222,0.29770992366412213,350000.0
rebouje01,Unknown rebouje01,1997,BAL,99,228,54,23,0.23684210526315788,0.30708661417322836,200000.0
rebouje01,Unknown rebouje01,1998,BAL,79,126,31,19,0.24603174603174602,0.35135135135135137,450000.0
rebouje01,Unknown rebouje01,1999,BAL,99,154,25,33,0.16233766233766234,0.31746031746031744,525000.0
rebouje01,Unknown rebouje01,2000,KCA,66,182,44,23,0.24175824175824176,0.32524271844660196,575000.0
rebouje01,Unknown rebouje01,2001,LAN,94,214,57,33,0.26635514018691586,0.36693548387096775,450000.0
redmati01,Unknown redmati01,2004,PIT,155,546,153,23,0.2802197802197802,0.31022530329289427,321000.0
redmati01,Unknown redmati01,2005,PIT,135,319,80,19,0.2507836990595611,0.29239766081871343,336500.0
redmomi01,Unknown redmomi01,1998,FLO,37,118,39,5,0.3305084745762712,0.368,170000.0
redmomi01,Unknown redmomi01,1999,FLO,84,242,73,26,0.30165289256198347,0.38095238095238093,220000.0
redmomi01,Unknown redmomi01,2000,FLO,87,210,53,13,0.2523809523809524,0.3162393162393162,245000.0
redmomi01,Unknown redmomi01,2001,FLO,48,141,44,13,0.3120567375886525,0.37579617834394907,300000.0
redmomi01,Unknown redmomi01,2002,FLO,89,256,78,21,0.3046875,0.3715277777777778,650000.0
redmomi01,Unknown redmomi01,2003,FLO,59,125,30,7,0.24,0.302158273381295,1050000.0
redmomi01,Unknown redmomi01,2004,FLO,81,246,63,14,0.25609756097560976,0.3148148148148148,840000.0
redmomi01,Unknown redmomi01,2005,MIN,45,148,46,6,0.3108108108108108,0.3503184713375796,900000.0
redmomi01,Unknown redmomi01,2006,MIN,47,179,61,4,0.3407821229050279,0.36507936507936506,900000.0
redmomi01,Unknown redmomi01,2007,MIN,82,272,80,18,0.29411764705882354,0.34563758389261745,950000.0
redmomi01,Unknown redmomi01,2008,MIN,38,129,37,5,0.2868217054263566,0.32116788321167883,950000.0
redmomi01,Unknown redmomi01,2009,MIN,45,135,32,11,0.23703703703703705,0.29931972789115646,950000.0
redusga01,Unknown redusga01,1990,PIT,96,227,56,33,0.24669603524229075,0.3408239700374532,500000.0
redusga01,Unknown redusga01,1991,PIT,98,252,62,28,0.24603174603174602,0.3240418118466899,600000.0
redusga01,Unknown redusga01,1992,PIT,76,176,45,17,0.2556818181818182,0.32124352331606215,825000.0
redusga01,Unknown redusga01,1993,TEX,77,222,64,23,0.2882882882882883,0.35080645161290325,500000.0
reedje02,Unknown reedje02,1990,CIN,72,175,44,24,0.25142857142857145,0.34,345000.0
reedje02,Unknown reedje02,1991,CIN,91,270,72,23,0.26666666666666666,0.3210702341137124,600000.0
reedje02,Unknown reedje02,1993,SFN,66,119,31,16,0.2605042016806723,0.34558823529411764,475000.0
reedje02,Unknown reedje02,1994,SFN,50,103,18,11,0.17475728155339806,0.2543859649122807,600000.0
reedje02,Unknown reedje02,1995,SFN,66,113,30,20,0.26548672566371684,0.37593984962406013,700000.0
reedje02,Unknown reedje02,1996,COL,116,341,97,43,0.2844574780058651,0.36503856041131105,525000.0
reedje02,Unknown reedje02,1997,COL,90,256,76,35,0.296875,0.3856655290102389,650000.0
reedje02,Unknown reedje02,1998,COL,113,259,75,37,0.28957528957528955,0.37666666666666665,1500000.0
reedje02,Unknown reedje02,1999,COL,46,106,27,17,0.25471698113207547,0.36,1300000.0
reedje02,Unknown reedje02,1999,CHN,57,150,39,28,0.26,0.3812154696132597,200000.0
reedje02,Unknown reedje02,2000,CHN,90,229,49,44,0.21397379912663755,0.3418181818181818,1000000.0
reedje03,Unknown reedje03,2005,SEA,141,488,124,48,0.2540983606557377,0.32222222222222224,316000.0
reedje03,Unknown reedje03,2006,SEA,67,212,46,11,0.2169811320754717,0.2599118942731278,375000.0
reedje03,Unknown reedje03,2009,NYN,126,161,39,14,0.2422360248447205,0.30113636363636365,925000.0
reedjo01,Unknown reedjo01,1990,BOS,155,598,173,75,0.28929765886287623,0.37058823529411766,300000.0
reedjo01,Unknown reedjo01,1991,BOS,153,618,175,60,0.28317152103559873,0.34890510948905107,850000.0
reedjo01,Unknown reedjo01,1992,BOS,143,550,136,62,0.24727272727272728,0.32142857142857145,1600000.0
reedjo01,Unknown reedjo01,1993,LAN,132,445,123,38,0.27640449438202247,0.3326488706365503,2500000.0
reedjo01,Unknown reedjo01,1994,ML4,108,399,108,57,0.2706766917293233,0.36225596529284165,750000.0
reedjo01,Unknown reedjo01,1995,SDN,131,445,114,59,0.25617977528089886,0.34765625,450000.0
reedjo01,Unknown reedjo01,1996,SDN,146,495,121,59,0.24444444444444444,0.325044404973357,1000000.0
reedjo01,Unknown reedjo01,1997,DET,52,112,22,10,0.19642857142857142,0.2777777777777778,675000.0
reesepo01,Unknown reesepo01,1997,CIN,128,397,87,31,0.21914357682619648,0.2840646651270208,150000.0
reesepo01,Unknown reesepo01,1998,CIN,59,133,34,14,0.2556390977443609,0.3221476510067114,220000.0
reesepo01,Unknown reesepo01,1999,CIN,149,585,167,35,0.28547008547008546,0.329635499207607,270000.0
reesepo01,Unknown reesepo01,2000,CIN,135,518,132,45,0.2548262548262548,0.31881533101045295,1950000.0
reesepo01,Unknown reesepo01,2001,CIN,133,428,96,34,0.22429906542056074,0.2835820895522388,3200000.0
reesepo01,Unknown reesepo01,2002,PIT,119,421,111,41,0.26365795724465557,0.32978723404255317,1750000.0
reesepo01,Unknown reesepo01,2003,PIT,37,107,23,9,0.21495327102803738,0.2711864406779661,2500000.0
reesepo01,Unknown reesepo01,2004,BOS,96,244,54,17,0.22131147540983606,0.27099236641221375,1000000.0
reimeke01,Unknown reimeke01,1992,TEX,148,494,132,42,0.26720647773279355,0.33638025594149906,210000.0
reimeke01,Unknown reimeke01,1993,ML4,125,437,109,30,0.2494279176201373,0.3025210084033613,725000.0
reimono01,Unknown reimono01,2010,BAL,39,116,24,12,0.20689655172413793,0.2824427480916031,400000.0
relafde01,Unknown relafde01,1998,PHI,142,494,121,33,0.24493927125506074,0.292910447761194,170000.0
relafde01,Unknown relafde01,1999,PHI,65,211,51,19,0.24170616113744076,0.3220338983050847,260000.0
relafde01,Unknown relafde01,2000,PHI,83,253,56,48,0.22134387351778656,0.3633440514469453,345000.0
relafde01,Unknown relafde01,2001,NYN,120,301,91,27,0.3023255813953488,0.363905325443787,475000.0
relafde01,Unknown relafde01,2002,SEA,112,329,88,33,0.2674772036474164,0.33866666666666667,1275000.0
relafde01,Unknown relafde01,2003,KCA,141,500,127,40,0.254,0.3151183970856102,900000.0
relafde01,Unknown relafde01,2004,KCA,114,380,84,34,0.22105263157894736,0.29577464788732394,900000.0
relafde01,Unknown relafde01,2005,COL,73,210,47,22,0.22380952380952382,0.3080168776371308,950000.0
renteed01,Unknown renteed01,1997,FLO,154,617,171,45,0.2771474878444084,0.3273809523809524,109500.0
renteed01,Unknown renteed01,1998,FLO,133,517,146,48,0.28239845261121854,0.3467600700525394,255000.0
renteed01,Unknown renteed01,1999,SLN,154,585,161,53,0.27521367521367524,0.33384853168469864,2000000.0
renteed01,Unknown renteed01,2000,SLN,150,562,156,63,0.2775800711743772,0.3464566929133858,2250000.0
renteed01,Unknown renteed01,2001,SLN,141,493,128,39,0.25963488843813387,0.3142329020332717,4500000.0
renteed01,Unknown renteed01,2002,SLN,152,544,166,49,0.30514705882352944,0.3637873754152824,6000000.0
renteed01,Unknown renteed01,2003,SLN,157,587,194,65,0.33049403747870526,0.3939393939393939,6500000.0
renteed01,Unknown renteed01,2004,SLN,149,586,168,39,0.28668941979522183,0.3270440251572327,7250000.0
renteed01,Unknown renteed01,2005,BOS,153,623,172,55,0.27608346709470305,0.33527696793002915,8000000.0
renteed01,Unknown renteed01,2006,ATL,149,598,175,62,0.29264214046822745,0.3609022556390977,9000000.0
renteed01,Unknown renteed01,2007,ATL,124,494,164,46,0.3319838056680162,0.3900184842883549,9000000.0
renteed01,Unknown renteed01,2008,DET,138,503,136,37,0.27037773359840955,0.3174311926605505,10000000.0
renteed01,Unknown renteed01,2009,SFN,124,460,115,39,0.25,0.3069306930693069,8000000.0
renteed01,Unknown renteed01,2010,SFN,72,243,67,21,0.2757201646090535,0.3320754716981132,10000000.0
renteri01,Unknown renteri01,1993,FLO,103,263,67,21,0.25475285171102663,0.313588850174216,109000.0
repkoja01,Unknown repkoja01,2005,LAN,129,276,61,16,0.2210144927536232,0.2809364548494983,316000.0
repkoja01,Unknown repkoja01,2006,LAN,69,130,33,15,0.25384615384615383,0.34459459459459457,338000.0
reyesjo01,Unknown reyesjo01,2004,NYN,53,220,56,5,0.2545454545454545,0.27111111111111114,307500.0
reyesjo01,Unknown reyesjo01,2005,NYN,161,696,190,27,0.27298850574712646,0.3004115226337449,332000.0
reyesjo01,Unknown reyesjo01,2006,NYN,153,647,194,53,0.29984544049459044,0.3537803138373752,401500.0
reyesjo01,Unknown reyesjo01,2007,NYN,160,681,191,77,0.28046989720998533,0.3539473684210526,2875000.0
reyesjo01,Unknown reyesjo01,2008,NYN,159,688,204,66,0.29651162790697677,0.3575197889182058,4375000.0
reyesjo01,Unknown reyesjo01,2009,NYN,36,147,41,18,0.2789115646258503,0.35542168674698793,6125000.0
reyesjo01,Unknown reyesjo01,2010,NYN,133,563,159,31,0.2824156305506217,0.32053422370617696,9375000.0
reynoha01,Unknown reynoha01,1990,SEA,160,642,162,81,0.2523364485981308,0.3360655737704918,966667.0
reynoha01,Unknown reynoha01,1991,SEA,161,631,160,72,0.25356576862123614,0.3319327731092437,1866666.0
reynoha01,Unknown reynoha01,1992,SEA,140,458,113,45,0.24672489082969432,0.3156862745098039,2166666.0
reynoha01,Unknown reynoha01,1993,BAL,145,485,122,66,0.2515463917525773,0.34285714285714286,1650000.0
reynoha01,Unknown reynoha01,1994,CAL,74,207,48,23,0.2318840579710145,0.3103448275862069,230000.0
reynoma01,Unknown reynoma01,2008,ARI,152,539,129,64,0.23933209647495363,0.3202614379084967,396500.0
reynoma01,Unknown reynoma01,2009,ARI,155,578,150,76,0.25951557093425603,0.34894259818731116,422500.0
reynoma01,Unknown reynoma01,2010,ARI,145,499,99,83,0.19839679358717435,0.32046979865771813,833333.0
reynorj01,Unknown reynorj01,1990,PIT,95,215,62,23,0.28837209302325584,0.3541666666666667,535000.0
rhodeka01,Unknown rhodeka01,1991,HOU,44,136,29,14,0.21323529411764705,0.2894736842105263,111000.0
rhodeka01,Unknown rhodeka01,1994,CHN,95,269,63,33,0.2342007434944238,0.3180327868852459,145000.0
richach01,Unknown richach01,2001,BAL,136,483,128,45,0.2650103519668737,0.3351851851851852,232500.0
richach01,Unknown richach01,2002,BAL,50,155,36,12,0.23225806451612904,0.29239766081871343,300000.0
riggash01,Unknown riggash01,2008,TBA,44,135,30,12,0.2222222222222222,0.2866666666666667,392100.0
rileser01,Unknown rileser01,1990,SFN,92,155,31,26,0.2,0.3131868131868132,675000.0
rileser01,Unknown rileser01,1991,OAK,108,281,60,31,0.21352313167259787,0.2902208201892745,792500.0
rileser01,Unknown rileser01,1993,BOS,94,143,27,20,0.1888111888111888,0.2916666666666667,400000.0
riosal01,Unknown riosal01,2005,TOR,146,481,126,28,0.26195426195426197,0.3063583815028902,331000.0
riosal01,Unknown riosal01,2006,TOR,128,450,136,35,0.3022222222222222,0.3493975903614458,354000.0
riosal01,Unknown riosal01,2007,TOR,161,643,191,55,0.29704510108864696,0.35443037974683544,2535000.0
riosal01,Unknown riosal01,2008,TOR,155,635,185,44,0.29133858267716534,0.336734693877551,4835000.0
riosal01,Unknown riosal01,2009,TOR,108,436,115,31,0.26376146788990823,0.3173277661795407,6400000.0
riosal01,Unknown riosal01,2010,CHA,147,567,161,38,0.2839506172839506,0.3338735818476499,10200000.0
riosar01,Unknown riosar01,1999,SFN,72,150,49,24,0.32666666666666666,0.42045454545454547,200000.0
riosar01,Unknown riosar01,2000,SFN,115,233,62,31,0.26609442060085836,0.34701492537313433,225000.0
riosar01,Unknown riosar01,2001,SFN,93,316,82,34,0.25949367088607594,0.32954545454545453,310000.0
riosar01,Unknown riosar01,2002,PIT,76,208,55,16,0.2644230769230769,0.3185840707964602,925000.0
riosar01,Unknown riosar01,2003,CHA,49,104,22,5,0.21153846153846154,0.24545454545454545,450000.0
ripkebi01,Unknown ripkebi01,1990,BAL,129,406,118,28,0.29064039408866993,0.3416856492027335,215000.0
ripkebi01,Unknown ripkebi01,1991,BAL,104,287,62,15,0.21602787456445993,0.2532894736842105,700000.0
ripkebi01,Unknown ripkebi01,1992,BAL,111,330,76,18,0.23030303030303031,0.2747875354107649,730000.0
ripkebi01,Unknown ripkebi01,1993,TEX,50,132,25,11,0.1893939393939394,0.2702702702702703,200000.0
ripkebi01,Unknown ripkebi01,1996,BAL,57,135,31,9,0.22962962962962963,0.2808219178082192,250000.0
ripkebi01,Unknown ripkebi01,1997,TEX,71,203,56,9,0.27586206896551724,0.2995391705069124,275000.0
ripkeca01,Unknown ripkeca01,1990,BAL,161,600,150,82,0.25,0.3414985590778098,1316667.0
ripkeca01,Unknown ripkeca01,1991,BAL,162,650,210,53,0.3230769230769231,0.3737796373779637,2566667.0
ripkeca01,Unknown ripkeca01,1992,BAL,162,637,160,64,0.25117739403453687,0.3230769230769231,2100000.0
ripkeca01,Unknown ripkeca01,1993,BAL,162,641,165,65,0.2574102964118565,0.3286908077994429,5200000.0
ripkeca01,Unknown ripkeca01,1994,BAL,112,444,140,32,0.3153153153153153,0.36363636363636365,5500000.0
ripkeca01,Unknown ripkeca01,1995,BAL,144,550,144,52,0.26181818181818184,0.3235294117647059,6700000.0
ripkeca01,Unknown ripkeca01,1996,BAL,163,640,178,59,0.278125,0.3408769448373409,6650000.0
ripkeca01,Unknown ripkeca01,1997,BAL,162,615,166,56,0.26991869918699185,0.33090379008746357,6850000.0
ripkeca01,Unknown ripkeca01,1998,BAL,161,601,163,51,0.27121464226289516,0.331306990881459,6400000.0
ripkeca01,Unknown ripkeca01,1999,BAL,86,332,113,13,0.34036144578313254,0.36752136752136755,6500000.0
ripkeca01,Unknown ripkeca01,2000,BAL,83,309,79,23,0.255663430420712,0.30973451327433627,6300000.0
ripkeca01,Unknown ripkeca01,2001,BAL,128,477,114,26,0.2389937106918239,0.27626459143968873,6300000.0
rivaslu01,Unknown rivaslu01,2001,MIN,153,563,150,40,0.2664298401420959,0.31921824104234525,200000.0
rivaslu01,Unknown rivaslu01,2002,MIN,93,316,81,19,0.2563291139240506,0.3047337278106509,240000.0
rivaslu01,Unknown rivaslu01,2003,MIN,135,475,123,30,0.25894736842105265,0.3079922027290448,340000.0
rivaslu01,Unknown rivaslu01,2004,MIN,109,336,86,13,0.25595238095238093,0.28328611898017,1500000.0
rivaslu01,Unknown rivaslu01,2005,MIN,59,136,35,9,0.25735294117647056,0.3108108108108108,1625000.0
rivaslu01,Unknown rivaslu01,2008,PIT,79,206,45,13,0.21844660194174756,0.2669683257918552,525000.0
riverju01,Unknown riverju01,2004,MON,134,391,120,34,0.3069053708439898,0.36384976525821594,312000.0
riverju01,Unknown riverju01,2005,LAA,106,350,95,23,0.2714285714285714,0.3155080213903743,390000.0
riverju01,Unknown riverju01,2006,LAA,124,448,139,33,0.31026785714285715,0.3623481781376518,1250000.0
riverju01,Unknown riverju01,2008,LAA,89,256,63,16,0.24609375,0.28214285714285714,2025000.0
riverju01,Unknown riverju01,2009,LAA,138,529,152,36,0.28733459357277885,0.3321678321678322,3250000.0
riverju01,Unknown riverju01,2010,LAA,124,416,105,33,0.25240384615384615,0.3120879120879121,4250000.0
riverlu01,Unknown riverlu01,1990,BOS,118,346,78,25,0.2254335260115607,0.27882037533512066,250000.0
riverlu01,Unknown riverlu01,1991,BOS,129,414,107,35,0.2584541062801932,0.31798245614035087,635000.0
riverlu01,Unknown riverlu01,1992,BOS,102,288,62,26,0.2152777777777778,0.2870662460567823,1075000.0
riverlu01,Unknown riverlu01,1993,BOS,62,130,27,11,0.2076923076923077,0.2727272727272727,1075000.0
rivermi02,Unknown rivermi02,2002,DET,39,132,30,4,0.22727272727272727,0.2536231884057971,200000.0
rivermi02,Unknown rivermi02,2009,MIL,41,114,26,15,0.22807017543859648,0.32575757575757575,415000.0
riverru01,Unknown riverru01,1998,SDN,95,172,36,28,0.20930232558139536,0.3251231527093596,182500.0
riverru01,Unknown riverru01,1999,SDN,147,411,80,55,0.19464720194647203,0.29473684210526313,265000.0
riverru01,Unknown riverru01,2000,SDN,135,423,88,44,0.20803782505910165,0.2964509394572025,700000.0
riverru01,Unknown riverru01,2001,CIN,117,263,67,21,0.25475285171102663,0.32068965517241377,1000000.0
roberbi01,Unknown roberbi01,1990,SDN,149,556,172,55,0.30935251798561153,0.3752012882447665,195000.0
roberbi01,Unknown roberbi01,1991,SDN,117,424,119,37,0.2806603773584906,0.3418803418803419,675000.0
roberbi01,Unknown roberbi01,1992,CIN,147,532,172,62,0.3233082706766917,0.3933333333333333,1550000.0
roberbi01,Unknown roberbi01,1993,CIN,83,292,70,38,0.23972602739726026,0.33035714285714285,3900000.0
roberbi01,Unknown roberbi01,1994,SDN,105,403,129,39,0.3200992555831266,0.3825503355704698,1650000.0
roberbi01,Unknown roberbi01,1995,SDN,73,296,90,17,0.30405405405405406,0.346031746031746,2300000.0
roberbi01,Unknown roberbi01,1996,KCA,90,339,96,25,0.2831858407079646,0.33064516129032256,2500000.0
roberbi01,Unknown roberbi01,1997,KCA,97,346,107,21,0.3092485549132948,0.3477088948787062,1950000.0
roberbi01,Unknown roberbi01,1998,DET,34,113,28,16,0.24778761061946902,0.3511450381679389,2300000.0
roberbr01,Unknown roberbr01,2004,BAL,159,641,175,71,0.27301092043681746,0.3435326842837274,345000.0
roberbr01,Unknown roberbr01,2005,BAL,143,561,176,67,0.3137254901960784,0.38740157480314963,390000.0
roberbr01,Unknown roberbr01,2006,BAL,138,563,161,55,0.28596802841918295,0.3467094703049759,3075000.0
roberbr01,Unknown roberbr01,2007,BAL,156,621,180,89,0.2898550724637681,0.37675070028011204,4200000.0
roberbr01,Unknown roberbr01,2008,BAL,155,611,181,82,0.29623567921440264,0.3780313837375178,6300000.0
roberbr01,Unknown roberbr01,2009,BAL,159,632,179,74,0.28322784810126583,0.35614525139664804,8000000.0
roberbr01,Unknown roberbr01,2010,BAL,59,230,64,26,0.2782608695652174,0.35384615384615387,10000000.0
roberda07,Unknown roberda07,1999,CLE,41,143,34,9,0.23776223776223776,0.28104575163398693,200000.0
roberda07,Unknown roberda07,2002,LAN,127,422,117,48,0.2772511848341232,0.35306553911205074,217500.0
roberda07,Unknown roberda07,2003,LAN,107,388,97,43,0.25,0.3310344827586207,400000.0
roberda07,Unknown roberda07,2004,LAN,68,233,59,28,0.2532188841201717,0.33955223880597013,975000.0
roberda07,Unknown roberda07,2005,SDN,115,411,113,53,0.2749391727493917,0.35607675906183367,1350000.0
roberda07,Unknown roberda07,2006,SDN,129,499,146,51,0.2925851703406814,0.3595706618962433,2250000.0
roberda07,Unknown roberda07,2007,SFN,114,396,103,42,0.2601010101010101,0.3310502283105023,5000000.0
roberda07,Unknown roberda07,2008,SFN,52,107,24,20,0.22429906542056074,0.34108527131782945,6500000.0
roberry01,Unknown roberry01,2009,ARI,110,305,85,40,0.2786885245901639,0.3667621776504298,400000.0
robinke02,Unknown robinke02,2002,SLN,124,181,47,11,0.2596685082872928,0.3005181347150259,250000.0
robinke02,Unknown robinke02,2003,SLN,116,208,52,8,0.25,0.28110599078341014,320000.0
rodrial01,Unknown rodrial01,1995,SEA,48,142,33,6,0.2323943661971831,0.2635135135135135,442333.0
rodrial01,Unknown rodrial01,1996,SEA,146,601,215,59,0.3577371048252912,0.4143070044709389,442334.0
rodrial01,Unknown rodrial01,1997,SEA,141,587,176,41,0.29982964224872233,0.3501577287066246,1062500.0
rodrial01,Unknown rodrial01,1998,SEA,161,686,213,45,0.3104956268221574,0.3597315436241611,2162500.0
rodrial01,Unknown rodrial01,1999,SEA,129,502,143,56,0.2848605577689243,0.3572679509632224,3112500.0
rodrial01,Unknown rodrial01,2000,SEA,148,554,175,100,0.315884476534296,0.41964285714285715,4362500.0
rodrial01,Unknown rodrial01,2001,TEX,162,632,201,75,0.3180379746835443,0.3989071038251366,22000000.0
rodrial01,Unknown rodrial01,2002,TEX,162,624,187,87,0.29967948717948717,0.3917241379310345,22000000.0
rodrial01,Unknown rodrial01,2003,TEX,161,607,181,87,0.2981878088962109,0.3958041958041958,22000000.0
rodrial01,Unknown rodrial01,2004,NYA,155,601,172,80,0.28618968386023297,0.3753581661891118,22000000.0
rodrial01,Unknown rodrial01,2005,NYA,162,605,194,91,0.32066115702479336,0.42097902097902096,26000000.0
rodrial01,Unknown rodrial01,2006,NYA,154,572,166,90,0.2902097902097902,0.3916913946587537,21680727.0
rodrial01,Unknown rodrial01,2007,NYA,158,583,183,95,0.313893653516295,0.422316384180791,22708525.0
rodrial01,Unknown rodrial01,2008,NYA,138,510,154,65,0.30196078431372547,0.39225589225589225,28000000.0
rodrial01,Unknown rodrial01,2009,NYA,124,444,127,80,0.28603603603603606,0.40186915887850466,33000000.0
rodrial01,Unknown rodrial01,2010,NYA,137,522,141,59,0.27011494252873564,0.3411764705882353,33000000.0
rodrica01,Unknown rodrica01,1994,BOS,57,174,50,11,0.28735632183908044,0.32972972972972975,109000.0
rodrihe02,Unknown rodrihe02,1993,LAN,76,176,39,11,0.2215909090909091,0.26595744680851063,136000.0
rodrihe02,Unknown rodrihe02,1994,LAN,104,306,82,17,0.2679738562091503,0.3069908814589666,177000.0
rodrihe02,Unknown rodrihe02,1996,MON,145,532,147,37,0.27631578947368424,0.3246527777777778,220000.0
rodrihe02,Unknown rodrihe02,1997,MON,132,476,116,42,0.24369747899159663,0.30592734225621415,2300000.0
rodrihe02,Unknown rodrihe02,1998,CHN,128,415,104,54,0.25060240963855424,0.33403805496828753,2700000.0
rodrihe02,Unknown rodrihe02,1999,CHN,130,447,136,56,0.3042505592841163,0.38095238095238093,3700000.0
rodrihe02,Unknown rodrihe02,2000,CHN,76,259,65,22,0.25096525096525096,0.313588850174216,4600000.0
rodriiv01,Unknown rodriiv01,1992,TEX,123,420,109,24,0.25952380952380955,0.29977628635346754,140000.0
rodriiv01,Unknown rodriiv01,1993,TEX,137,473,129,29,0.2727272727272727,0.3151750972762646,300000.0
rodriiv01,Unknown rodriiv01,1994,TEX,99,363,108,31,0.2975206611570248,0.36049382716049383,520000.0
rodriiv01,Unknown rodriiv01,1995,TEX,130,492,149,16,0.30284552845528456,0.32688588007736946,2675000.0
rodriiv01,Unknown rodriiv01,1996,TEX,153,639,192,38,0.3004694835680751,0.3416058394160584,4000000.0
rodriiv01,Unknown rodriiv01,1997,TEX,150,597,187,38,0.3132328308207705,0.3601236476043277,6825000.0
rodriiv01,Unknown rodriiv01,1998,TEX,145,579,186,32,0.32124352331606215,0.3581847649918963,6700000.0
rodriiv01,Unknown rodriiv01,1999,TEX,144,600,199,24,0.33166666666666667,0.35555555555555557,8950000.0
rodriiv01,Unknown rodriiv01,2000,TEX,91,363,126,19,0.34710743801652894,0.37532133676092544,8600000.0
rodriiv01,Unknown rodriiv01,2001,TEX,111,442,136,23,0.3076923076923077,0.3468085106382979,8200000.0
rodriiv01,Unknown rodriiv01,2002,TEX,108,408,128,25,0.3137254901960784,0.3530751708428246,9600000.0
rodriiv01,Unknown rodriiv01,2003,FLO,144,511,152,55,0.2974559686888454,0.36915077989601386,10000000.0
rodriiv01,Unknown rodriiv01,2004,DET,135,527,176,41,0.33396584440227706,0.3826086956521739,7000000.0
rodriiv01,Unknown rodriiv01,2005,DET,129,504,139,11,0.2757936507936508,0.2900763358778626,8000000.0
rodriiv01,Unknown rodriiv01,2006,DET,136,547,164,26,0.29981718464351004,0.3315972222222222,10616410.0
rodriiv01,Unknown rodriiv01,2007,DET,129,502,141,9,0.28087649402390436,0.29377431906614787,10567639.0
rodriiv01,Unknown rodriiv01,2008,DET,82,302,89,19,0.2947019867549669,0.3384615384615385,12379883.0
rodriiv01,Unknown rodriiv01,2009,HOU,93,327,82,13,0.25076452599388377,0.27988338192419826,1500000.0
rodriiv01,Unknown rodriiv01,2010,WAS,111,398,106,16,0.2663316582914573,0.2935560859188544,3000000.0
rodrijo03,Unknown rodrijo03,2006,SLN,102,183,55,21,0.3005464480874317,0.3744075829383886,332000.0
rodrilu01,Unknown rodrilu01,2006,MIN,59,115,27,14,0.23478260869565218,0.3153846153846154,332000.0
rodrilu01,Unknown rodrilu01,2007,MIN,68,155,34,12,0.21935483870967742,0.2807017543859649,392000.0
rodrilu01,Unknown rodrilu01,2009,SDN,93,208,42,37,0.20192307692307693,0.3185483870967742,675000.0
rodrise01,Unknown rodrise01,2010,TBA,118,343,86,21,0.25072886297376096,0.30831099195710454,405500.0
rolensc01,Unknown rolensc01,1996,PHI,37,130,33,13,0.25384615384615383,0.3219178082191781,109000.0
rolensc01,Unknown rolensc01,1997,PHI,156,561,159,76,0.28342245989304815,0.3774733637747336,150000.0
rolensc01,Unknown rolensc01,1998,PHI,160,601,174,93,0.2895174708818636,0.3909985935302391,750000.0
rolensc01,Unknown rolensc01,1999,PHI,112,421,113,67,0.2684085510688836,0.3682092555331992,1000000.0
rolensc01,Unknown rolensc01,2000,PHI,128,483,144,51,0.2981366459627329,0.36968576709796674,2750000.0
rolensc01,Unknown rolensc01,2001,PHI,151,554,160,74,0.2888086642599278,0.3782542113323124,5500000.0
rolensc01,Unknown rolensc01,2002,PHI,100,375,97,52,0.25866666666666666,0.3584474885844749,8600000.0
rolensc01,Unknown rolensc01,2003,SLN,154,559,160,82,0.28622540250447226,0.3820395738203957,7625000.0
rolensc01,Unknown rolensc01,2004,SLN,142,500,157,72,0.314,0.40878378378378377,8625000.0
rolensc01,Unknown rolensc01,2005,SLN,56,196,46,25,0.23469387755102042,0.32286995515695066,11625000.0
rolensc01,Unknown rolensc01,2006,SLN,142,521,154,56,0.29558541266794625,0.3686868686868687,12456336.0
rolensc01,Unknown rolensc01,2007,SLN,112,392,104,37,0.2653061224489796,0.3310657596371882,12311637.0
rolensc01,Unknown rolensc01,2008,TOR,115,408,107,46,0.2622549019607843,0.3490364025695932,11625000.0
rolensc01,Unknown rolensc01,2009,TOR,88,338,108,26,0.31952662721893493,0.3699731903485255,11625000.0
rolensc01,Unknown rolensc01,2010,CIN,133,471,134,50,0.28450106157112526,0.3575418994413408,7666666.0
rolliji01,Unknown rolliji01,2001,PHI,158,656,180,48,0.27439024390243905,0.3234880450070324,200000.0
rolliji01,Unknown rolliji01,2002,PHI,154,637,156,54,0.24489795918367346,0.3061516452074392,355000.0
rolliji01,Unknown rolliji01,2003,PHI,156,628,165,54,0.2627388535031847,0.3201754385964912,450000.0
rolliji01,Unknown rolliji01,2004,PHI,154,657,190,57,0.289193302891933,0.3477051460361613,2425000.0
rolliji01,Unknown rolliji01,2005,PHI,158,677,196,47,0.2895125553914328,0.33835616438356164,3850000.0
rolliji01,Unknown rolliji01,2006,PHI,158,689,191,57,0.2772133526850508,0.3337730870712401,5000000.0
rolliji01,Unknown rolliji01,2007,PHI,162,716,212,49,0.29608938547486036,0.3444730077120823,8000000.0
rolliji01,Unknown rolliji01,2008,PHI,137,556,154,58,0.27697841726618705,0.34887459807073956,8000000.0
rolliji01,Unknown rolliji01,2009,PHI,155,672,168,44,0.25,0.2959889349930844,8500000.0
rolliji01,Unknown rolliji01,2010,PHI,88,350,85,40,0.24285714285714285,0.3197969543147208,8500000.0
rollsda01,Unknown rollsda01,2001,TBA,81,237,62,10,0.2616033755274262,0.291497975708502,200000.0
rollsda01,Unknown rollsda01,2003,TBA,107,373,95,19,0.2546916890080429,0.3009950248756219,300000.0
rollsda01,Unknown rollsda01,2004,TBA,53,117,19,10,0.1623931623931624,0.23076923076923078,800000.0
romeral01,Unknown romeral01,2008,ARI,78,135,31,3,0.22962962962962963,0.25,390000.0
rominke01,Unknown rominke01,1990,BOS,70,136,37,12,0.27205882352941174,0.33112582781456956,250000.0
rosalad01,Unknown rosalad01,2010,OAK,80,255,69,19,0.27058823529411763,0.3212996389891697,410000.0
rossco01,Unknown rossco01,2007,FLO,66,173,58,20,0.3352601156069364,0.41116751269035534,380000.0
rossco01,Unknown rossco01,2008,FLO,145,461,120,33,0.2603036876355748,0.31620553359683795,390000.0
rossco01,Unknown rossco01,2009,FLO,151,559,151,34,0.2701252236135957,0.3211920529801324,2225000.0
rossco01,Unknown rossco01,2010,FLO,120,452,120,30,0.26548672566371684,0.3162217659137577,4450000.0
rossda01,Unknown rossda01,2004,LAN,70,165,28,15,0.1696969696969697,0.25263157894736843,310000.0
rossda01,Unknown rossda01,2005,PIT,40,108,24,6,0.2222222222222222,0.2627118644067797,338500.0
rossda01,Unknown rossda01,2006,CIN,90,247,63,37,0.2550607287449393,0.3527397260273973,500000.0
rossda01,Unknown rossda01,2007,CIN,112,311,63,30,0.20257234726688103,0.27113702623906705,1600000.0
rossda01,Unknown rossda01,2008,CIN,52,134,31,32,0.23134328358208955,0.38095238095238093,2525000.0
rossda01,Unknown rossda01,2009,ATL,54,128,35,21,0.2734375,0.38,1400000.0
rossda01,Unknown rossda01,2010,ATL,59,121,35,20,0.2892561983471074,0.3916083916083916,1600000.0
rowanaa01,Unknown rowanaa01,2002,CHA,126,302,78,12,0.2582781456953642,0.2981366459627329,225000.0
rowanaa01,Unknown rowanaa01,2003,CHA,93,157,45,7,0.28662420382165604,0.3273809523809524,320000.0
rowanaa01,Unknown rowanaa01,2004,CHA,140,487,151,30,0.31006160164271046,0.3610586011342155,340000.0
rowanaa01,Unknown rowanaa01,2005,CHA,157,578,156,32,0.2698961937716263,0.3291338582677165,2000000.0
rowanaa01,Unknown rowanaa01,2006,PHI,109,405,106,18,0.2617283950617284,0.32054176072234764,3250000.0
rowanaa01,Unknown rowanaa01,2007,PHI,161,612,189,47,0.3088235294117647,0.37390029325513197,4350000.0
rowanaa01,Unknown rowanaa01,2008,SFN,152,549,149,44,0.27140255009107467,0.33878887070376434,9600000.0
rowanaa01,Unknown rowanaa01,2009,SFN,144,499,130,30,0.2605210420841683,0.31868131868131866,9600000.0
rowanaa01,Unknown rowanaa01,2010,SFN,105,331,76,16,0.229607250755287,0.2808988764044944,13600000.0
rowlari01,Unknown rowlari01,1994,BOS,46,118,27,11,0.2288135593220339,0.29457364341085274,142500.0
ruizca01,Unknown ruizca01,2007,PHI,115,374,97,42,0.25935828877005346,0.33962264150943394,380000.0
ruizca01,Unknown ruizca01,2008,PHI,117,320,70,44,0.21875,0.31978319783197834,425000.0
ruizca01,Unknown ruizca01,2009,PHI,107,322,82,47,0.2546583850931677,0.3546666666666667,475000.0
ruizca01,Unknown ruizca01,2010,PHI,121,371,112,55,0.3018867924528302,0.3995381062355658,1900000.0
ryalru01,Unknown ryalru01,2010,ARI,104,207,54,8,0.2608695652173913,0.3076923076923077,401000.0
ryanbr01,Unknown ryanbr01,2008,SLN,80,197,48,16,0.2436548223350254,0.30697674418604654,393000.0
ryanbr01,Unknown ryanbr01,2009,SLN,129,390,114,24,0.2923076923076923,0.3404255319148936,403000.0
ryanbr01,Unknown ryanbr01,2010,SLN,139,439,98,33,0.22323462414578588,0.27882599580712786,425000.0
ryanmi03,Unknown ryanmi03,2005,MIN,57,117,27,9,0.23076923076923078,0.28346456692913385,321000.0
saboch01,Unknown saboch01,1990,CIN,148,567,153,61,0.2698412698412698,0.34330708661417325,200000.0
saboch01,Unknown saboch01,1991,CIN,153,582,175,44,0.3006872852233677,0.3543307086614173,1250500.0
saboch01,Unknown saboch01,1992,CIN,96,344,84,30,0.2441860465116279,0.30183727034120733,2750000.0
saboch01,Unknown saboch01,1993,CIN,148,552,143,43,0.25905797101449274,0.31527093596059114,3100000.0
saboch01,Unknown saboch01,1994,BAL,68,258,66,20,0.2558139534883721,0.3204225352112676,2000000.0
saboch01,Unknown saboch01,1996,CIN,54,125,32,18,0.256,0.3541666666666667,200000.0
sadledo01,Unknown sadledo01,1998,BOS,58,124,28,6,0.22580645161290322,0.27611940298507465,170000.0
sadledo01,Unknown sadledo01,1999,BOS,49,107,30,5,0.2803738317757009,0.3125,200000.0
saenzol01,Unknown saenzol01,1999,OAK,97,255,70,22,0.27450980392156865,0.36271186440677966,240000.0
saenzol01,Unknown saenzol01,2000,OAK,76,214,67,25,0.3130841121495327,0.4008097165991903,260000.0
saenzol01,Unknown saenzol01,2001,OAK,106,305,67,19,0.21967213114754097,0.2911764705882353,290000.0
saenzol01,Unknown saenzol01,2002,OAK,68,156,43,13,0.27564102564102566,0.3539325842696629,800000.0
saenzol01,Unknown saenzol01,2005,LAN,109,319,84,27,0.26332288401253917,0.3247863247863248,650000.0
saenzol01,Unknown saenzol01,2006,LAN,103,179,53,14,0.29608938547486036,0.3627450980392157,1000000.0
saenzol01,Unknown saenzol01,2007,LAN,92,110,21,16,0.19090909090909092,0.29545454545454547,1000000.0
salazje01,Unknown salazje01,2008,ARI,90,128,27,21,0.2109375,0.33112582781456956,393000.0
salazlu01,Unknown salazlu01,1990,CHN,115,410,104,19,0.25365853658536586,0.2926267281105991,550000.0
salazlu01,Unknown salazlu01,1991,CHN,103,333,86,15,0.25825825825825827,0.2922636103151863,575000.0
salazlu01,Unknown salazlu01,1992,CHN,98,255,53,11,0.20784313725490197,0.23703703703703705,600000.0
salazos01,Unknown salazos01,2010,SDN,85,131,31,16,0.2366412213740458,0.31756756756756754,408500.0
salmoti01,Unknown salmoti01,1993,CAL,142,515,146,82,0.283495145631068,0.3819672131147541,127500.0
salmoti01,Unknown salmoti01,1994,CAL,100,373,107,54,0.2868632707774799,0.3816091954022989,600000.0
salmoti01,Unknown salmoti01,1995,CAL,143,537,177,91,0.329608938547486,0.42946708463949845,950000.0
salmoti01,Unknown salmoti01,1996,CAL,156,581,166,93,0.2857142857142857,0.38619676945668135,2500000.0
salmoti01,Unknown salmoti01,1997,ANA,157,582,172,95,0.29553264604810997,0.3942446043165468,3500000.0
salmoti01,Unknown salmoti01,1998,ANA,136,463,139,90,0.3002159827213823,0.4098939929328622,5000000.0
salmoti01,Unknown salmoti01,1999,ANA,98,353,94,63,0.26628895184135976,0.37203791469194314,5500000.0
salmoti01,Unknown salmoti01,2000,ANA,158,568,165,104,0.2904929577464789,0.40441176470588236,6000000.0
salmoti01,Unknown salmoti01,2001,ANA,137,475,108,96,0.22736842105263158,0.3648881239242685,6500000.0
salmoti01,Unknown salmoti01,2002,ANA,138,483,138,71,0.2857142857142857,0.38028169014084506,9650000.0
salmoti01,Unknown salmoti01,2003,ANA,148,528,145,77,0.2746212121212121,0.37359098228663445,9900000.0
salmoti01,Unknown salmoti01,2004,ANA,60,186,47,14,0.25268817204301075,0.3058252427184466,9900000.0
salmoti01,Unknown salmoti01,2006,LAA,76,211,56,29,0.26540284360189575,0.36065573770491804,400000.0
saltaja01,Unknown saltaja01,2009,TEX,84,283,66,22,0.2332155477031802,0.2899022801302932,410890.0
samueju01,Unknown samueju01,1990,LAN,143,492,119,51,0.241869918699187,0.31645569620253167,1350000.0
samueju01,Unknown samueju01,1991,LAN,153,594,161,49,0.27104377104377103,0.32819722650231126,1575000.0
samueju01,Unknown samueju01,1992,LAN,47,122,32,7,0.26229508196721313,0.30303030303030304,2325000.0
samueju01,Unknown samueju01,1993,CIN,103,261,60,23,0.22988505747126436,0.2975778546712803,700000.0
samueju01,Unknown samueju01,1994,DET,59,136,42,10,0.3088235294117647,0.36423841059602646,400000.0
samueju01,Unknown samueju01,1995,DET,76,171,48,24,0.2807017543859649,0.3756345177664975,375000.0
samueju01,Unknown samueju01,1996,TOR,69,188,48,15,0.2553191489361702,0.3188405797101449,325000.0
sanchal03,Unknown sanchal03,2002,MIL,112,394,114,31,0.2893401015228426,0.34265734265734266,202000.0
sanchal03,Unknown sanchal03,2003,MIL,43,163,46,7,0.2822085889570552,0.3160919540229885,340000.0
sanchal03,Unknown sanchal03,2004,DET,79,332,107,7,0.32228915662650603,0.3352941176470588,385000.0
sanchal03,Unknown sanchal03,2005,TBA,43,133,46,7,0.3458646616541353,0.3732394366197183,316000.0
sanchfr01,Unknown sanchfr01,2005,PIT,132,453,132,27,0.2913907284768212,0.3360655737704918,322000.0
sanchfr01,Unknown sanchfr01,2006,PIT,157,582,200,31,0.3436426116838488,0.3783783783783784,342000.0
sanchfr01,Unknown sanchfr01,2007,PIT,147,602,183,32,0.30398671096345514,0.3425499231950845,2750000.0
sanchfr01,Unknown sanchfr01,2008,PIT,145,569,154,21,0.27065026362038663,0.29833333333333334,4150000.0
sanchfr01,Unknown sanchfr01,2009,PIT,86,355,105,20,0.29577464788732394,0.33421052631578946,6250000.0
sanchfr01,Unknown sanchfr01,2010,SFN,111,431,126,32,0.2923433874709977,0.34182590233545646,6000000.0
sanchga01,Unknown sanchga01,2010,FLO,151,572,156,57,0.2727272727272727,0.340625,401000.0
sanchre01,Unknown sanchre01,1993,CHN,105,344,97,15,0.2819767441860465,0.3159340659340659,180000.0
sanchre01,Unknown sanchre01,1994,CHN,96,291,83,20,0.2852233676975945,0.3448275862068966,225000.0
sanchre01,Unknown sanchre01,1995,CHN,114,428,119,14,0.2780373831775701,0.30112359550561796,675000.0
sanchre01,Unknown sanchre01,1996,CHN,95,289,61,22,0.21107266435986158,0.2721518987341772,1200000.0
sanchre01,Unknown sanchre01,1997,CHN,97,205,51,11,0.24878048780487805,0.28703703703703703,1287500.0
sanchre01,Unknown sanchre01,1998,SFN,109,316,90,16,0.2848101265822785,0.3254437869822485,500000.0
sanchre01,Unknown sanchre01,1999,KCA,134,479,141,22,0.29436325678496866,0.328740157480315,1200000.0
sanchre01,Unknown sanchre01,2000,KCA,143,509,139,28,0.2730844793713163,0.31433823529411764,2300000.0
sanchre01,Unknown sanchre01,2001,KCA,100,390,118,11,0.30256410256410254,0.32186732186732187,2300000.0
sanchre01,Unknown sanchre01,2002,BOS,107,357,102,17,0.2857142857142857,0.31758530183727035,700000.0
sanchre01,Unknown sanchre01,2003,NYN,56,174,36,8,0.20689655172413793,0.24043715846994534,1300000.0
sanchre01,Unknown sanchre01,2004,TBA,91,285,70,12,0.24561403508771928,0.28052805280528054,1000000.0
sandbry01,Unknown sandbry01,1990,CHN,155,615,188,50,0.3056910569105691,0.3540740740740741,1550000.0
sandbry01,Unknown sandbry01,1992,CHN,158,612,186,68,0.30392156862745096,0.37117903930131,2150000.0
sandbry01,Unknown sandbry01,1993,CHN,117,456,141,37,0.3092105263157895,0.3592814371257485,5975000.0
sandbry01,Unknown sandbry01,1994,CHN,57,223,53,23,0.23766816143497757,0.3117408906882591,5975000.0
sandbry01,Unknown sandbry01,1996,CHN,150,554,135,54,0.24368231046931407,0.3161290322580645,2300000.0
sandbry01,Unknown sandbry01,1997,CHN,135,447,118,28,0.2639821029082774,0.30833333333333335,3250000.0
sandede02,Unknown sandede02,1991,ATL,54,110,21,12,0.19090909090909092,0.27049180327868855,660000.0
sandede02,Unknown sandede02,1992,ATL,97,303,92,18,0.30363036303630364,0.345679012345679,600000.0
sandede02,Unknown sandede02,1993,ATL,95,272,75,16,0.2757352941176471,0.32081911262798635,3166667.0
sandede02,Unknown sandede02,1994,ATL,46,191,55,16,0.2879581151832461,0.34285714285714286,3632513.0
sandede02,Unknown sandede02,1995,CIN,33,129,31,9,0.24031007751937986,0.29577464788732394,3666667.0
sandede02,Unknown sandede02,1997,CIN,115,465,127,34,0.2731182795698925,0.32938856015779094,1200000.0
sandere02,Unknown sandere02,1992,CIN,116,385,104,48,0.2701298701298701,0.3561643835616438,109000.0
sandere02,Unknown sandere02,1993,CIN,138,496,136,51,0.27419354838709675,0.34285714285714286,275000.0
sandere02,Unknown sandere02,1994,CIN,107,400,105,41,0.2625,0.33183856502242154,925000.0
sandere02,Unknown sandere02,1995,CIN,133,484,148,69,0.30578512396694213,0.3968253968253968,1975000.0
sandere02,Unknown sandere02,1996,CIN,81,287,72,44,0.2508710801393728,0.3532934131736527,3575000.0
sandere02,Unknown sandere02,1997,CIN,86,312,79,42,0.2532051282051282,0.3473389355742297,3700000.0
sandere02,Unknown sandere02,1998,CIN,135,481,129,51,0.2681912681912682,0.3456561922365989,3700000.0
sandere02,Unknown sandere02,1999,SDN,133,478,136,65,0.28451882845188287,0.37636363636363634,3700000.0
sandere02,Unknown sandere02,2000,ATL,103,340,79,32,0.2323529411764706,0.30213903743315507,3700000.0
sandere02,Unknown sandere02,2001,ARI,126,441,116,46,0.26303854875283444,0.3373737373737374,1500000.0
sandere02,Unknown sandere02,2002,SFN,140,505,126,47,0.2495049504950495,0.3239929947460595,1750000.0
sandere02,Unknown sandere02,2003,PIT,130,453,129,38,0.2847682119205298,0.3453815261044177,1000000.0
sandere02,Unknown sandere02,2004,SLN,135,446,116,33,0.2600896860986547,0.3148148148148148,2000000.0
sandere02,Unknown sandere02,2005,SLN,93,295,80,28,0.2711864406779661,0.3404255319148936,4000000.0
sandere02,Unknown sandere02,2006,KCA,88,325,80,28,0.24615384615384617,0.30446927374301674,5000000.0
sandopa01,Unknown sandopa01,2009,SFN,153,572,189,52,0.3304195804195804,0.38704581358609796,401750.0
sandopa01,Unknown sandopa01,2010,SFN,152,563,151,47,0.2682060390763766,0.32305194805194803,465000.0
santafp01,Unknown santafp01,1996,MON,152,393,109,49,0.27735368956743,0.36899563318777295,121000.0
santafp01,Unknown santafp01,1997,MON,130,350,87,50,0.24857142857142858,0.37850467289719625,212500.0
santafp01,Unknown santafp01,1998,MON,122,383,82,44,0.21409921671018275,0.3303769401330377,320000.0
santafp01,Unknown santafp01,1999,SFN,113,254,66,53,0.25984251968503935,0.40625,550000.0
santafp01,Unknown santafp01,2000,LAN,81,142,28,21,0.19718309859154928,0.3216374269005848,750000.0
santibe01,Unknown santibe01,1990,SDN,100,344,93,27,0.2703488372093023,0.3228346456692913,750000.0
santibe01,Unknown santibe01,1991,SDN,152,580,155,23,0.2672413793103448,0.2964169381107492,1650000.0
santibe01,Unknown santibe01,1992,SDN,106,386,97,21,0.25129533678756477,0.2871046228710462,3300000.0
santibe01,Unknown santibe01,1993,FLO,139,469,108,37,0.2302771855010661,0.2912621359223301,3400000.0
santibe01,Unknown santibe01,1994,FLO,101,337,92,25,0.27299703264094954,0.3215258855585831,3800000.0
santibe01,Unknown santibe01,1995,CIN,81,266,76,24,0.2857142857142857,0.35135135135135137,650000.0
santibe01,Unknown santibe01,1996,PHI,136,481,127,49,0.26403326403326405,0.3320825515947467,1700000.0
santibe01,Unknown santibe01,1997,TOR,97,341,83,17,0.2434017595307918,0.27945205479452057,2500000.0
santibe01,Unknown santibe01,1999,CHN,109,350,87,32,0.24857142857142858,0.3134715025906736,1700000.0
santibe01,Unknown santibe01,2000,CIN,89,252,66,19,0.2619047619047619,0.3104693140794224,650000.0
santibe01,Unknown santibe01,2001,SFN,133,477,125,23,0.2620545073375262,0.2952755905511811,500000.0
santibe01,Unknown santibe01,2002,SFN,126,478,133,27,0.27824267782426776,0.3151750972762646,2044168.0
santibe01,Unknown santibe01,2003,SFN,108,401,112,29,0.2793017456359102,0.3294930875576037,1775000.0
santibe01,Unknown santibe01,2004,KCA,49,175,48,8,0.2742857142857143,0.3118279569892473,2150000.0
santira01,Unknown santira01,2003,DET,141,444,100,33,0.22522522522522523,0.29243353783231085,307000.0
santira01,Unknown santira01,2008,DET,58,124,35,22,0.28225806451612906,0.4105960264900662,575000.0
santira01,Unknown santira01,2009,DET,93,262,70,17,0.26717557251908397,0.3181818181818182,825000.0
santira01,Unknown santira01,2010,DET,112,320,84,30,0.2625,0.3370473537604457,1250000.0
santone01,Unknown santone01,1990,MON,59,163,31,8,0.1901840490797546,0.2215909090909091,205000.0
sassema01,Unknown sassema01,1990,NYN,100,270,83,15,0.3074074074074074,0.34375,155000.0
sassema01,Unknown sassema01,1991,NYN,96,228,62,9,0.2719298245614035,0.2975206611570248,505000.0
sassema01,Unknown sassema01,1992,NYN,92,141,34,3,0.24113475177304963,0.2483221476510067,775000.0
sassema01,Unknown sassema01,1993,SEA,83,188,41,15,0.21808510638297873,0.27403846153846156,475000.0
saxst01,Unknown saxst01,1990,NYA,155,615,160,49,0.2601626016260163,0.31602373887240354,950000.0
saxst01,Unknown saxst01,1991,NYA,158,652,198,41,0.30368098159509205,0.34472934472934474,1650001.0
saxst01,Unknown saxst01,1992,CHA,143,567,134,43,0.23633156966490299,0.2896440129449838,3575000.0
saxst01,Unknown saxst01,1993,CHA,57,119,28,8,0.23529411764705882,0.28346456692913385,1975000.0
scarsst01,Unknown scarsst01,1993,SFN,44,103,26,4,0.2524271844660194,0.2777777777777778,115000.0
scarsst01,Unknown scarsst01,1994,SFN,52,103,28,10,0.27184466019417475,0.33043478260869563,130000.0
scarsst01,Unknown scarsst01,1995,SFN,80,233,62,18,0.26609442060085836,0.3333333333333333,137500.0
scarsst01,Unknown scarsst01,1996,SFN,105,283,62,25,0.21908127208480566,0.2861736334405145,375000.0
schaeje01,Unknown schaeje01,1991,SEA,84,164,41,5,0.25,0.27218934911242604,110000.0
schafjo02,Unknown schafjo02,2009,ATL,50,167,34,27,0.20359281437125748,0.3128205128205128,400000.0
schiena01,Unknown schiena01,2009,SFN,116,285,76,16,0.26666666666666666,0.30194805194805197,401250.0
schiena01,Unknown schiena01,2010,SFN,137,227,55,20,0.2422907488986784,0.3107569721115538,416500.0
schnebr01,Unknown schnebr01,2002,MON,73,207,57,21,0.2753623188405797,0.3391304347826087,212000.0
schnebr01,Unknown schnebr01,2003,MON,108,335,77,37,0.2298507462686567,0.30851063829787234,310000.0
schnebr01,Unknown schnebr01,2004,MON,135,436,112,42,0.25688073394495414,0.3250517598343685,350000.0
schnebr01,Unknown schnebr01,2005,WAS,116,369,99,29,0.2682926829268293,0.33004926108374383,2000000.0
schnebr01,Unknown schnebr01,2006,WAS,124,410,105,38,0.25609756097560976,0.3200883002207506,2700000.0
schnebr01,Unknown schnebr01,2007,WAS,129,408,96,56,0.23529411764705882,0.32558139534883723,3500000.0
schnebr01,Unknown schnebr01,2008,NYN,110,335,86,42,0.25671641791044775,0.3394736842105263,4900000.0
schnebr01,Unknown schnebr01,2009,NYN,59,170,37,18,0.21764705882352942,0.2916666666666667,4900000.0
schnebr01,Unknown schnebr01,2010,PHI,47,125,30,19,0.24,0.3448275862068966,1125000.0
schofdi02,Unknown schofdi02,1990,CAL,99,310,79,52,0.25483870967741934,0.3633879781420765,983333.0
schofdi02,Unknown schofdi02,1991,CAL,134,427,96,50,0.22482435597189696,0.3104166666666667,1483334.0
schofdi02,Unknown schofdi02,1993,TOR,36,110,21,16,0.19090909090909092,0.29365079365079366,800000.0
schofdi02,Unknown schofdi02,1994,TOR,95,325,83,34,0.2553846153846154,0.3315068493150685,640000.0
schumsk01,Unknown schumsk01,2007,SLN,88,177,59,8,0.3333333333333333,0.3582887700534759,382000.0
schumsk01,Unknown schumsk01,2008,SLN,153,540,163,47,0.30185185185185187,0.3593220338983051,396000.0
schumsk01,Unknown schumsk01,2009,SLN,153,532,161,52,0.3026315789473684,0.3641025641025641,430000.0
schumsk01,Unknown schumsk01,2010,SLN,137,476,126,43,0.2647058823529412,0.32827324478178366,2000000.0
sciosmi01,Unknown sciosmi01,1990,LAN,135,435,115,55,0.26436781609195403,0.34808853118712274,1233333.0
sciosmi01,Unknown sciosmi01,1991,LAN,119,345,91,47,0.263768115942029,0.3533834586466165,2183333.0
sciosmi01,Unknown sciosmi01,1992,LAN,117,348,77,32,0.22126436781609196,0.2864583333333333,2183333.0
scottlu01,Unknown scottlu01,2007,HOU,132,369,94,53,0.25474254742547425,0.35058823529411764,382000.0
scottlu01,Unknown scottlu01,2008,BAL,148,475,122,53,0.25684210526315787,0.3358208955223881,430000.0
scottlu01,Unknown scottlu01,2009,BAL,128,449,116,55,0.2583518930957684,0.33992094861660077,2400000.0
scottlu01,Unknown scottlu01,2010,BAL,131,447,127,59,0.2841163310961969,0.36750483558994196,4050000.0
scutama01,Unknown scutama01,2004,OAK,137,455,124,16,0.2725274725274725,0.2966101694915254,301500.0
scutama01,Unknown scutama01,2005,OAK,118,381,94,36,0.24671916010498687,0.31026252983293556,323500.0
scutama01,Unknown scutama01,2006,OAK,117,365,97,50,0.26575342465753427,0.35,340000.0
scutama01,Unknown scutama01,2007,OAK,104,338,88,35,0.2603550295857988,0.33156498673740054,1550000.0
scutama01,Unknown scutama01,2008,TOR,145,517,138,57,0.26692456479690524,0.3412969283276451,1550000.0
scutama01,Unknown scutama01,2009,TOR,144,574,162,90,0.28222996515679444,0.37925925925925924,1100000.0
scutama01,Unknown scutama01,2010,BOS,150,632,174,53,0.27531645569620256,0.33285094066570187,5500000.0
sefcike01,Unknown sefcike01,1996,PHI,44,116,33,9,0.28448275862068967,0.34108527131782945,109000.0
sefcike01,Unknown sefcike01,1997,PHI,61,119,32,4,0.2689075630252101,0.29838709677419356,150000.0
sefcike01,Unknown sefcike01,1998,PHI,104,169,53,25,0.3136094674556213,0.4207920792079208,195000.0
sefcike01,Unknown sefcike01,1999,PHI,111,209,58,29,0.27751196172248804,0.3682008368200837,425000.0
sefcike01,Unknown sefcike01,2000,PHI,99,153,36,13,0.23529411764705882,0.3,475000.0
seguida01,Unknown seguida01,1991,BAL,86,212,59,12,0.2783018867924528,0.31555555555555553,106000.0
seguida01,Unknown seguida01,1992,BAL,115,189,44,20,0.2328042328042328,0.3062200956937799,150000.0
seguida01,Unknown seguida01,1993,BAL,146,450,123,58,0.2733333333333333,0.3507751937984496,237500.0
seguida01,Unknown seguida01,1994,NYN,92,336,81,33,0.24107142857142858,0.30831099195710454,550000.0
seguida01,Unknown seguida01,1996,MON,115,416,119,60,0.2860576923076923,0.3752620545073375,1550000.0
seguida01,Unknown seguida01,1997,MON,125,459,141,57,0.30718954248366015,0.38049713193116635,1550000.0
seguida01,Unknown seguida01,1998,SEA,143,522,159,49,0.3045977011494253,0.3586206896551724,2350000.0
seguida01,Unknown seguida01,1999,SEA,90,345,101,32,0.2927536231884058,0.35170603674540685,2500000.0
seguida01,Unknown seguida01,2000,TEX,93,351,118,34,0.33618233618233617,0.390745501285347,4325000.0
seguida01,Unknown seguida01,2001,BAL,82,292,88,49,0.3013698630136986,0.40634005763688763,7000000.0
seguida01,Unknown seguida01,2003,BAL,67,224,59,26,0.26339285714285715,0.3412698412698413,7000000.0
seguife01,Unknown seguife01,1999,MON,35,105,27,5,0.2571428571428571,0.3277310924369748,201500.0
seitzke01,Unknown seitzke01,1990,KCA,158,622,171,67,0.27491961414790994,0.3463203463203463,1001250.0
seitzke01,Unknown seitzke01,1991,KCA,85,234,62,29,0.26495726495726496,0.34962406015037595,1625000.0
seitzke01,Unknown seitzke01,1992,ML4,148,540,146,57,0.27037037037037037,0.3371710526315789,109000.0
seitzke01,Unknown seitzke01,1993,OAK,73,255,65,27,0.2549019607843137,0.3240418118466899,600000.0
seitzke01,Unknown seitzke01,1993,ML4,47,162,47,17,0.29012345679012347,0.35911602209944754,109000.0
seitzke01,Unknown seitzke01,1994,ML4,80,309,97,30,0.313915857605178,0.375,675000.0
seitzke01,Unknown seitzke01,1995,ML4,132,492,153,64,0.31097560975609756,0.39469026548672564,938890.0
seitzke01,Unknown seitzke01,1996,ML4,132,490,155,73,0.3163265306122449,0.40559440559440557,1150000.0
seitzke01,Unknown seitzke01,1997,CLE,64,198,53,18,0.2676767676767677,0.3256880733944954,1220000.0
servasc01,Unknown servasc01,1992,HOU,77,205,49,11,0.23902439024390243,0.29411764705882354,120000.0
servasc01,Unknown servasc01,1993,HOU,85,258,63,22,0.2441860465116279,0.3125,170000.0
servasc01,Unknown servasc01,1994,HOU,78,251,49,10,0.1952191235059761,0.23507462686567165,280000.0
servasc01,Unknown servasc01,1996,CHN,129,445,118,30,0.2651685393258427,0.32661290322580644,822500.0
servasc01,Unknown servasc01,1997,CHN,122,385,100,24,0.2597402597402597,0.31100478468899523,1370000.0
servasc01,Unknown servasc01,1998,CHN,113,325,72,26,0.22153846153846155,0.28851540616246496,1645000.0
servasc01,Unknown servasc01,1999,SFN,69,198,54,13,0.2727272727272727,0.32710280373831774,500000.0
servasc01,Unknown servasc01,2000,COL,33,101,22,7,0.21782178217821782,0.2727272727272727,625000.0
sexsori01,Unknown sexsori01,1998,CLE,49,174,54,6,0.3103448275862069,0.3442622950819672,175000.0
sexsori01,Unknown sexsori01,1999,CLE,134,479,122,34,0.2546972860125261,0.3047619047619048,219000.0
sexsori01,Unknown sexsori01,2000,CLE,91,324,83,25,0.25617283950617287,0.3146067415730337,247000.0
sexsori01,Unknown sexsori01,2001,MIL,158,598,162,60,0.2709030100334448,0.34182908545727136,1125000.0
sexsori01,Unknown sexsori01,2002,MIL,157,570,159,70,0.2789473684210526,0.36349693251533743,3125000.0
sexsori01,Unknown sexsori01,2003,MIL,162,606,165,98,0.2722772277227723,0.3788300835654596,5125000.0
sexsori01,Unknown sexsori01,2005,SEA,156,558,147,89,0.26344086021505375,0.36890243902439024,6000000.0
sexsori01,Unknown sexsori01,2006,SEA,158,591,156,64,0.2639593908629442,0.3378582202111614,13000000.0
sexsori01,Unknown sexsori01,2007,SEA,121,434,89,51,0.20506912442396313,0.2953156822810591,15500000.0
sexsori01,Unknown sexsori01,2008,SEA,74,252,55,37,0.21825396825396826,0.3150684931506849,15500000.0
sharpmi01,Unknown sharpmi01,1990,LAN,129,357,106,46,0.2969187675070028,0.3759213759213759,135000.0
sharpmi01,Unknown sharpmi01,1991,LAN,105,216,60,25,0.2777777777777778,0.35537190082644626,307500.0
sharpmi01,Unknown sharpmi01,1992,LAN,128,317,95,47,0.2996845425867508,0.3869209809264305,587500.0
sheafda01,Unknown sheafda01,1993,COL,82,216,60,8,0.2777777777777778,0.2987012987012987,120000.0
sheafda01,Unknown sheafda01,1994,COL,44,110,24,10,0.21818181818181817,0.2833333333333333,185000.0
sheafda01,Unknown sheafda01,1995,SLN,76,208,48,23,0.23076923076923078,0.30603448275862066,200000.0
sheafda01,Unknown sheafda01,1996,SLN,79,198,45,9,0.22727272727272727,0.2714285714285714,335000.0
sheafda01,Unknown sheafda01,1997,SLN,76,132,33,8,0.25,0.29577464788732394,425000.0
shealry01,Unknown shealry01,2007,KCA,52,172,38,13,0.22093023255813954,0.2857142857142857,392500.0
sheetan01,Unknown sheetan01,1996,SEA,47,110,21,10,0.19090909090909092,0.26229508196721313,109000.0
sheetan01,Unknown sheetan01,1998,SDN,88,194,47,21,0.2422680412371134,0.31797235023041476,181000.0
sheetan01,Unknown sheetan01,1999,ANA,87,244,48,14,0.19672131147540983,0.23574144486692014,275000.0
sheetla01,Unknown sheetla01,1990,DET,131,360,94,24,0.2611111111111111,0.3076923076923077,670000.0
sheffga01,Unknown sheffga01,1990,ML4,125,487,143,44,0.2936344969199179,0.34990791896869244,115000.0
sheffga01,Unknown sheffga01,1991,ML4,50,175,34,19,0.19428571428571428,0.27722772277227725,400000.0
sheffga01,Unknown sheffga01,1992,SDN,146,557,184,48,0.3303411131059246,0.3851132686084142,750000.0
sheffga01,Unknown sheffga01,1993,SDN,68,258,76,18,0.29457364341085274,0.34397163120567376,3110000.0
sheffga01,Unknown sheffga01,1994,FLO,87,322,89,51,0.27639751552795033,0.3802083333333333,4625000.0
sheffga01,Unknown sheffga01,1995,FLO,63,213,69,55,0.323943661971831,0.46715328467153283,5625000.0
sheffga01,Unknown sheffga01,1996,FLO,161,519,163,142,0.3140655105973025,0.465288035450517,6135000.0
sheffga01,Unknown sheffga01,1997,FLO,135,444,111,121,0.25,0.42439862542955326,6100000.0
sheffga01,Unknown sheffga01,1998,FLO,40,136,37,26,0.27205882352941174,0.39156626506024095,14936667.0
sheffga01,Unknown sheffga01,1999,LAN,152,549,165,101,0.3005464480874317,0.4072398190045249,9956667.0
sheffga01,Unknown sheffga01,2000,LAN,141,501,163,101,0.3253493013972056,0.43790849673202614,9916667.0
sheffga01,Unknown sheffga01,2001,LAN,143,515,160,94,0.3106796116504854,0.4174757281553398,9916667.0
sheffga01,Unknown sheffga01,2002,ATL,135,492,151,72,0.30691056910569103,0.40414507772020725,9916667.0
sheffga01,Unknown sheffga01,2003,ATL,155,576,190,86,0.3298611111111111,0.41887905604719766,11416667.0
sheffga01,Unknown sheffga01,2004,NYA,154,573,166,92,0.28970331588132636,0.3932748538011696,13000000.0
sheffga01,Unknown sheffga01,2005,NYA,154,584,170,78,0.2910958904109589,0.37925925925925924,13000000.0
sheffga01,Unknown sheffga01,2006,NYA,39,151,45,13,0.2980132450331126,0.35542168674698793,10756171.0
sheffga01,Unknown sheffga01,2007,DET,133,494,131,84,0.2651821862348178,0.3777403035413153,10916071.0
sheffga01,Unknown sheffga01,2008,DET,114,418,94,58,0.22488038277511962,0.3257261410788382,13326306.0
sheffga01,Unknown sheffga01,2009,NYN,100,268,74,40,0.27611940298507465,0.3717948717948718,14000000.0
shelbjo01,Unknown shelbjo01,1991,DET,53,143,22,8,0.15384615384615385,0.20394736842105263,525000.0
sheldsc01,Unknown sheldsc01,2000,TEX,58,124,35,10,0.28225806451612906,0.3357664233576642,200000.0
sheldsc01,Unknown sheldsc01,2001,TEX,61,120,24,3,0.2,0.216,265000.0
sheltch01,Unknown sheltch01,2006,DET,115,373,102,34,0.2734584450402145,0.33980582524271846,365000.0
shinjts01,Unknown shinjts01,2001,NYN,123,400,107,25,0.2675,0.32027649769585254,500000.0
shinjts01,Unknown shinjts01,2002,SFN,118,362,86,24,0.23756906077348067,0.2936708860759494,1350000.0
shinjts01,Unknown shinjts01,2003,NYN,62,114,22,6,0.19298245614035087,0.23770491803278687,600000.0
shiplcr01,Unknown shiplcr01,1992,SDN,52,105,26,2,0.24761904761904763,0.2616822429906542,117500.0
shiplcr01,Unknown shiplcr01,1993,SDN,105,230,54,10,0.23478260869565218,0.27459016393442626,149000.0
shiplcr01,Unknown shiplcr01,1994,SDN,81,240,80,9,0.3333333333333333,0.36220472440944884,275000.0
shiplcr01,Unknown shiplcr01,1995,HOU,92,232,61,8,0.2629310344827586,0.29098360655737704,562500.0
shiplcr01,Unknown shiplcr01,1997,SDN,63,139,38,7,0.2733812949640288,0.30612244897959184,500000.0
shoppke01,Unknown shoppke01,2006,CLE,41,110,27,8,0.24545454545454545,0.2966101694915254,327000.0
shoppke01,Unknown shoppke01,2007,CLE,59,161,42,11,0.2608695652173913,0.3103448275862069,383400.0
shoppke01,Unknown shoppke01,2008,CLE,112,352,92,36,0.26136363636363635,0.3475,404100.0
shoppke01,Unknown shoppke01,2009,CLE,89,271,58,33,0.2140221402214022,0.3353846153846154,1950000.0
shoppke01,Unknown shoppke01,2010,TBA,63,158,31,20,0.1962025316455696,0.3081081081081081,2250000.0
shumpte01,Unknown shumpte01,1991,KCA,144,369,80,30,0.21680216802168023,0.28255528255528256,110000.0
shumpte01,Unknown shumpte01,1994,KCA,64,183,44,13,0.24043715846994534,0.2893401015228426,205000.0
shumpte01,Unknown shumpte01,1999,COL,92,262,91,31,0.3473282442748092,0.41333333333333333,220000.0
shumpte01,Unknown shumpte01,2000,COL,115,263,68,28,0.2585551330798479,0.34,650000.0
shumpte01,Unknown shumpte01,2001,COL,114,242,70,15,0.2892561983471074,0.3371647509578544,725000.0
shumpte01,Unknown shumpte01,2002,COL,106,234,55,21,0.23504273504273504,0.3041825095057034,775000.0
sierrru01,Unknown sierrru01,1990,TEX,159,608,170,49,0.27960526315789475,0.3303303303303303,1625000.0
sierrru01,Unknown sierrru01,1991,TEX,161,661,203,56,0.3071104387291982,0.35674931129476584,2650000.0
sierrru01,Unknown sierrru01,1992,TEX,124,500,139,31,0.278,0.31539888682745826,5000000.0
sierrru01,Unknown sierrru01,1993,OAK,158,630,147,52,0.23333333333333334,0.2875722543352601,4200000.0
sierrru01,Unknown sierrru01,1994,OAK,110,426,114,23,0.2676056338028169,0.29782608695652174,4700000.0
sierrru01,Unknown sierrru01,1995,OAK,70,264,70,24,0.26515151515151514,0.3230240549828179,6200000.0
sierrru01,Unknown sierrru01,1996,NYA,96,360,93,40,0.25833333333333336,0.32678132678132676,6200000.0
sierrru01,Unknown sierrru01,2002,SEA,122,419,113,31,0.26968973747016706,0.3185840707964602,1900000.0
sierrru01,Unknown sierrru01,2003,TEX,43,133,35,14,0.2631578947368421,0.3333333333333333,600000.0
sierrru01,Unknown sierrru01,2004,NYA,107,307,75,25,0.24429967426710097,0.2958579881656805,1000000.0
sierrru01,Unknown sierrru01,2005,NYA,61,170,39,9,0.22941176470588234,0.26519337016574585,1500000.0
silveda01,Unknown silveda01,1996,MON,86,162,33,34,0.2037037037037037,0.3401015228426396,132500.0
simmobr01,Unknown simmobr01,1999,CHA,54,126,29,9,0.23015873015873015,0.2814814814814815,200000.0
simmobr01,Unknown simmobr01,2001,TOR,60,107,19,8,0.17757009345794392,0.23931623931623933,225000.0
simmsmi01,Unknown simmsmi01,1995,HOU,50,121,31,13,0.256198347107438,0.34057971014492755,125000.0
simmsmi01,Unknown simmsmi01,1997,TEX,59,111,28,8,0.25225225225225223,0.2975206611570248,200000.0
simmsmi01,Unknown simmsmi01,1998,TEX,86,186,55,24,0.2956989247311828,0.3813953488372093,275000.0
simonra01,Unknown simonra01,1999,ATL,90,218,69,17,0.3165137614678899,0.3670886075949367,202500.0
simonra01,Unknown simonra01,2002,DET,130,482,145,13,0.3008298755186722,0.3201581027667984,290000.0
simonra01,Unknown simonra01,2003,PIT,91,307,84,12,0.2736156351791531,0.3052959501557632,1475000.0
simonra01,Unknown simonra01,2004,PIT,61,175,34,15,0.19428571428571428,0.26424870466321243,800000.0
singlch01,Unknown singlch01,1999,CHA,133,496,149,22,0.3004032258064516,0.32761904761904764,200000.0
singlch01,Unknown singlch01,2000,CHA,147,511,130,35,0.25440313111545987,0.30127041742286753,285000.0
singlch01,Unknown singlch01,2001,CHA,140,392,117,20,0.29846938775510207,0.33093525179856115,315000.0
singlch01,Unknown singlch01,2002,BAL,136,466,122,21,0.26180257510729615,0.2963709677419355,1400000.0
singlch01,Unknown singlch01,2003,OAK,120,306,75,26,0.24509803921568626,0.3008849557522124,1200000.0
sizemgr01,Unknown sizemgr01,2005,CLE,158,640,185,52,0.2890625,0.34807417974322397,318300.0
sizemgr01,Unknown sizemgr01,2006,CLE,162,655,190,78,0.2900763358778626,0.37466666666666665,500000.0
sizemgr01,Unknown sizemgr01,2007,CLE,162,628,174,101,0.2770700636942675,0.39037433155080214,916667.0
sizemgr01,Unknown sizemgr01,2008,CLE,157,634,170,98,0.26813880126182965,0.374496644295302,3166666.0
sizemgr01,Unknown sizemgr01,2009,CLE,106,436,108,60,0.24770642201834864,0.34331337325349304,4766666.0
sizemgr01,Unknown sizemgr01,2010,CLE,33,128,27,9,0.2109375,0.2714285714285714,5766666.0
sizemsc01,Unknown sizemsc01,2010,DET,48,143,32,15,0.22377622377622378,0.29559748427672955,400000.0
skinnjo01,Unknown skinnjo01,1990,CLE,49,139,35,7,0.2517985611510791,0.2876712328767123,280000.0
skinnjo01,Unknown skinnjo01,1991,CLE,99,284,69,14,0.24295774647887325,0.27906976744186046,610000.0
slaugdo01,Unknown slaugdo01,1990,PIT,84,230,69,27,0.3,0.375,650000.0
slaugdo01,Unknown slaugdo01,1991,PIT,77,220,65,21,0.29545454545454547,0.363265306122449,766667.0
slaugdo01,Unknown slaugdo01,1992,PIT,87,255,88,17,0.34509803921568627,0.3835125448028674,1691667.0
slaugdo01,Unknown slaugdo01,1993,PIT,116,377,113,29,0.29973474801061006,0.3557692307692308,1116667.0
slaugdo01,Unknown slaugdo01,1994,PIT,76,240,69,34,0.2875,0.381294964028777,1475000.0
slaugdo01,Unknown slaugdo01,1995,PIT,35,112,34,9,0.30357142857142855,0.36065573770491804,2025000.0
slaugdo01,Unknown slaugdo01,1996,CAL,62,207,67,13,0.32367149758454106,0.36607142857142855,350000.0
sledgte01,Unknown sledgte01,2004,MON,133,398,107,40,0.26884422110552764,0.33636363636363636,300000.0
sledgte01,Unknown sledgte01,2007,SDN,100,200,42,27,0.21,0.3103448275862069,390000.0
smithbo06,Unknown smithbo06,1998,TBA,117,370,102,34,0.2756756756756757,0.34299516908212563,170000.0
smithbo06,Unknown smithbo06,1999,TBA,68,199,36,16,0.18090452261306533,0.24423963133640553,235000.0
smithbo06,Unknown smithbo06,2000,TBA,49,175,41,14,0.2342857142857143,0.2931937172774869,237500.0
smithdw01,Unknown smithdw01,1990,CHN,117,290,76,28,0.2620689655172414,0.32919254658385094,165000.0
smithdw01,Unknown smithdw01,1991,CHN,90,167,38,11,0.2275449101796407,0.27932960893854747,225667.0
smithdw01,Unknown smithdw01,1992,CHN,109,217,60,13,0.2764976958525346,0.31759656652360513,460000.0
smithdw01,Unknown smithdw01,1993,CHN,111,310,93,25,0.3,0.3548387096774194,680000.0
smithdw01,Unknown smithdw01,1994,CAL,45,122,32,7,0.26229508196721313,0.3,755718.0
smithdw01,Unknown smithdw01,1995,ATL,103,131,33,13,0.25190839694656486,0.32653061224489793,300000.0
smithdw01,Unknown smithdw01,1996,ATL,101,153,31,17,0.20261437908496732,0.28488372093023256,455000.0
smithlo01,Unknown smithlo01,1990,ATL,135,466,142,58,0.30472103004291845,0.3843283582089552,1458334.0
smithlo01,Unknown smithlo01,1991,ATL,122,353,97,50,0.2747875354107649,0.37681159420289856,2041667.0
smithlo01,Unknown smithlo01,1992,ATL,84,158,39,17,0.2468354430379747,0.3241758241758242,1750000.0
smithlo01,Unknown smithlo01,1993,PIT,94,199,57,43,0.2864321608040201,0.42168674698795183,1000000.0
smithma03,Unknown smithma03,1995,BAL,37,104,24,12,0.23076923076923078,0.3135593220338983,115000.0
smithma03,Unknown smithma03,1997,PIT,71,193,55,28,0.2849740932642487,0.3738738738738739,150000.0
smithma03,Unknown smithma03,1998,PIT,59,128,25,10,0.1953125,0.2638888888888889,260000.0
smithoz01,Unknown smithoz01,1990,SLN,143,512,130,61,0.25390625,0.3299145299145299,1975000.0
smithoz01,Unknown smithoz01,1991,SLN,150,550,157,83,0.28545454545454546,0.3795275590551181,2225000.0
smithoz01,Unknown smithoz01,1992,SLN,132,518,153,59,0.2953667953667954,0.36678200692041524,2000000.0
smithoz01,Unknown smithoz01,1993,SLN,141,545,157,43,0.28807339449541286,0.337248322147651,3000000.0
smithoz01,Unknown smithoz01,1994,SLN,98,381,100,38,0.26246719160104987,0.3262411347517731,3000000.0
smithoz01,Unknown smithoz01,1995,SLN,44,156,31,17,0.1987179487179487,0.2824858757062147,3000000.0
smithoz01,Unknown smithoz01,1996,SLN,82,227,64,25,0.28193832599118945,0.35826771653543305,3500000.0
smithse01,Unknown smithse01,2009,COL,133,335,98,46,0.29253731343283584,0.37823834196891193,403000.0
smithse01,Unknown smithse01,2010,COL,133,358,88,35,0.24581005586592178,0.314070351758794,407000.0
snidetr01,Unknown snidetr01,2009,TOR,77,241,58,29,0.24066390041493776,0.3284671532846715,401400.0
snidetr01,Unknown snidetr01,2010,TOR,82,298,76,21,0.2550335570469799,0.30407523510971785,405800.0
snopech01,Unknown snopech01,1996,CHA,46,104,27,6,0.25961538461538464,0.30357142857142855,125000.0
snopech01,Unknown snopech01,1997,CHA,86,298,65,18,0.2181208053691275,0.26332288401253917,185000.0
snopech01,Unknown snopech01,1998,CHA,53,125,26,14,0.208,0.2907801418439716,190000.0
snowjt01,Unknown snowjt01,1993,CAL,129,419,101,55,0.24105011933174225,0.3278008298755187,110000.0
snowjt01,Unknown snowjt01,1994,CAL,61,223,49,19,0.21973094170403587,0.2886178861788618,200000.0
snowjt01,Unknown snowjt01,1995,CAL,143,544,157,52,0.28860294117647056,0.3527454242928453,225000.0
snowjt01,Unknown snowjt01,1996,CAL,155,575,148,56,0.2573913043478261,0.3270735524256651,725000.0
snowjt01,Unknown snowjt01,1997,SFN,157,531,149,96,0.2806026365348399,0.38740157480314963,1825000.0
snowjt01,Unknown snowjt01,1998,SFN,138,435,108,58,0.2482758620689655,0.332,2750000.0
snowjt01,Unknown snowjt01,1999,SFN,161,570,156,86,0.2736842105263158,0.37031484257871067,3000000.0
snowjt01,Unknown snowjt01,2000,SFN,155,536,152,66,0.2835820895522388,0.3652312599681021,4750000.0
snowjt01,Unknown snowjt01,2001,SFN,101,285,70,55,0.24561403508771928,0.3706896551724138,5750000.0
snowjt01,Unknown snowjt01,2002,SFN,143,422,104,59,0.24644549763033174,0.3441295546558704,5900000.0
snowjt01,Unknown snowjt01,2003,SFN,103,330,90,55,0.2727272727272727,0.38734177215189874,6850000.0
snowjt01,Unknown snowjt01,2004,SFN,107,346,113,58,0.3265895953757225,0.42891566265060244,1500000.0
snowjt01,Unknown snowjt01,2005,SFN,117,367,101,32,0.27520435967302453,0.3431372549019608,2000000.0
snydech02,Unknown snydech02,2005,ARI,115,326,66,40,0.20245398773006135,0.2972972972972973,318000.0
snydech02,Unknown snydech02,2006,ARI,61,184,51,22,0.27717391304347827,0.3490566037735849,341000.0
snydech02,Unknown snydech02,2007,ARI,110,326,82,40,0.25153374233128833,0.3421750663129973,400000.0
snydech02,Unknown snydech02,2008,ARI,115,334,79,56,0.23652694610778444,0.3483709273182957,1875000.0
snydech02,Unknown snydech02,2009,ARI,61,165,33,32,0.2,0.3333333333333333,2000000.0
snydech02,Unknown snydech02,2010,ARI,65,195,45,36,0.23076923076923078,0.351931330472103,5250000.0
snydeco02,Unknown snydeco02,1990,CLE,123,438,102,21,0.2328767123287671,0.2676659528907923,700000.0
snydeco02,Unknown snydeco02,1991,CHA,50,117,22,6,0.18803418803418803,0.22764227642276422,800000.0
snydeco02,Unknown snydeco02,1992,SFN,124,390,105,23,0.2692307692307692,0.31100478468899523,565000.0
snydeco02,Unknown snydeco02,1993,LAN,143,516,137,47,0.2655038759689923,0.33098591549295775,1500000.0
snydeco02,Unknown snydeco02,1994,LAN,73,153,36,14,0.23529411764705882,0.3,1500000.0
sojolu01,Unknown sojolu01,1991,CAL,113,364,94,14,0.25824175824175827,0.2950391644908616,110000.0
sojolu01,Unknown sojolu01,1992,CAL,106,368,100,14,0.2717391304347826,0.2994791666666667,190000.0
sojolu01,Unknown sojolu01,1994,SEA,63,213,59,8,0.27699530516431925,0.3080357142857143,250000.0
sojolu01,Unknown sojolu01,1995,SEA,102,339,98,23,0.2890855457227139,0.33516483516483514,400000.0
sojolu01,Unknown sojolu01,1996,SEA,77,247,52,10,0.21052631578947367,0.2441860465116279,625000.0
sojolu01,Unknown sojolu01,1997,NYA,77,215,66,16,0.30697674418604654,0.3547008547008547,425000.0
sojolu01,Unknown sojolu01,1998,NYA,54,147,34,4,0.23129251700680273,0.25,800000.0
sojolu01,Unknown sojolu01,1999,NYA,49,127,32,4,0.25196850393700787,0.2748091603053435,800000.0
sojolu01,Unknown sojolu01,2000,PIT,61,176,50,11,0.2840909090909091,0.328042328042328,450000.0
soriaal01,Unknown soriaal01,2001,NYA,158,574,154,29,0.2682926829268293,0.3044189852700491,630000.0
soriaal01,Unknown soriaal01,2002,NYA,156,696,209,23,0.30028735632183906,0.3324324324324324,630000.0
soriaal01,Unknown soriaal01,2003,NYA,156,682,198,38,0.2903225806451613,0.33787465940054495,800000.0
soriaal01,Unknown soriaal01,2004,TEX,145,608,170,33,0.27960526315789475,0.32370820668693007,5400000.0
soriaal01,Unknown soriaal01,2005,TEX,156,637,171,33,0.2684458398744113,0.3093841642228739,7500000.0
soriaal01,Unknown soriaal01,2006,WAS,159,647,179,67,0.27666151468315303,0.3512396694214876,10000000.0
soriaal01,Unknown soriaal01,2007,CHN,135,579,173,31,0.2987910189982729,0.3371150729335494,10000000.0
soriaal01,Unknown soriaal01,2008,CHN,109,453,127,43,0.2803532008830022,0.34393638170974156,14000000.0
soriaal01,Unknown soriaal01,2009,CHN,117,477,115,40,0.24109014675052412,0.30268199233716475,17000000.0
soriaal01,Unknown soriaal01,2010,CHN,147,496,128,45,0.25806451612903225,0.3217550274223035,19000000.0
sorrepa01,Unknown sorrepa01,1990,MIN,41,121,25,12,0.2066115702479339,0.2814814814814815,100000.0
sorrepa01,Unknown sorrepa01,1992,CLE,140,458,123,51,0.2685589519650655,0.341130604288499,137500.0
sorrepa01,Unknown sorrepa01,1993,CLE,148,463,119,58,0.2570194384449244,0.3396584440227704,350000.0
sorrepa01,Unknown sorrepa01,1994,CLE,95,322,90,34,0.2795031055900621,0.34540389972144847,675000.0
sorrepa01,Unknown sorrepa01,1995,CLE,104,323,76,51,0.23529411764705882,0.335978835978836,1098223.0
sorrepa01,Unknown sorrepa01,1996,SEA,143,471,136,57,0.28874734607218683,0.37037037037037035,1025000.0
sorrepa01,Unknown sorrepa01,1997,SEA,146,457,123,51,0.26914660831509846,0.34502923976608185,1500000.0
sorrepa01,Unknown sorrepa01,1998,TBA,137,435,98,54,0.22528735632183908,0.31313131313131315,2000000.0
sorrepa01,Unknown sorrepa01,1999,TBA,99,294,69,49,0.23469387755102042,0.3505747126436782,3000000.0
sosasa01,Unknown sosasa01,1990,CHA,153,532,124,33,0.23308270676691728,0.2824956672443674,100000.0
sosasa01,Unknown sosasa01,1991,CHA,116,316,64,14,0.20253164556962025,0.24024024024024024,150000.0
sosasa01,Unknown sosasa01,1992,CHN,67,262,68,19,0.2595419847328244,0.3170731707317073,180000.0
sosasa01,Unknown sosasa01,1993,CHN,159,598,156,38,0.2608695652173913,0.3088923556942278,745000.0
sosasa01,Unknown sosasa01,1994,CHN,105,426,128,25,0.3004694835680751,0.33916849015317285,2950000.0
sosasa01,Unknown sosasa01,1995,CHN,144,564,151,58,0.26773049645390073,0.34022257551669316,4300000.0
sosasa01,Unknown sosasa01,1996,CHN,124,498,136,34,0.27309236947791166,0.3234750462107209,4750000.0
sosasa01,Unknown sosasa01,1997,CHN,162,642,161,45,0.2507788161993769,0.29971181556195964,5500000.0
sosasa01,Unknown sosasa01,1998,CHN,159,643,198,73,0.30793157076205285,0.3767313019390582,8325000.0
sosasa01,Unknown sosasa01,1999,CHN,162,625,180,78,0.288,0.36657303370786515,9000000.0
sosasa01,Unknown sosasa01,2000,CHN,156,604,193,91,0.3195364238410596,0.4056737588652482,11000000.0
sosasa01,Unknown sosasa01,2001,CHN,160,577,189,116,0.3275563258232236,0.43741209563994377,12500000.0
sosasa01,Unknown sosasa01,2002,CHN,150,556,160,103,0.28776978417266186,0.3993993993993994,15000000.0
sosasa01,Unknown sosasa01,2003,CHN,137,517,144,62,0.27852998065764023,0.35823429541595925,16000000.0
sosasa01,Unknown sosasa01,2004,CHN,126,478,121,56,0.25313807531380755,0.3320964749536178,16000000.0
sosasa01,Unknown sosasa01,2005,BAL,102,380,84,39,0.22105263157894736,0.294811320754717,17000000.0
sosasa01,Unknown sosasa01,2007,TEX,114,412,104,34,0.2524271844660194,0.31057268722466963,500000.0
sotoge01,Unknown sotoge01,2008,CHN,141,494,141,62,0.2854251012145749,0.3641207815275311,401000.0
sotoge01,Unknown sotoge01,2009,CHN,102,331,72,50,0.2175226586102719,0.3213367609254499,575000.0
sotoge01,Unknown sotoge01,2010,CHN,105,322,90,62,0.2795031055900621,0.39276485788113696,575000.0
spande01,Unknown spande01,2009,MIN,145,578,180,70,0.31141868512110726,0.39156626506024095,435000.0
spande01,Unknown spande01,2010,MIN,153,629,166,60,0.26391096979332274,0.33093525179856115,750000.0
spehrti01,Unknown spehrti01,1999,KCA,60,155,32,22,0.2064516129032258,0.32432432432432434,330000.0
spencsh01,Unknown spencsh01,1999,NYA,71,205,48,18,0.23414634146341465,0.3008849557522124,204050.0
spencsh01,Unknown spencsh01,2000,NYA,73,248,70,19,0.28225806451612906,0.32971014492753625,250000.0
spencsh01,Unknown spencsh01,2001,NYA,80,283,73,21,0.2579505300353357,0.31511254019292606,320000.0
spencsh01,Unknown spencsh01,2002,NYA,94,288,71,31,0.2465277777777778,0.3241590214067278,885000.0
spencsh01,Unknown spencsh01,2003,CLE,64,210,57,18,0.2714285714285714,0.3275862068965517,600000.0
spencsh01,Unknown spencsh01,2004,NYN,74,185,52,13,0.2810810810810811,0.3316831683168317,537500.0
spierbi01,Unknown spierbi01,1990,ML4,112,363,88,16,0.24242424242424243,0.2741514360313316,135000.0
spierbi01,Unknown spierbi01,1991,ML4,133,414,117,34,0.2826086956521739,0.3370044052863436,250000.0
spierbi01,Unknown spierbi01,1993,ML4,113,340,81,29,0.23823529411764705,0.30238726790450926,750000.0
spierbi01,Unknown spierbi01,1994,ML4,73,214,54,19,0.2523364485981308,0.3162393162393162,450000.0
spierbi01,Unknown spierbi01,1996,HOU,122,218,55,20,0.25229357798165136,0.31950207468879666,400000.0
spierbi01,Unknown spierbi01,1997,HOU,132,291,93,61,0.31958762886597936,0.4378531073446328,600000.0
spierbi01,Unknown spierbi01,1998,HOU,123,384,105,45,0.2734375,0.3555045871559633,1600000.0
spierbi01,Unknown spierbi01,1999,HOU,127,393,113,47,0.2875318066157761,0.36281179138321995,1600000.0
spierbi01,Unknown spierbi01,2000,HOU,124,355,107,49,0.30140845070422534,0.3857493857493858,1700000.0
spiezsc01,Unknown spiezsc01,1997,OAK,147,538,131,44,0.24349442379182157,0.29982964224872233,151000.0
spiezsc01,Unknown spiezsc01,1998,OAK,114,406,105,44,0.25862068965517243,0.33259911894273125,205000.0
spiezsc01,Unknown spiezsc01,1999,OAK,89,247,60,29,0.242914979757085,0.3238434163701068,260000.0
spiezsc01,Unknown spiezsc01,2000,ANA,123,297,72,40,0.24242424242424243,0.33430232558139533,600000.0
spiezsc01,Unknown spiezsc01,2001,ANA,139,457,124,34,0.2713347921225383,0.326,1125000.0
spiezsc01,Unknown spiezsc01,2002,ANA,153,491,140,67,0.285132382892057,0.3714788732394366,2275000.0
spiezsc01,Unknown spiezsc01,2003,ANA,158,521,138,46,0.2648752399232246,0.32642487046632124,4250000.0
spiezsc01,Unknown spiezsc01,2004,SEA,112,367,79,36,0.21525885558583105,0.288135593220339,2566667.0
spiezsc01,Unknown spiezsc01,2007,SLN,82,223,60,27,0.26905829596412556,0.3540856031128405,2100000.0
spilbry01,Unknown spilbry01,2008,COL,89,233,73,38,0.3133047210300429,0.4072727272727273,396000.0
spilbry01,Unknown spilbry01,2009,COL,133,352,85,34,0.24147727272727273,0.31025641025641026,415000.0
spilbry01,Unknown spilbry01,2010,COL,134,341,95,39,0.2785923753665689,0.3601036269430052,1300000.0
spiveju01,Unknown spiveju01,2002,ARI,143,538,162,65,0.30111524163568776,0.3888,215000.0
spiveju01,Unknown spiveju01,2003,ARI,106,365,93,33,0.2547945205479452,0.32598039215686275,432000.0
spiveju01,Unknown spiveju01,2004,MIL,59,228,62,25,0.2719298245614035,0.35877862595419846,2367500.0
spiveju01,Unknown spiveju01,2005,MIL,49,182,43,18,0.23626373626373626,0.30845771144278605,2125000.0
spraged02,Unknown spraged02,1991,TOR,61,160,44,19,0.275,0.36065573770491804,100000.0
spraged02,Unknown spraged02,1993,TOR,150,546,142,32,0.2600732600732601,0.30976430976430974,182500.0
spraged02,Unknown spraged02,1994,TOR,109,405,97,23,0.23950617283950618,0.29571106094808125,500000.0
spraged02,Unknown spraged02,1995,TOR,144,521,127,58,0.2437619961612284,0.33277870216306155,760000.0
spraged02,Unknown spraged02,1996,TOR,159,591,146,60,0.2470389170896785,0.3253731343283582,1450000.0
spraged02,Unknown spraged02,1997,TOR,138,504,115,51,0.22817460317460317,0.30604982206405695,1900000.0
spraged02,Unknown spraged02,1998,TOR,105,382,91,24,0.23821989528795812,0.30071599045346065,2350000.0
spraged02,Unknown spraged02,1999,PIT,137,490,131,50,0.2673469387755102,0.35168738898756663,1300000.0
spraged02,Unknown spraged02,2000,SDN,53,117,32,10,0.27350427350427353,0.33587786259541985,800000.0
stahosc01,Unknown stahosc01,1995,MIN,94,263,70,30,0.2661596958174905,0.34121621621621623,109000.0
stahosc01,Unknown stahosc01,1996,MIN,130,405,115,59,0.2839506172839506,0.37606837606837606,140000.0
stahosc01,Unknown stahosc01,1997,MIN,91,275,63,24,0.2290909090909091,0.30097087378640774,275000.0
stairma01,Unknown stairma01,1996,OAK,61,137,38,19,0.2773722627737226,0.3670886075949367,130000.0
stairma01,Unknown stairma01,1997,OAK,133,352,105,50,0.29829545454545453,0.3863080684596577,165000.0
stairma01,Unknown stairma01,1998,OAK,149,523,154,59,0.2944550669216061,0.36993243243243246,325000.0
stairma01,Unknown stairma01,1999,OAK,146,531,137,89,0.2580037664783427,0.36597110754414125,1950000.0
stairma01,Unknown stairma01,2000,OAK,143,476,108,78,0.226890756302521,0.3333333333333333,3050000.0
stairma01,Unknown stairma01,2001,CHN,128,340,85,52,0.25,0.3582089552238806,3200000.0
stairma01,Unknown stairma01,2002,MIL,107,270,66,36,0.24444444444444444,0.3492063492063492,500000.0
stairma01,Unknown stairma01,2003,PIT,121,305,89,45,0.29180327868852457,0.38935574229691877,900000.0
stairma01,Unknown stairma01,2004,KCA,126,439,117,49,0.26651480637813213,0.34475806451612906,1000000.0
stairma01,Unknown stairma01,2005,KCA,127,396,109,60,0.27525252525252525,0.37339055793991416,1200000.0
stairma01,Unknown stairma01,2006,KCA,77,226,59,31,0.2610619469026549,0.3524904214559387,1350000.0
stairma01,Unknown stairma01,2007,TOR,125,357,103,44,0.28851540616246496,0.36790123456790125,850000.0
stairma01,Unknown stairma01,2008,TOR,105,320,80,41,0.25,0.3423913043478261,1625000.0
stairma01,Unknown stairma01,2009,PHI,99,103,20,23,0.1941747572815534,0.35658914728682173,1625000.0
stankan01,Unknown stankan01,1992,NYA,116,400,107,38,0.2675,0.33783783783783783,109000.0
stankan01,Unknown stankan01,1997,MON,76,107,24,4,0.22429906542056074,0.25,220000.0
stankan01,Unknown stankan01,1998,ARI,77,145,30,7,0.20689655172413793,0.25161290322580643,350000.0
stanlmi02,Unknown stanlmi02,1990,TEX,103,189,47,30,0.24867724867724866,0.35,115000.0
stanlmi02,Unknown stanlmi02,1991,TEX,95,181,45,34,0.24861878453038674,0.37155963302752293,145000.0
stanlmi02,Unknown stanlmi02,1992,NYA,68,173,43,33,0.24855491329479767,0.3719806763285024,175000.0
stanlmi02,Unknown stanlmi02,1993,NYA,130,423,129,57,0.3049645390070922,0.3890020366598778,675000.0
stanlmi02,Unknown stanlmi02,1994,NYA,82,290,87,39,0.3,0.3843843843843844,612500.0
stanlmi02,Unknown stanlmi02,1995,NYA,118,399,107,57,0.2681704260651629,0.3595744680851064,912500.0
stanlmi02,Unknown stanlmi02,1996,BOS,121,397,107,69,0.2695214105793451,0.38266384778012685,2300000.0
stanlmi02,Unknown stanlmi02,1997,BOS,97,260,78,39,0.3,0.3942307692307692,2100000.0
stanlmi02,Unknown stanlmi02,1998,TOR,98,341,82,56,0.2404692082111437,0.3530864197530864,1800000.0
stanlmi02,Unknown stanlmi02,1999,BOS,136,427,120,70,0.2810304449648712,0.392578125,3500000.0
stanlmi02,Unknown stanlmi02,2000,BOS,58,185,41,30,0.22162162162162163,0.3271889400921659,3500000.0
stavini01,Unknown stavini01,2010,SLN,79,121,31,4,0.256198347107438,0.2857142857142857,400000.0
steinte01,Unknown steinte01,1990,OAK,114,379,95,19,0.25065963060686014,0.291358024691358,750000.0
steinte01,Unknown steinte01,1991,OAK,129,456,125,22,0.2741228070175439,0.3117408906882591,1050000.0
steinte01,Unknown steinte01,1992,OAK,128,438,122,45,0.2785388127853881,0.34496919917864477,2050000.0
steinte01,Unknown steinte01,1993,OAK,104,389,111,25,0.2853470437017995,0.33253588516746413,2815000.0
steinte01,Unknown steinte01,1994,OAK,103,369,105,26,0.2845528455284553,0.3266832917705736,2800000.0
steinte01,Unknown steinte01,1995,OAK,114,406,113,25,0.27832512315270935,0.3219178082191781,4200000.0
steinte01,Unknown steinte01,1996,OAK,145,514,140,49,0.2723735408560311,0.3415061295971979,4200000.0
steinte01,Unknown steinte01,1997,MIN,122,447,111,35,0.2483221476510067,0.30184804928131415,2850000.0
steinte01,Unknown steinte01,1998,MIN,124,422,102,38,0.24170616113744076,0.3096774193548387,2850000.0
steinte01,Unknown steinte01,1999,MIN,101,338,96,38,0.28402366863905326,0.35789473684210527,1000000.0
stephph01,Unknown stephph01,1990,SDN,103,182,38,30,0.2087912087912088,0.3192488262910798,100000.0
stevele01,Unknown stevele01,1990,CAL,67,248,53,22,0.21370967741935484,0.27472527472527475,100000.0
stevele01,Unknown stevele01,1992,CAL,106,312,69,29,0.22115384615384615,0.2877906976744186,130000.0
stevele01,Unknown stevele01,1997,TEX,137,426,128,23,0.3004694835680751,0.3355408388520971,300000.0
stevele01,Unknown stevele01,1998,TEX,120,344,91,31,0.26453488372093026,0.324468085106383,1250000.0
stevele01,Unknown stevele01,1999,TEX,146,517,146,52,0.28239845261121854,0.34375,2100000.0
stevele01,Unknown stevele01,2000,MON,123,449,119,48,0.2650334075723831,0.3373253493013972,3500000.0
stevele01,Unknown stevele01,2001,MON,152,542,133,74,0.24538745387453875,0.3375796178343949,4000000.0
stevele01,Unknown stevele01,2002,MON,63,205,39,39,0.1902439024390244,0.3183673469387755,4000000.0
stewaia01,Unknown stewaia01,2009,COL,147,425,97,56,0.22823529411764706,0.32179226069246436,404000.0
stewaia01,Unknown stewaia01,2010,COL,121,386,99,45,0.25647668393782386,0.3378684807256236,408000.0
stewash01,Unknown stewash01,1997,TOR,44,168,48,19,0.2857142857142857,0.36787564766839376,154000.0
stewash01,Unknown stewash01,1998,TOR,144,516,144,67,0.27906976744186046,0.3772954924874791,192500.0
stewash01,Unknown stewash01,1999,TOR,145,608,185,59,0.3042763157894737,0.3711340206185567,433333.0
stewash01,Unknown stewash01,2000,TOR,136,583,186,37,0.3190394511149228,0.3634920634920635,683333.0
stewash01,Unknown stewash01,2001,TOR,155,640,202,46,0.315625,0.37106017191977075,2183333.0
stewash01,Unknown stewash01,2002,TOR,141,577,175,54,0.30329289428076256,0.3712948517940718,4250000.0
stewash01,Unknown stewash01,2003,TOR,71,303,89,27,0.29372937293729373,0.34705882352941175,6200000.0
stewash01,Unknown stewash01,2004,MIN,92,378,115,47,0.30423280423280424,0.37995337995337997,5500000.0
stewash01,Unknown stewash01,2005,MIN,132,551,151,34,0.27404718693284935,0.32274247491638797,6000000.0
stewash01,Unknown stewash01,2006,MIN,44,174,51,14,0.29310344827586204,0.3473684210526316,6500000.0
stewash01,Unknown stewash01,2007,OAK,146,576,167,47,0.2899305555555556,0.3449920508744038,1000000.0
stewash01,Unknown stewash01,2008,TOR,52,175,42,22,0.24,0.325,1500000.0
stillku01,Unknown stillku01,1990,KCA,144,506,126,39,0.2490118577075099,0.3039568345323741,795000.0
stillku01,Unknown stillku01,1991,KCA,122,385,102,33,0.2649350649350649,0.3215130023640662,1280000.0
stillku01,Unknown stillku01,1992,SDN,114,379,86,26,0.22691292875989447,0.27427184466019416,1750000.0
stillku01,Unknown stillku01,1993,SDN,57,121,26,11,0.21487603305785125,0.2857142857142857,1750000.0
stinnke01,Unknown stinnke01,1994,NYN,47,150,38,11,0.25333333333333335,0.32335329341317365,109000.0
stinnke01,Unknown stinnke01,1995,NYN,77,196,43,29,0.2193877551020408,0.33766233766233766,125000.0
stinnke01,Unknown stinnke01,1998,ARI,92,274,71,35,0.2591240875912409,0.35331230283911674,275000.0
stinnke01,Unknown stinnke01,1999,ARI,88,284,66,24,0.2323943661971831,0.30158730158730157,750000.0
stinnke01,Unknown stinnke01,2000,ARI,76,240,52,19,0.21666666666666667,0.29056603773584905,1000000.0
stinnke01,Unknown stinnke01,2001,CIN,63,187,48,17,0.25668449197860965,0.3333333333333333,500000.0
stinnke01,Unknown stinnke01,2003,CIN,60,179,41,13,0.22905027932960895,0.29441624365482233,1300000.0
stockke01,Unknown stockke01,1993,PHI,70,259,84,30,0.32432432432432434,0.40939597315436244,100000.0
stockke01,Unknown stockke01,1994,PHI,82,271,74,44,0.2730627306273063,0.3834355828220859,190000.0
stockke01,Unknown stockke01,1995,PHI,125,412,90,43,0.21844660194174756,0.30406852248394006,205000.0
stockke01,Unknown stockke01,1996,PHI,119,394,100,43,0.25380710659898476,0.3363028953229399,265000.0
stockke01,Unknown stockke01,1997,PHI,149,504,134,51,0.26587301587301587,0.33512544802867383,890000.0
stockke01,Unknown stockke01,1998,TBA,112,336,70,27,0.20833333333333334,0.28150134048257375,1800000.0
stockke01,Unknown stockke01,1999,TBA,79,254,76,24,0.2992125984251969,0.36879432624113473,2400000.0
stockke01,Unknown stockke01,2000,TBA,40,114,30,19,0.2631578947368421,0.37777777777777777,3300000.0
strando01,Unknown strando01,1993,TEX,145,484,124,43,0.256198347107438,0.31835205992509363,125000.0
strando01,Unknown strando01,1994,TEX,73,226,48,15,0.21238938053097345,0.2682926829268293,225000.0
strando01,Unknown strando01,1995,SEA,74,155,42,10,0.2709677419354839,0.32335329341317365,195000.0
strando01,Unknown strando01,1996,SEA,88,183,43,14,0.23497267759562843,0.29,380000.0
strando01,Unknown strando01,1997,MON,118,327,84,36,0.25688073394495414,0.33242506811989103,220000.0
strando01,Unknown strando01,1998,PIT,90,185,32,10,0.17297297297297298,0.21717171717171718,575000.0
strawda01,Unknown strawda01,1990,NYN,152,542,150,70,0.2767527675276753,0.3607085346215781,1850000.0
strawda01,Unknown strawda01,1991,LAN,139,505,134,75,0.26534653465346536,0.36054421768707484,3800000.0
strawda01,Unknown strawda01,1992,LAN,43,156,37,19,0.23717948717948717,0.3220338983050847,4050000.0
strawda01,Unknown strawda01,1993,LAN,32,100,14,16,0.14,0.26666666666666666,3800000.0
strawda01,Unknown strawda01,1996,NYA,63,202,53,31,0.2623762376237624,0.35864978902953587,300000.0
strawda01,Unknown strawda01,1998,NYA,101,295,73,46,0.24745762711864408,0.3536231884057971,875000.0
stubbdr01,Unknown stubbdr01,2010,CIN,150,514,131,55,0.25486381322957197,0.3293103448275862,400000.0
stubbfr01,Unknown stubbfr01,1991,ML4,103,362,77,35,0.212707182320442,0.28217821782178215,1866667.0
stubbfr01,Unknown stubbfr01,1992,ML4,92,288,66,27,0.22916666666666666,0.29652996845425866,2166667.0
stubbfr01,Unknown stubbfr01,1995,DET,62,116,29,19,0.25,0.35766423357664234,310000.0
stynech01,Unknown stynech01,1997,CIN,49,198,69,11,0.3484848484848485,0.39436619718309857,165000.0
stynech01,Unknown stynech01,1998,CIN,123,347,88,32,0.25360230547550433,0.3229166666666667,200000.0
stynech01,Unknown stynech01,1999,CIN,73,113,27,12,0.23893805309734514,0.30952380952380953,270000.0
stynech01,Unknown stynech01,2000,CIN,119,380,127,32,0.33421052631578946,0.38609112709832133,375000.0
stynech01,Unknown stynech01,2001,BOS,96,361,101,20,0.27977839335180055,0.3220779220779221,1300000.0
stynech01,Unknown stynech01,2002,CHN,98,195,47,21,0.24102564102564103,0.31363636363636366,1250000.0
stynech01,Unknown stynech01,2003,COL,138,443,113,48,0.255079006772009,0.3346693386773547,750000.0
stynech01,Unknown stynech01,2004,PIT,74,162,35,9,0.21604938271604937,0.2658959537572254,750000.0
sullico01,Unknown sullico01,2005,COL,139,378,111,28,0.29365079365079366,0.34299516908212563,316000.0
sullico01,Unknown sullico01,2006,COL,126,386,103,32,0.266839378238342,0.32075471698113206,335000.0
surhobj01,Unknown surhobj01,1990,ML4,135,474,131,41,0.27637130801687765,0.33078393881453155,575000.0
surhobj01,Unknown surhobj01,1991,ML4,143,505,146,26,0.2891089108910891,0.31851851851851853,1085000.0
surhobj01,Unknown surhobj01,1992,ML4,139,480,121,46,0.2520833333333333,0.3141263940520446,2530000.0
surhobj01,Unknown surhobj01,1993,ML4,148,552,151,36,0.27355072463768115,0.3176470588235294,2530000.0
surhobj01,Unknown surhobj01,1994,ML4,40,134,35,16,0.26119402985074625,0.3355263157894737,2500000.0
surhobj01,Unknown surhobj01,1995,ML4,117,415,133,37,0.3204819277108434,0.3782608695652174,425000.0
surhobj01,Unknown surhobj01,1996,BAL,143,537,157,47,0.29236499068901306,0.3520408163265306,1416667.0
surhobj01,Unknown surhobj01,1997,BAL,147,528,150,49,0.2840909090909091,0.34459459459459457,1616667.0
surhobj01,Unknown surhobj01,1998,BAL,162,573,160,49,0.2792321116928447,0.33175355450236965,1716667.0
surhobj01,Unknown surhobj01,1999,BAL,162,673,207,43,0.3075780089153046,0.34710743801652894,3705516.0
surhobj01,Unknown surhobj01,2000,BAL,103,411,120,29,0.291970802919708,0.34085778781038373,4146789.0
surhobj01,Unknown surhobj01,2001,ATL,141,484,131,38,0.2706611570247934,0.32075471698113206,4833333.0
surhobj01,Unknown surhobj01,2003,BAL,93,319,94,29,0.2946708463949843,0.35327635327635326,1000000.0
surhobj01,Unknown surhobj01,2004,BAL,100,343,106,30,0.30903790087463556,0.36533333333333334,800000.0
surhobj01,Unknown surhobj01,2005,BAL,91,303,78,11,0.25742574257425743,0.28213166144200624,1100000.0
suttola01,Unknown suttola01,1998,KCA,111,310,76,29,0.24516129032258063,0.3112391930835735,172500.0
suttola01,Unknown suttola01,1999,KCA,43,102,23,13,0.22549019607843138,0.3076923076923077,240000.0
suzukic01,Unknown suzukic01,2001,SEA,157,692,242,30,0.34971098265895956,0.3814713896457766,5666667.0
suzukic01,Unknown suzukic01,2002,SEA,157,647,208,68,0.321483771251932,0.3875862068965517,3696000.0
suzukic01,Unknown suzukic01,2003,SEA,159,679,212,36,0.3122238586156112,0.3518005540166205,4666667.0
suzukic01,Unknown suzukic01,2004,SEA,161,704,262,49,0.3721590909090909,0.4144736842105263,6500000.0
suzukic01,Unknown suzukic01,2005,SEA,162,679,206,48,0.30338733431516934,0.35006784260515605,12500000.0
suzukic01,Unknown suzukic01,2006,SEA,161,695,224,49,0.32230215827338127,0.37017310252996005,12500000.0
suzukic01,Unknown suzukic01,2007,SEA,161,678,238,49,0.35103244837758113,0.39617486338797814,12500000.0
suzukic01,Unknown suzukic01,2008,SEA,162,686,213,51,0.3104956268221574,0.3605898123324397,17102149.0
suzukic01,Unknown suzukic01,2009,SEA,146,639,225,32,0.352112676056338,0.386094674556213,18000000.0
suzukic01,Unknown suzukic01,2010,SEA,162,680,214,45,0.31470588235294117,0.35939643347050754,18000000.0
suzukku01,Unknown suzukku01,2008,OAK,148,530,148,44,0.2792452830188679,0.3464163822525597,395000.0
suzukku01,Unknown suzukku01,2009,OAK,147,570,156,28,0.2736842105263158,0.3132137030995106,410000.0
suzukku01,Unknown suzukku01,2010,OAK,131,495,120,33,0.24242424242424243,0.30330882352941174,420000.0
sveumda01,Unknown sveumda01,1990,ML4,48,117,23,12,0.19658119658119658,0.2781954887218045,230000.0
sveumda01,Unknown sveumda01,1992,PHI,54,135,24,16,0.17777777777777778,0.26143790849673204,375000.0
sveumda01,Unknown sveumda01,1997,PIT,126,306,80,27,0.26143790849673204,0.3194029850746269,400000.0
sweenma01,Unknown sweenma01,1996,SLN,98,170,45,33,0.2647058823529412,0.3872549019607843,125000.0
sweenma01,Unknown sweenma01,1998,SDN,122,192,45,26,0.234375,0.32432432432432434,235000.0
sweenma01,Unknown sweenma01,2004,COL,122,177,47,32,0.2655367231638418,0.3767441860465116,400000.0
sweenma01,Unknown sweenma01,2005,SDN,135,221,65,40,0.29411764705882354,0.39473684210526316,575000.0
sweenma01,Unknown sweenma01,2006,SFN,114,259,65,28,0.25096525096525096,0.32989690721649484,850000.0
sweenmi01,Unknown sweenmi01,1996,KCA,50,165,46,18,0.2787878787878788,0.35789473684210527,114000.0
sweenmi01,Unknown sweenmi01,1997,KCA,84,240,58,17,0.24166666666666667,0.30566037735849055,175000.0
sweenmi01,Unknown sweenmi01,1998,KCA,92,282,73,24,0.25886524822695034,0.32038834951456313,230000.0
sweenmi01,Unknown sweenmi01,1999,KCA,150,575,185,54,0.3217391304347826,0.38724727838258166,265000.0
sweenmi01,Unknown sweenmi01,2000,KCA,159,618,206,71,0.3333333333333333,0.4072524407252441,2250000.0
sweenmi01,Unknown sweenmi01,2001,KCA,147,559,170,64,0.3041144901610018,0.37400950871632327,5000000.0
sweenmi01,Unknown sweenmi01,2002,KCA,126,471,160,61,0.33970276008492567,0.41651376146788993,8000000.0
sweenmi01,Unknown sweenmi01,2003,KCA,108,392,115,64,0.29336734693877553,0.39092872570194387,11000000.0
sweenmi01,Unknown sweenmi01,2004,KCA,106,411,118,33,0.2871046228710462,0.3473451327433628,11000000.0
sweenmi01,Unknown sweenmi01,2005,KCA,122,470,141,33,0.3,0.3469785575048733,11000000.0
sweenmi01,Unknown sweenmi01,2006,KCA,60,217,56,28,0.25806451612903225,0.3492063492063492,11000000.0
sweenmi01,Unknown sweenmi01,2007,KCA,74,265,69,17,0.26037735849056604,0.314878892733564,11000000.0
sweenmi01,Unknown sweenmi01,2008,OAK,42,126,36,7,0.2857142857142857,0.33088235294117646,500000.0
sweenmi01,Unknown sweenmi01,2009,SEA,74,242,68,17,0.2809917355371901,0.33458646616541354,500000.0
sweenry01,Unknown sweenry01,2008,OAK,115,384,110,38,0.2864583333333333,0.3503480278422274,395000.0
sweenry01,Unknown sweenry01,2009,OAK,134,484,142,40,0.29338842975206614,0.34774436090225563,410000.0
sweenry01,Unknown sweenry01,2010,OAK,82,303,89,24,0.29372937293729373,0.3424242424242424,420000.0
swishni01,Unknown swishni01,2005,OAK,131,462,109,55,0.23593073593073594,0.3218390804597701,316500.0
swishni01,Unknown swishni01,2006,OAK,157,556,141,97,0.25359712230215825,0.3716417910447761,335000.0
swishni01,Unknown swishni01,2007,OAK,150,539,141,100,0.26159554730983303,0.38145896656534956,400000.0
swishni01,Unknown swishni01,2008,CHA,153,497,109,82,0.2193158953722334,0.3321976149914821,3600000.0
swishni01,Unknown swishni01,2009,NYA,150,498,124,97,0.24899598393574296,0.3708609271523179,5400000.0
swishni01,Unknown swishni01,2010,NYA,150,566,163,58,0.2879858657243816,0.35917721518987344,6850000.0
tablepa01,Unknown tablepa01,1990,KCA,75,195,53,20,0.2717948717948718,0.3378995433789954,725000.0
tablepa01,Unknown tablepa01,1991,TOR,82,185,40,29,0.21621621621621623,0.3181818181818182,700000.0
tablepa01,Unknown tablepa01,1992,TOR,49,135,34,11,0.2518518518518518,0.30612244897959184,900000.0
tackeje01,Unknown tackeje01,1992,BAL,65,179,43,17,0.24022346368715083,0.3069306930693069,109000.0
tagucso01,Unknown tagucso01,2004,SLN,109,179,52,12,0.2905027932960894,0.336734693877551,1200000.0
tagucso01,Unknown tagucso01,2005,SLN,143,396,114,20,0.2878787878787879,0.3222748815165877,550000.0
tagucso01,Unknown tagucso01,2006,SLN,134,316,84,32,0.26582278481012656,0.3352272727272727,825000.0
tagucso01,Unknown tagucso01,2007,SLN,130,307,89,23,0.2899022801302932,0.35014836795252224,925000.0
tarasto01,Unknown tarasto01,1994,ATL,87,132,36,9,0.2727272727272727,0.3125,111500.0
tarasto01,Unknown tarasto01,1995,MON,126,438,109,51,0.24885844748858446,0.32926829268292684,135000.0
tarasto01,Unknown tarasto01,1997,BAL,100,166,34,25,0.20481927710843373,0.3125,270000.0
tartada01,Unknown tartada01,1990,KCA,88,313,84,36,0.268370607028754,0.3409090909090909,1650000.0
tartada01,Unknown tartada01,1991,KCA,132,484,153,65,0.31611570247933884,0.39676840215439857,2250000.0
tartada01,Unknown tartada01,1992,NYA,123,421,112,103,0.2660332541567696,0.40874524714828897,5300000.0
tartada01,Unknown tartada01,1993,NYA,138,513,128,92,0.24951267056530213,0.36333878887070375,5050000.0
tartada01,Unknown tartada01,1994,NYA,104,399,102,66,0.2556390977443609,0.3595744680851064,4550000.0
tartada01,Unknown tartada01,1995,NYA,59,192,43,33,0.22395833333333334,0.3347826086956522,5300000.0
tartada01,Unknown tartada01,1996,CHA,132,472,120,64,0.2542372881355932,0.34011090573012936,5300000.0
tatisfe01,Unknown tatisfe01,1997,TEX,60,223,57,14,0.2556053811659193,0.29707112970711297,150000.0
tatisfe01,Unknown tatisfe01,1998,TEX,95,330,89,12,0.2696969696969697,0.30346820809248554,170000.0
tatisfe01,Unknown tatisfe01,1998,SLN,55,202,58,24,0.2871287128712871,0.36681222707423583,170000.0
tatisfe01,Unknown tatisfe01,1999,SLN,149,537,160,82,0.297951582867784,0.40375586854460094,270000.0
tatisfe01,Unknown tatisfe01,2000,SLN,96,324,82,57,0.25308641975308643,0.3791348600508906,750000.0
tatisfe01,Unknown tatisfe01,2001,MON,41,145,37,16,0.25517241379310346,0.3392857142857143,2750000.0
tatisfe01,Unknown tatisfe01,2002,MON,114,381,87,35,0.2283464566929134,0.30303030303030304,4500000.0
tatisfe01,Unknown tatisfe01,2003,MON,53,175,34,18,0.19428571428571428,0.28061224489795916,6500000.0
tatisfe01,Unknown tatisfe01,2009,NYN,125,340,96,22,0.2823529411764706,0.33866666666666667,1700000.0
tatumcr01,Unknown tatumcr01,2010,BAL,43,114,32,12,0.2807017543859649,0.3492063492063492,400000.0
taubeed01,Unknown taubeed01,1992,HOU,104,297,66,31,0.2222222222222222,0.2990936555891239,132000.0
taubeed01,Unknown taubeed01,1993,HOU,94,288,72,21,0.25,0.2990353697749196,170000.0
taubeed01,Unknown taubeed01,1995,CIN,80,218,62,22,0.28440366972477066,0.35390946502057613,710000.0
taubeed01,Unknown taubeed01,1996,CIN,108,327,95,26,0.290519877675841,0.33798882681564246,625000.0
taubeed01,Unknown taubeed01,1997,CIN,108,254,68,22,0.2677165354330709,0.32269503546099293,900000.0
taubeed01,Unknown taubeed01,1998,CIN,130,431,120,52,0.27842227378190254,0.35173824130879344,975000.0
taubeed01,Unknown taubeed01,1999,CIN,126,424,132,30,0.3113207547169811,0.35434782608695653,1200000.0
taubeed01,Unknown taubeed01,2000,CIN,81,266,71,21,0.2669172932330827,0.32413793103448274,1400000.0
taubeed01,Unknown taubeed01,2001,CLE,52,116,29,10,0.25,0.31496062992125984,1800000.0
tavarje01,Unknown tavarje01,1995,FLO,63,190,55,16,0.2894736842105263,0.34615384615384615,114000.0
tavarje01,Unknown tavarje01,1996,FLO,98,114,25,7,0.21929824561403508,0.2644628099173554,134000.0
taverwi01,Unknown taverwi01,2005,HOU,152,592,172,25,0.2905405405405405,0.3248407643312102,316000.0
taverwi01,Unknown taverwi01,2006,HOU,149,529,147,34,0.277882797731569,0.3333333333333333,400000.0
taverwi01,Unknown taverwi01,2007,COL,97,372,119,21,0.31989247311827956,0.36658354114713215,402000.0
taverwi01,Unknown taverwi01,2008,COL,133,479,120,36,0.25052192066805845,0.3078393881453155,1975000.0
taverwi01,Unknown taverwi01,2009,CIN,102,404,97,18,0.2400990099009901,0.2746478873239437,2250000.0
taylore01,Unknown taylore01,2002,CIN,135,287,73,14,0.25435540069686413,0.2908496732026144,200000.0
taylore01,Unknown taylore01,2003,CIN,100,180,39,11,0.21666666666666667,0.265625,334000.0
teagata01,Unknown teagata01,2009,TEX,60,198,43,14,0.21717171717171718,0.26976744186046514,401000.0
teahema01,Unknown teahema01,2005,KCA,130,447,110,40,0.24608501118568232,0.30879345603271985,316000.0
teahema01,Unknown teahema01,2006,KCA,109,393,114,40,0.2900763358778626,0.35697940503432496,344500.0
teahema01,Unknown teahema01,2007,KCA,144,544,155,55,0.2849264705882353,0.3526490066225166,416000.0
teahema01,Unknown teahema01,2008,KCA,149,572,146,46,0.25524475524475526,0.3130016051364366,2337500.0
teahema01,Unknown teahema01,2009,KCA,144,524,142,37,0.27099236641221375,0.3251318101933216,3575000.0
teahema01,Unknown teahema01,2010,CHA,77,233,60,25,0.2575107296137339,0.3269230769230769,3750000.0
teixema01,Unknown teixema01,2003,TEX,146,529,137,44,0.2589792060491493,0.3310696095076401,750000.0
teixema01,Unknown teixema01,2004,TEX,145,545,153,68,0.28073394495412846,0.3696,2625000.0
teixema01,Unknown teixema01,2005,TEX,162,644,194,72,0.30124223602484473,0.37945205479452054,3625000.0
teixema01,Unknown teixema01,2006,TEX,162,628,177,89,0.2818471337579618,0.3713892709766162,6400000.0
teixema01,Unknown teixema01,2007,TEX,78,286,85,45,0.2972027972027972,0.3970149253731343,9000000.0
teixema01,Unknown teixema01,2008,ATL,103,381,108,65,0.28346456692913385,0.3902439024390244,12500000.0
teixema01,Unknown teixema01,2009,NYA,156,609,178,81,0.2922824302134647,0.38330975954738333,20625000.0
teixema01,Unknown teixema01,2010,NYA,158,601,154,93,0.2562396006655574,0.3651685393258427,20625000.0
tejadmi01,Unknown tejadmi01,1998,OAK,105,365,85,28,0.2328767123287671,0.2977667493796526,172000.0
tejadmi01,Unknown tejadmi01,1999,OAK,159,593,149,57,0.25126475548060706,0.324812030075188,230000.0
tejadmi01,Unknown tejadmi01,2000,OAK,160,607,167,66,0.2751235584843493,0.3490427098674521,290000.0
tejadmi01,Unknown tejadmi01,2001,OAK,162,622,166,43,0.26688102893890675,0.3255131964809384,2025000.0
tejadmi01,Unknown tejadmi01,2002,OAK,162,662,204,38,0.3081570996978852,0.35384615384615387,3625000.0
tejadmi01,Unknown tejadmi01,2003,OAK,162,636,177,53,0.2783018867924528,0.3357041251778094,5125000.0
tejadmi01,Unknown tejadmi01,2004,BAL,162,653,203,48,0.3108728943338438,0.36,5000000.0
tejadmi01,Unknown tejadmi01,2005,BAL,162,654,199,40,0.30428134556574926,0.3494318181818182,11000000.0
tejadmi01,Unknown tejadmi01,2006,BAL,162,648,214,46,0.33024691358024694,0.37940761636107195,11811415.0
tejadmi01,Unknown tejadmi01,2007,BAL,133,514,152,41,0.29571984435797666,0.3573943661971831,13811415.0
tejadmi01,Unknown tejadmi01,2008,HOU,158,632,179,24,0.28322784810126583,0.3142857142857143,14811414.0
tejadmi01,Unknown tejadmi01,2009,HOU,158,635,199,19,0.31338582677165355,0.34026745913818723,14811414.0
tejadmi01,Unknown tejadmi01,2010,BAL,97,401,108,15,0.26932668329177056,0.308411214953271,6000000.0
tejadru01,Unknown tejadru01,2010,NYN,78,216,46,22,0.21296296296296297,0.30522088353413657,400000.0
templga01,Unknown templga01,1990,SDN,144,505,125,24,0.24752475247524752,0.2795497185741088,550000.0
terrelu01,Unknown terrelu01,2005,ARI,88,161,37,14,0.22981366459627328,0.3131868131868132,321000.0
tettlmi01,Unknown tettlmi01,1990,BAL,135,444,99,106,0.22297297297297297,0.3756708407871199,750000.0
tettlmi01,Unknown tettlmi01,1991,DET,154,501,132,101,0.2634730538922156,0.38651315789473684,1600000.0
tettlmi01,Unknown tettlmi01,1992,DET,157,525,125,122,0.23809523809523808,0.37920489296636084,3325000.0
tettlmi01,Unknown tettlmi01,1993,DET,152,522,128,109,0.24521072796934865,0.37205651491365777,3333333.0
tettlmi01,Unknown tettlmi01,1994,DET,107,339,84,97,0.24778761061946902,0.4189189189189189,1858334.0
tettlmi01,Unknown tettlmi01,1995,TEX,134,429,102,107,0.23776223776223776,0.3956043956043956,1000000.0
tettlmi01,Unknown tettlmi01,1996,TEX,143,491,121,95,0.24643584521384929,0.36622073578595316,1461649.0
teufeti01,Unknown teufeti01,1990,NYN,80,175,43,15,0.24571428571428572,0.3036649214659686,612500.0
teufeti01,Unknown teufeti01,1992,SDN,101,246,55,31,0.22357723577235772,0.3118279569892473,687500.0
teufeti01,Unknown teufeti01,1993,SDN,96,200,50,27,0.25,0.33771929824561403,762500.0
thamema01,Unknown thamema01,2006,DET,110,348,89,37,0.2557471264367816,0.3333333333333333,342000.0
thamema01,Unknown thamema01,2007,DET,86,269,65,13,0.241635687732342,0.27816901408450706,432500.0
thamema01,Unknown thamema01,2008,DET,103,316,76,24,0.24050632911392406,0.29239766081871343,1275000.0
thamema01,Unknown thamema01,2009,DET,87,258,65,29,0.25193798449612403,0.3231292517006803,2275000.0
thamema01,Unknown thamema01,2010,NYA,82,212,61,19,0.28773584905660377,0.350210970464135,900000.0
theriry01,Unknown theriry01,2007,CHN,148,537,143,49,0.26629422718808193,0.32597623089983024,390000.0
theriry01,Unknown theriry01,2008,CHN,149,580,178,73,0.30689655172413793,0.3866057838660578,428000.0
theriry01,Unknown theriry01,2009,CHN,154,602,171,51,0.2840531561461794,0.3433734939759036,500000.0
theriry01,Unknown theriry01,2010,CHN,96,388,110,19,0.28350515463917525,0.3195121951219512,2600000.0
thomaan01,Unknown thomaan01,1990,ATL,84,278,61,11,0.21942446043165467,0.2482758620689655,550000.0
thomacl02,Unknown thomacl02,2008,DET,40,116,33,14,0.28448275862068967,0.366412213740458,390000.0
thomafr04,Unknown thomafr04,1991,CHA,158,559,178,138,0.3184257602862254,0.45285714285714285,120000.0
thomafr04,Unknown thomafr04,1992,CHA,160,573,185,122,0.3228621291448517,0.4388185654008439,620000.0
thomafr04,Unknown thomafr04,1993,CHA,153,549,174,112,0.31693989071038253,0.4260355029585799,1115000.0
thomafr04,Unknown thomafr04,1994,CHA,113,399,141,109,0.3533834586466165,0.4874274661508704,2755000.0
thomafr04,Unknown thomafr04,1995,CHA,145,493,152,136,0.30831643002028397,0.45440494590417313,7150000.0
thomafr04,Unknown thomafr04,1996,CHA,141,527,184,109,0.349146110056926,0.4591679506933744,7150000.0
thomafr04,Unknown thomafr04,1997,CHA,146,530,184,109,0.3471698113207547,0.4560862865947612,7150000.0
thomafr04,Unknown thomafr04,1998,CHA,160,585,155,110,0.26495726495726496,0.3806179775280899,7000000.0
thomafr04,Unknown thomafr04,1999,CHA,135,486,148,87,0.3045267489711934,0.4135593220338983,7000000.0
thomafr04,Unknown thomafr04,2000,CHA,159,582,191,112,0.3281786941580756,0.43564356435643564,7100000.0
thomafr04,Unknown thomafr04,2002,CHA,148,523,132,88,0.25239005736137665,0.3614649681528662,9927000.0
thomafr04,Unknown thomafr04,2003,CHA,153,546,146,100,0.2673992673992674,0.38972809667673713,5000000.0
thomafr04,Unknown thomafr04,2004,CHA,74,240,65,64,0.2708333333333333,0.4340836012861736,6000000.0
thomafr04,Unknown thomafr04,2005,CHA,34,105,23,16,0.21904761904761905,0.31451612903225806,8000000.0
thomafr04,Unknown thomafr04,2006,OAK,137,466,126,81,0.2703862660944206,0.3810375670840787,500000.0
thomafr04,Unknown thomafr04,2007,TOR,155,531,147,81,0.2768361581920904,0.3766025641025641,5560000.0
thomeji01,Unknown thomeji01,1992,CLE,40,117,24,10,0.20512820512820512,0.2748091603053435,110000.0
thomeji01,Unknown thomeji01,1993,CLE,47,154,41,29,0.2662337662337662,0.3854166666666667,135000.0
thomeji01,Unknown thomeji01,1994,CLE,98,321,86,46,0.26791277258566976,0.358695652173913,325000.0
thomeji01,Unknown thomeji01,1995,CLE,137,452,142,97,0.3141592920353982,0.4380610412926391,825000.0
thomeji01,Unknown thomeji01,1996,CLE,151,505,157,123,0.3108910891089109,0.449685534591195,1600000.0
thomeji01,Unknown thomeji01,1997,CLE,147,496,142,120,0.2862903225806452,0.4226475279106858,2625000.0
thomeji01,Unknown thomeji01,1998,CLE,123,440,129,89,0.29318181818181815,0.4134078212290503,4800000.0
thomeji01,Unknown thomeji01,1999,CLE,146,494,137,127,0.2773279352226721,0.4260731319554849,8225000.0
thomeji01,Unknown thomeji01,2000,CLE,158,557,150,118,0.26929982046678635,0.39766081871345027,8175000.0
thomeji01,Unknown thomeji01,2001,CLE,156,526,153,111,0.2908745247148289,0.4161490683229814,7875000.0
thomeji01,Unknown thomeji01,2002,CLE,147,480,146,122,0.30416666666666664,0.4453507340946166,8000000.0
thomeji01,Unknown thomeji01,2003,PHI,159,578,154,111,0.2664359861591695,0.3853868194842407,11166667.0
thomeji01,Unknown thomeji01,2004,PHI,143,508,139,104,0.2736220472440945,0.3964401294498382,12166667.0
thomeji01,Unknown thomeji01,2005,PHI,59,193,40,45,0.20725388601036268,0.359504132231405,13166667.0
thomeji01,Unknown thomeji01,2006,CHA,143,490,141,107,0.28775510204081634,0.4163934426229508,14166667.0
thomeji01,Unknown thomeji01,2007,CHA,130,432,119,95,0.27546296296296297,0.41044776119402987,14833333.0
thomeji01,Unknown thomeji01,2008,CHA,149,503,123,91,0.24453280318091453,0.36212624584717606,15666666.0
thomeji01,Unknown thomeji01,2009,CHA,107,345,86,69,0.2492753623188406,0.37170263788968827,13000000.0
thomeji01,Unknown thomeji01,2010,MIN,108,276,78,60,0.2826086956521739,0.4117647058823529,1500000.0
thompmi02,Unknown thompmi02,1990,SLN,135,418,91,39,0.21770334928229665,0.2922077922077922,866667.0
thompmi02,Unknown thompmi02,1991,SLN,115,326,100,32,0.3067484662576687,0.36768802228412256,1516667.0
thompmi02,Unknown thompmi02,1992,SLN,109,208,61,16,0.2932692307692308,0.3495575221238938,1616667.0
thompmi02,Unknown thompmi02,1993,PHI,129,340,89,40,0.26176470588235295,0.3411458333333333,1475000.0
thompmi02,Unknown thompmi02,1994,PHI,87,220,60,23,0.2727272727272727,0.3481781376518219,1375000.0
thompmi02,Unknown thompmi02,1995,HOU,92,132,29,14,0.2196969696969697,0.2972972972972973,525000.0
thompro01,Unknown thompro01,1990,SFN,144,498,122,34,0.24497991967871485,0.29944547134935307,900000.0
thompro01,Unknown thompro01,1991,SFN,144,492,129,63,0.2621951219512195,0.35231316725978645,1500000.0
thompro01,Unknown thompro01,1992,SFN,128,443,115,43,0.2595936794582393,0.3333333333333333,1600000.0
thompro01,Unknown thompro01,1993,SFN,128,494,154,45,0.3117408906882591,0.37454545454545457,1925000.0
thompro01,Unknown thompro01,1994,SFN,35,129,27,15,0.20930232558139536,0.2896551724137931,3333333.0
thompro01,Unknown thompro01,1995,SFN,95,336,75,42,0.22321428571428573,0.31675392670157065,3333333.0
thompro01,Unknown thompro01,1996,SFN,63,227,48,24,0.21145374449339208,0.30078125,4958333.0
thompry01,Unknown thompry01,1993,NYN,80,288,72,19,0.25,0.3022508038585209,109000.0
thompry01,Unknown thompry01,1994,NYN,98,334,75,28,0.2245508982035928,0.300531914893617,175000.0
thompry01,Unknown thompry01,1995,NYN,75,267,67,19,0.250936329588015,0.30612244897959184,220000.0
thondi01,Unknown thondi01,1990,PHI,149,552,141,37,0.2554347826086957,0.3047138047138047,1100000.0
thondi01,Unknown thondi01,1991,PHI,146,539,136,25,0.2523191094619666,0.2834507042253521,1250000.0
thondi01,Unknown thondi01,1992,TEX,95,275,68,20,0.24727272727272728,0.29333333333333333,600000.0
thondi01,Unknown thondi01,1993,ML4,85,245,66,22,0.2693877551020408,0.3235294117647059,250000.0
thormsc01,Unknown thormsc01,2007,ATL,120,287,62,14,0.21602787456445993,0.2581699346405229,380000.0
thurmga01,Unknown thurmga01,1992,KCA,88,200,49,9,0.245,0.28095238095238095,287500.0
thursjo01,Unknown thursjo01,2009,SLN,124,267,60,33,0.2247191011235955,0.3157894736842105,475000.0
timmooz01,Unknown timmooz01,1995,CHN,77,171,45,13,0.2631578947368421,0.31351351351351353,109000.0
timmooz01,Unknown timmooz01,1996,CHN,65,140,28,15,0.2,0.28205128205128205,150000.0
tinglro01,Unknown tinglro01,1992,CAL,71,127,25,13,0.1968503937007874,0.28169014084507044,170000.0
tinglro01,Unknown tinglro01,1995,DET,54,124,28,15,0.22580645161290322,0.30714285714285716,280000.0
tinslle01,Unknown tinslle01,1994,BOS,78,144,32,19,0.2222222222222222,0.3151515151515151,119000.0
tinslle01,Unknown tinslle01,1995,BOS,100,341,97,39,0.2844574780058651,0.3586387434554974,140000.0
tinslle01,Unknown tinslle01,1997,SEA,49,122,24,11,0.19672131147540983,0.2631578947368421,400000.0
tolbema01,Unknown tolbema01,2008,MIN,41,113,32,7,0.2831858407079646,0.32231404958677684,390000.0
torrean02,Unknown torrean02,2009,SFN,75,152,41,16,0.26973684210526316,0.3431952662721893,400000.0
torrean02,Unknown torrean02,2010,SFN,139,507,136,56,0.2682445759368836,0.3433628318584071,426000.0
torreyo01,Unknown torreyo01,2002,SFN,53,136,38,14,0.27941176470588236,0.35526315789473684,200000.0
torreyo01,Unknown torreyo01,2003,SFN,66,200,52,14,0.26,0.3119266055045872,312000.0
torreyo01,Unknown torreyo01,2004,SFN,64,172,39,17,0.22674418604651161,0.3020833333333333,334000.0
torreyo01,Unknown torreyo01,2006,COL,65,223,55,11,0.24663677130044842,0.2928870292887029,850000.0
torreyo01,Unknown torreyo01,2007,COL,113,396,101,34,0.255050505050505,0.32265446224256294,1075000.0
torreyo01,Unknown torreyo01,2008,COL,70,236,58,12,0.2457627118644068,0.29296875,3000000.0
torreyo01,Unknown torreyo01,2009,COL,64,213,62,21,0.29107981220657275,0.3514644351464435,3750000.0
torreyo01,Unknown torreyo01,2010,SDN,95,325,88,33,0.27076923076923076,0.3425414364640884,750000.0
towlejr01,Unknown towlejr01,2008,HOU,54,146,20,16,0.136986301369863,0.25,390000.0
tracych01,Unknown tracych01,2005,ARI,145,503,155,35,0.3081510934393638,0.358695652173913,335000.0
tracych01,Unknown tracych01,2006,ARI,154,597,168,54,0.2814070351758794,0.3434190620272315,381000.0
tracych01,Unknown tracych01,2007,ARI,76,227,60,29,0.2643171806167401,0.34615384615384615,3000000.0
tracych01,Unknown tracych01,2008,ARI,88,273,73,16,0.2673992673992674,0.3082191780821918,4000000.0
tracych01,Unknown tracych01,2009,ARI,98,257,61,26,0.23735408560311283,0.3055555555555556,5000000.0
trammal01,Unknown trammal01,1990,DET,146,559,170,68,0.3041144901610018,0.37697160883280756,1800000.0
trammal01,Unknown trammal01,1991,DET,101,375,93,37,0.248,0.31971153846153844,2200000.0
trammal01,Unknown trammal01,1992,DET,29,102,28,15,0.27450980392156865,0.3697478991596639,2400000.0
trammal01,Unknown trammal01,1993,DET,112,401,132,38,0.32917705735660846,0.38826185101580135,1827500.0
trammal01,Unknown trammal01,1994,DET,76,292,78,16,0.2671232876712329,0.3074433656957929,3000000.0
trammal01,Unknown trammal01,1995,DET,74,223,60,27,0.26905829596412556,0.34523809523809523,1300000.0
trammal01,Unknown trammal01,1996,DET,66,193,45,10,0.23316062176165803,0.2669902912621359,600000.0
trammbu01,Unknown trammbu01,1997,DET,44,123,28,15,0.22764227642276422,0.30714285714285716,150000.0
trammbu01,Unknown trammbu01,1998,TBA,59,199,57,16,0.2864321608040201,0.33796296296296297,180000.0
trammbu01,Unknown trammbu01,1999,TBA,82,283,82,43,0.28975265017667845,0.38414634146341464,230000.0
trammbu01,Unknown trammbu01,2000,TBA,66,189,52,21,0.2751322751322751,0.352112676056338,253000.0
trammbu01,Unknown trammbu01,2001,SDN,142,490,128,48,0.2612244897959184,0.32967032967032966,335000.0
trammbu01,Unknown trammbu01,2002,SDN,133,403,98,53,0.24317617866004962,0.3333333333333333,1500000.0
treadje01,Unknown treadje01,1990,ATL,128,474,134,25,0.28270042194092826,0.3201581027667984,250000.0
treadje01,Unknown treadje01,1991,ATL,106,306,98,23,0.3202614379084967,0.36826347305389223,770000.0
treadje01,Unknown treadje01,1992,ATL,61,126,28,9,0.2222222222222222,0.2740740740740741,1262000.0
treadje01,Unknown treadje01,1993,CLE,97,221,67,14,0.3031674208144796,0.3472803347280335,375000.0
treanma01,Unknown treanma01,2005,FLO,58,134,27,16,0.20149253731343283,0.3006535947712418,316000.0
treanma01,Unknown treanma01,2006,FLO,67,157,36,19,0.22929936305732485,0.32786885245901637,327000.0
treanma01,Unknown treanma01,2007,FLO,55,171,46,19,0.26900584795321636,0.35714285714285715,380000.0
treanma01,Unknown treanma01,2008,FLO,65,206,49,18,0.23786407766990292,0.3056768558951965,705000.0
trubych01,Unknown trubych01,2001,HOU,48,136,28,13,0.20588235294117646,0.27631578947368424,237500.0
trubych01,Unknown trubych01,2002,MON,35,105,27,5,0.2571428571428571,0.2972972972972973,270000.0
tuckemi01,Unknown tuckemi01,1995,KCA,62,177,46,18,0.2598870056497175,0.33163265306122447,109000.0
tuckemi01,Unknown tuckemi01,1996,KCA,108,339,88,40,0.25958702064896755,0.34615384615384615,160000.0
tuckemi01,Unknown tuckemi01,1997,ATL,138,499,141,44,0.28256513026052105,0.3472727272727273,250000.0
tuckemi01,Unknown tuckemi01,1998,ATL,130,414,101,49,0.24396135265700483,0.3269230769230769,370000.0
tuckemi01,Unknown tuckemi01,1999,CIN,133,296,75,37,0.2533783783783784,0.3382352941176471,1600000.0
tuckemi01,Unknown tuckemi01,2000,CIN,148,270,72,44,0.26666666666666666,0.38080495356037153,1700000.0
tuckemi01,Unknown tuckemi01,2001,CIN,86,231,56,23,0.24242424242424243,0.3076923076923077,1800000.0
tuckemi01,Unknown tuckemi01,2002,KCA,144,475,118,56,0.24842105263157896,0.3302238805970149,2250000.0
tuckemi01,Unknown tuckemi01,2003,KCA,104,389,102,39,0.2622107969151671,0.33101851851851855,2750000.0
tuckemi01,Unknown tuckemi01,2004,SFN,140,464,119,70,0.25646551724137934,0.35304990757855825,1500000.0
tuckemi01,Unknown tuckemi01,2005,SFN,104,250,60,28,0.24,0.31690140845070425,2000000.0
tuiasma01,Unknown tuiasma01,2010,SEA,50,127,22,9,0.1732283464566929,0.23357664233576642,401000.0
tulowtr01,Unknown tulowtr01,2007,COL,155,609,177,57,0.29064039408866993,0.35893648449039883,381000.0
tulowtr01,Unknown tulowtr01,2008,COL,101,377,99,38,0.2625994694960212,0.3317422434367542,750000.0
tulowtr01,Unknown tulowtr01,2009,COL,151,543,161,73,0.2965009208103131,0.37738853503184716,1000000.0
tulowtr01,Unknown tulowtr01,2010,COL,122,470,148,48,0.3148936170212766,0.3806818181818182,3500000.0
turanbr01,Unknown turanbr01,1994,SEA,38,112,21,7,0.1875,0.24166666666666667,116000.0
turnech01,Unknown turnech01,1994,CAL,58,149,36,10,0.24161073825503357,0.29012345679012347,125000.0
tynerja01,Unknown tynerja01,2002,TBA,44,168,36,7,0.21428571428571427,0.24858757062146894,250000.0
tynerja01,Unknown tynerja01,2007,MIN,114,304,87,16,0.28618421052631576,0.3312883435582822,400000.0
ugglada01,Unknown ugglada01,2006,FLO,154,611,172,48,0.281505728314239,0.33875739644970415,327000.0
ugglada01,Unknown ugglada01,2007,FLO,159,632,155,68,0.24525316455696203,0.3259668508287293,392000.0
ugglada01,Unknown ugglada01,2008,FLO,146,531,138,77,0.2598870056497175,0.3602584814216478,417000.0
ugglada01,Unknown ugglada01,2009,FLO,158,564,137,92,0.2429078014184397,0.3538230884557721,5350000.0
ugglada01,Unknown ugglada01,2010,FLO,159,589,169,78,0.2869269949066214,0.3694362017804154,7800000.0
uptonbj01,Unknown uptonbj01,2007,TBA,129,474,142,65,0.29957805907172996,0.3857404021937843,386900.0
uptonbj01,Unknown uptonbj01,2008,TBA,145,531,145,97,0.2730696798493409,0.38304552590266877,412100.0
uptonbj01,Unknown uptonbj01,2009,TBA,144,560,135,57,0.24107142857142858,0.3130016051364366,435000.0
uptonbj01,Unknown uptonbj01,2010,TBA,154,536,127,67,0.23694029850746268,0.3218390804597701,3000000.0
uptonju01,Unknown uptonju01,2008,ARI,108,356,89,54,0.25,0.35251798561151076,393000.0
uptonju01,Unknown uptonju01,2009,ARI,138,526,158,55,0.30038022813688214,0.36626916524701875,412000.0
uptonju01,Unknown uptonju01,2010,ARI,133,495,135,64,0.2727272727272727,0.356140350877193,708333.0
uribejo01,Unknown uribejo01,1990,SFN,138,415,103,29,0.24819277108433735,0.2972972972972973,983333.0
uribejo01,Unknown uribejo01,1991,SFN,90,231,51,20,0.22077922077922077,0.28286852589641437,1333333.0
uribejo01,Unknown uribejo01,1992,SFN,66,162,39,14,0.24074074074074073,0.2994350282485876,1533334.0
uribeju01,Unknown uribeju01,2002,COL,155,566,136,34,0.24028268551236748,0.2864157119476268,222000.0
uribeju01,Unknown uribeju01,2003,COL,87,316,80,17,0.25316455696202533,0.29673590504451036,300000.0
uribeju01,Unknown uribeju01,2004,CHA,134,502,142,32,0.28286852589641437,0.32656826568265684,350000.0
uribeju01,Unknown uribeju01,2005,CHA,146,481,121,34,0.2515592515592516,0.3005671077504726,2150000.0
uribeju01,Unknown uribeju01,2006,CHA,132,463,109,13,0.23542116630669546,0.257201646090535,3150000.0
uribeju01,Unknown uribeju01,2007,CHA,150,513,120,34,0.23391812865497075,0.2841726618705036,4150000.0
uribeju01,Unknown uribeju01,2008,CHA,110,324,80,22,0.24691358024691357,0.2959770114942529,4500000.0
uribeju01,Unknown uribeju01,2009,SFN,122,398,115,25,0.2889447236180904,0.32867132867132864,1000000.0
uribeju01,Unknown uribeju01,2010,SFN,148,521,129,45,0.2476007677543186,0.3095652173913043,3250000.0
utleych01,Unknown utleych01,2003,PHI,43,134,32,11,0.23880597014925373,0.3223684210526316,300000.0
utleych01,Unknown utleych01,2005,PHI,147,543,158,69,0.29097605893186,0.37579617834394907,345000.0
utleych01,Unknown utleych01,2006,PHI,160,658,203,63,0.30851063829787234,0.37889039242219213,500000.0
utleych01,Unknown utleych01,2007,PHI,132,530,176,50,0.3320754716981132,0.41013071895424835,4785714.0
utleych01,Unknown utleych01,2008,PHI,159,607,177,64,0.2915980230642504,0.37960339943342775,7785714.0
utleych01,Unknown utleych01,2009,PHI,156,571,161,88,0.2819614711033275,0.39737991266375544,11285714.0
utleych01,Unknown utleych01,2010,PHI,115,425,117,63,0.2752941176470588,0.38747553816046965,15285714.0
valbulu01,Unknown valbulu01,2010,CLE,91,275,53,28,0.19272727272727272,0.2727272727272727,414700.0
valdema02,Unknown valdema02,1997,CHA,54,115,28,17,0.24347826086956523,0.35036496350364965,150000.0
valdewi01,Unknown valdewi01,2005,SEA,42,126,25,6,0.1984126984126984,0.23484848484848486,316000.0
valener01,Unknown valener01,2004,NYN,130,270,72,28,0.26666666666666666,0.33666666666666667,302500.0
valenja01,Unknown valenja01,1998,MIN,55,162,32,11,0.19753086419753085,0.2471264367816092,170000.0
valenja01,Unknown valenja01,1999,MIN,78,218,54,22,0.24770642201834864,0.3130081300813008,207500.0
valenja01,Unknown valenja01,2003,TBA,49,135,30,5,0.2222222222222222,0.2535211267605634,305000.0
valenja01,Unknown valenja01,2004,CIN,82,202,47,17,0.23267326732673269,0.2927927927927928,500000.0
valenja01,Unknown valenja01,2005,CIN,76,221,62,30,0.28054298642533937,0.36220472440944884,450000.0
valenja01,Unknown valenja01,2006,CIN,92,186,50,13,0.26881720430107525,0.31343283582089554,1150000.0
valenja01,Unknown valenja01,2007,CIN,97,243,67,19,0.2757201646090535,0.3283018867924528,1250000.0
valenjo02,Unknown valenjo02,1992,BOS,58,185,51,20,0.2756756756756757,0.35096153846153844,109000.0
valenjo02,Unknown valenjo02,1993,BOS,144,468,130,49,0.2777777777777778,0.34608030592734224,170000.0
valenjo02,Unknown valenjo02,1994,BOS,84,301,95,42,0.31561461794019935,0.4,370000.0
valenjo02,Unknown valenjo02,1995,BOS,135,520,155,81,0.2980769230769231,0.3987034035656402,637500.0
valenjo02,Unknown valenjo02,1996,BOS,131,527,156,63,0.29601518026565465,0.3741721854304636,2672500.0
valenjo02,Unknown valenjo02,1997,BOS,143,575,176,58,0.3060869565217391,0.37169517884914466,3750000.0
valenjo02,Unknown valenjo02,1998,BOS,153,588,145,77,0.2465986394557823,0.3402061855670103,5350000.0
valenjo02,Unknown valenjo02,1999,BOS,113,450,114,40,0.25333333333333335,0.3147410358565737,6350000.0
valenjo02,Unknown valenjo02,2002,NYN,114,208,50,22,0.2403846153846154,0.33884297520661155,550000.0
valenjo03,Unknown valenjo03,1994,ML4,97,285,68,38,0.23859649122807017,0.3302752293577982,113000.0
valenjo03,Unknown valenjo03,1995,ML4,112,338,74,37,0.21893491124260356,0.2928759894459103,158000.0
valenjo03,Unknown valenjo03,1996,ML4,154,552,143,66,0.25905797101449274,0.3360128617363344,300000.0
valenjo03,Unknown valenjo03,1997,ML4,136,494,125,39,0.25303643724696356,0.30996309963099633,1445667.0
valenjo03,Unknown valenjo03,1998,MIL,151,428,96,63,0.22429906542056074,0.32323232323232326,2136095.0
valenjo03,Unknown valenjo03,1999,MIL,89,256,58,48,0.2265625,0.34726688102893893,3036095.0
valenjo03,Unknown valenjo03,2000,CHA,144,568,155,59,0.272887323943662,0.34330708661417325,1320000.0
valenjo03,Unknown valenjo03,2001,CHA,124,438,113,50,0.2579908675799087,0.3360323886639676,5166667.0
valenjo03,Unknown valenjo03,2002,CHA,135,474,118,43,0.2489451476793249,0.3110687022900763,5000000.0
valenjo03,Unknown valenjo03,2003,CHA,144,503,119,54,0.23658051689860835,0.31316725978647686,5000000.0
valenjo03,Unknown valenjo03,2004,CHA,125,450,97,43,0.21555555555555556,0.28714859437751006,5000000.0
valenjo03,Unknown valenjo03,2005,LAN,56,147,25,31,0.17006802721088435,0.32608695652173914,3500000.0
valenjo03,Unknown valenjo03,2006,NYN,137,384,104,37,0.2708333333333333,0.33021077283372363,912500.0
valenjo03,Unknown valenjo03,2007,NYN,51,166,40,15,0.24096385542168675,0.3021978021978022,3800000.0
valleda01,Unknown valleda01,1990,SEA,107,308,66,45,0.21428571428571427,0.3277777777777778,485000.0
valleda01,Unknown valleda01,1991,SEA,132,324,63,34,0.19444444444444445,0.2864864864864865,666667.0
valleda01,Unknown valleda01,1992,SEA,124,367,88,27,0.23978201634877383,0.3052109181141439,1666667.0
valleda01,Unknown valleda01,1993,SEA,135,423,109,48,0.2576832151300236,0.35365853658536583,2366667.0
vandejo02,Unknown vandejo02,1992,MON,105,213,51,24,0.23943661971830985,0.31645569620253167,110500.0
vandejo02,Unknown vandejo02,1993,MON,106,215,50,27,0.23255813953488372,0.319672131147541,142500.0
vandejo02,Unknown vandejo02,1994,COL,91,110,27,16,0.24545454545454545,0.33858267716535434,195000.0
vandejo02,Unknown vandejo02,1995,COL,105,101,35,16,0.3465346534653465,0.4322033898305085,300000.0
vandejo02,Unknown vandejo02,1996,COL,104,151,38,19,0.25165562913907286,0.3352601156069364,512500.0
vandejo02,Unknown vandejo02,1998,COL,89,104,30,16,0.28846153846153844,0.38016528925619836,560000.0
vandejo02,Unknown vandejo02,1999,SDN,132,246,67,37,0.27235772357723576,0.3680555555555556,1075000.0
vandejo02,Unknown vandejo02,2000,PIT,134,384,115,72,0.2994791666666667,0.40997830802603036,875000.0
vandejo02,Unknown vandejo02,2001,PIT,97,313,87,42,0.2779552715654952,0.3611111111111111,1850000.0
vandejo02,Unknown vandejo02,2002,NYA,84,219,57,23,0.2602739726027397,0.32653061224489793,1850000.0
vandejo02,Unknown vandejo02,2003,MIL,117,327,84,46,0.25688073394495414,0.3502673796791444,550000.0
vanslan01,Unknown vanslan01,1990,PIT,136,493,140,66,0.2839756592292089,0.3670212765957447,1200000.0
vanslan01,Unknown vanslan01,1991,PIT,138,491,130,71,0.26476578411405294,0.35528596187175043,2180000.0
vanslan01,Unknown vanslan01,1992,PIT,154,614,199,58,0.3241042345276873,0.381021897810219,4350000.0
vanslan01,Unknown vanslan01,1993,PIT,83,323,100,24,0.30959752321981426,0.35694050991501414,4900000.0
vanslan01,Unknown vanslan01,1994,PIT,105,374,92,52,0.24598930481283424,0.3395348837209302,3550000.0
varitja01,Unknown varitja01,1998,BOS,86,221,56,17,0.25339366515837103,0.30864197530864196,170000.0
varitja01,Unknown varitja01,1999,BOS,144,483,130,46,0.2691511387163561,0.3302411873840445,237500.0
varitja01,Unknown varitja01,2000,BOS,139,448,111,60,0.24776785714285715,0.3416988416988417,375000.0
varitja01,Unknown varitja01,2001,BOS,51,174,51,21,0.29310344827586204,0.37055837563451777,1800000.0
varitja01,Unknown varitja01,2002,BOS,132,467,124,41,0.26552462526766596,0.33204633204633205,3500000.0
varitja01,Unknown varitja01,2003,BOS,142,451,123,51,0.2727272727272727,0.3507751937984496,4700000.0
varitja01,Unknown varitja01,2004,BOS,137,463,137,62,0.2958963282937365,0.38992537313432835,6900000.0
varitja01,Unknown varitja01,2005,BOS,133,470,132,62,0.28085106382978725,0.36617100371747213,8000000.0
varitja01,Unknown varitja01,2006,BOS,103,365,87,46,0.23835616438356164,0.3253012048192771,10000000.0
varitja01,Unknown varitja01,2007,BOS,131,435,111,71,0.25517241379310346,0.3667953667953668,11000000.0
varitja01,Unknown varitja01,2008,BOS,131,423,93,52,0.2198581560283688,0.31262939958592134,10442030.0
varitja01,Unknown varitja01,2009,BOS,109,364,76,54,0.2087912087912088,0.3129411764705882,5000000.0
varitja01,Unknown varitja01,2010,BOS,39,112,26,10,0.23214285714285715,0.2926829268292683,3000000.0
varshga01,Unknown varshga01,1991,PIT,99,187,51,19,0.2727272727272727,0.3444976076555024,155000.0
varshga01,Unknown varshga01,1992,PIT,103,162,36,10,0.2222222222222222,0.2658959537572254,367500.0
varshga01,Unknown varshga01,1995,PHI,72,103,26,7,0.2524271844660194,0.30973451327433627,150000.0
vaughgr01,Unknown vaughgr01,1990,ML4,120,382,84,33,0.2198952879581152,0.2796208530805687,100000.0
vaughgr01,Unknown vaughgr01,1991,ML4,145,542,132,62,0.24354243542435425,0.31862745098039214,190000.0
vaughgr01,Unknown vaughgr01,1992,ML4,141,501,114,60,0.2275449101796407,0.3134851138353765,500000.0
vaughgr01,Unknown vaughgr01,1993,ML4,154,569,152,89,0.2671353251318102,0.36881559220389803,1777500.0
vaughgr01,Unknown vaughgr01,1994,ML4,95,370,94,51,0.25405405405405407,0.34515366430260047,3000000.0
vaughgr01,Unknown vaughgr01,1995,ML4,108,392,88,55,0.22448979591836735,0.3170731707317073,4875000.0
vaughgr01,Unknown vaughgr01,1996,ML4,102,375,105,58,0.28,0.3778280542986425,5875000.0
vaughgr01,Unknown vaughgr01,1997,SDN,120,361,78,56,0.21606648199445982,0.3222748815165877,4000000.0
vaughgr01,Unknown vaughgr01,1998,SDN,158,573,156,79,0.27225130890052357,0.3630862329803328,5275000.0
vaughgr01,Unknown vaughgr01,1999,CIN,153,550,135,85,0.24545454545454545,0.3468118195956454,5615428.0
vaughgr01,Unknown vaughgr01,2000,TBA,127,461,117,80,0.25379609544468545,0.3651376146788991,7097962.0
vaughgr01,Unknown vaughgr01,2001,TBA,136,485,113,71,0.2329896907216495,0.33274021352313166,8250000.0
vaughgr01,Unknown vaughgr01,2002,TBA,69,251,41,41,0.16334661354581673,0.28619528619528617,8750000.0
vaughmo01,Unknown vaughmo01,1991,BOS,74,219,57,26,0.2602739726027397,0.3386454183266932,100000.0
vaughmo01,Unknown vaughmo01,1992,BOS,113,355,83,47,0.23380281690140844,0.32598039215686275,165000.0
vaughmo01,Unknown vaughmo01,1993,BOS,152,539,160,79,0.29684601113172543,0.3902053712480253,290000.0
vaughmo01,Unknown vaughmo01,1994,BOS,111,394,122,57,0.3096446700507614,0.408207343412527,675000.0
vaughmo01,Unknown vaughmo01,1995,BOS,140,550,165,68,0.3,0.38836477987421386,2775000.0
vaughmo01,Unknown vaughmo01,1996,BOS,161,635,207,95,0.32598425196850395,0.42021276595744683,5400000.0
vaughmo01,Unknown vaughmo01,1997,BOS,141,527,166,86,0.31499051233396586,0.42038216560509556,6350000.0
vaughmo01,Unknown vaughmo01,1998,BOS,154,609,205,61,0.3366174055829228,0.4023494860499266,6650000.0
vaughmo01,Unknown vaughmo01,1999,ANA,139,524,147,54,0.28053435114503816,0.3581081081081081,7166666.0
vaughmo01,Unknown vaughmo01,2000,ANA,161,614,167,79,0.2719869706840391,0.3651685393258427,11166667.0
vaughmo01,Unknown vaughmo01,2002,NYN,139,487,126,59,0.2587268993839836,0.34946236559139787,12166667.0
vazqura01,Unknown vazqura01,2002,SDN,128,423,116,45,0.27423167848699764,0.34394904458598724,205000.0
vazqura01,Unknown vazqura01,2003,SDN,116,422,110,52,0.26066350710900477,0.34237995824634654,315000.0
vazqura01,Unknown vazqura01,2004,SDN,52,115,27,11,0.23478260869565218,0.296875,342500.0
vazqura01,Unknown vazqura01,2008,TEX,105,300,87,38,0.29,0.3654970760233918,810000.0
vazqura01,Unknown vazqura01,2009,PIT,101,204,47,31,0.23039215686274508,0.33472803347280333,1875000.0
velarra01,Unknown velarra01,1990,NYA,95,229,48,20,0.2096069868995633,0.2749003984063745,136500.0
velarra01,Unknown velarra01,1991,NYA,80,184,45,18,0.24456521739130435,0.32195121951219513,145000.0
velarra01,Unknown velarra01,1992,NYA,121,412,112,38,0.27184466019417475,0.33260393873085337,360000.0
velarra01,Unknown velarra01,1993,NYA,85,226,68,18,0.3008849557522124,0.36,1050000.0
velarra01,Unknown velarra01,1994,NYA,77,280,78,22,0.2785714285714286,0.33766233766233766,1125000.0
velarra01,Unknown velarra01,1995,NYA,111,367,102,55,0.2779291553133515,0.3752913752913753,500000.0
velarra01,Unknown velarra01,1996,CAL,136,530,151,70,0.2849056603773585,0.3723228995057661,800000.0
velarra01,Unknown velarra01,1998,ANA,51,188,49,34,0.26063829787234044,0.375,850000.0
velarra01,Unknown velarra01,1999,ANA,95,376,115,43,0.3058510638297872,0.3829787234042553,1600000.0
velarra01,Unknown velarra01,2000,OAK,122,485,135,54,0.27835051546391754,0.35359116022099446,3050000.0
velarra01,Unknown velarra01,2001,TEX,78,296,88,29,0.2972972972972973,0.3685800604229607,3150000.0
velarra01,Unknown velarra01,2002,OAK,56,133,30,15,0.22556390977443608,0.3246753246753247,1000000.0
velasgu01,Unknown velasgu01,1993,SDN,79,143,30,13,0.2097902097902098,0.27388535031847133,109000.0
velezeu01,Unknown velezeu01,2008,SFN,98,275,72,14,0.26181818181818184,0.29896907216494845,390000.0
velezeu01,Unknown velezeu01,2009,SFN,84,285,76,16,0.26666666666666666,0.3081967213114754,404000.0
venabma01,Unknown venabma01,1990,CAL,93,189,49,24,0.25925925925925924,0.3395348837209302,200000.0
venabma01,Unknown venabma01,1991,CAL,82,187,46,11,0.24598930481283424,0.29207920792079206,425000.0
venturo01,Unknown venturo01,1990,CHA,150,493,123,55,0.24949290060851928,0.3242753623188406,100000.0
venturo01,Unknown venturo01,1991,CHA,157,606,172,80,0.2838283828382838,0.3672883787661406,150000.0
venturo01,Unknown venturo01,1992,CHA,157,592,167,93,0.28209459459459457,0.37518037518037517,640000.0
venturo01,Unknown venturo01,1993,CHA,157,554,145,105,0.26173285198555957,0.3787425149700599,1845000.0
venturo01,Unknown venturo01,1994,CHA,109,401,113,61,0.2817955112219451,0.3728813559322034,3500000.0
venturo01,Unknown venturo01,1995,CHA,135,492,145,75,0.29471544715447157,0.3836805555555556,5100000.0
venturo01,Unknown venturo01,1996,CHA,158,586,168,78,0.28668941979522183,0.36795252225519287,6000000.0
venturo01,Unknown venturo01,1997,CHA,54,183,48,34,0.26229508196721313,0.37272727272727274,6000000.0
venturo01,Unknown venturo01,1998,CHA,161,590,155,79,0.2627118644067797,0.3491827637444279,6100000.0
venturo01,Unknown venturo01,1999,NYN,161,588,177,74,0.3010204081632653,0.37910447761194027,7000000.0
venturo01,Unknown venturo01,2000,NYN,141,469,109,75,0.232409381663113,0.3381818181818182,8000000.0
venturo01,Unknown venturo01,2001,NYN,142,456,108,88,0.23684210526315788,0.3588342440801457,8000000.0
venturo01,Unknown venturo01,2002,NYA,141,465,115,90,0.24731182795698925,0.3683274021352313,8500000.0
venturo01,Unknown venturo01,2003,NYA,89,283,71,40,0.2508833922261484,0.34365325077399383,5000000.0
venturo01,Unknown venturo01,2004,LAN,102,152,37,22,0.24342105263157895,0.33714285714285713,1200000.0
verasqu01,Unknown verasqu01,1995,FLO,124,440,115,80,0.26136363636363635,0.384180790960452,109000.0
verasqu01,Unknown verasqu01,1996,FLO,73,253,64,51,0.25296442687747034,0.3811074918566775,230000.0
verasqu01,Unknown verasqu01,1997,SDN,145,539,143,72,0.2653061224489796,0.35691318327974275,310000.0
verasqu01,Unknown verasqu01,1998,SDN,138,517,138,84,0.26692456479690524,0.37315875613747956,1100000.0
verasqu01,Unknown verasqu01,1999,SDN,132,475,133,65,0.28,0.36764705882352944,2110000.0
verasqu01,Unknown verasqu01,2000,ATL,84,298,92,51,0.3087248322147651,0.4134078212290503,3000000.0
verasqu01,Unknown verasqu01,2001,ATL,71,258,65,24,0.25193798449612403,0.32989690721649484,3900000.0
veraswi01,Unknown veraswi01,1999,BOS,36,118,34,5,0.288135593220339,0.3228346456692913,200000.0
victosh01,Unknown victosh01,2006,PHI,153,415,119,24,0.28674698795180725,0.3458149779735683,330000.0
victosh01,Unknown victosh01,2007,PHI,131,456,128,37,0.2807017543859649,0.3465346534653465,410000.0
victosh01,Unknown victosh01,2008,PHI,146,570,167,45,0.2929824561403509,0.3520900321543408,480000.0
victosh01,Unknown victosh01,2009,PHI,156,620,181,60,0.29193548387096774,0.35797101449275365,3125000.0
victosh01,Unknown victosh01,2010,PHI,147,587,152,53,0.25894378194207834,0.3271604938271605,5000000.0
vidrojo01,Unknown vidrojo01,1997,MON,67,169,42,11,0.2485207100591716,0.2972972972972973,150000.0
vidrojo01,Unknown vidrojo01,1998,MON,83,205,45,27,0.21951219512195122,0.3179916317991632,222500.0
vidrojo01,Unknown vidrojo01,1999,MON,140,494,150,29,0.30364372469635625,0.34593572778827975,225000.0
vidrojo01,Unknown vidrojo01,2000,MON,153,606,200,49,0.33003300330033003,0.37858220211161386,340000.0
vidrojo01,Unknown vidrojo01,2001,MON,124,486,155,31,0.31893004115226337,0.3705103969754253,2500000.0
vidrojo01,Unknown vidrojo01,2002,MON,152,604,190,60,0.31456953642384106,0.3776119402985075,4000000.0
vidrojo01,Unknown vidrojo01,2003,MON,144,509,158,69,0.3104125736738703,0.39661016949152544,5500000.0
vidrojo01,Unknown vidrojo01,2004,MON,110,412,121,49,0.2936893203883495,0.367170626349892,7000000.0
vidrojo01,Unknown vidrojo01,2005,WAS,87,309,85,31,0.2750809061488673,0.3391304347826087,7000000.0
vidrojo01,Unknown vidrojo01,2006,WAS,126,463,134,41,0.2894168466522678,0.34833659491193736,7000000.0
vidrojo01,Unknown vidrojo01,2007,SEA,147,548,172,63,0.31386861313868614,0.38064516129032255,7500000.0
vidrojo01,Unknown vidrojo01,2008,SEA,85,308,72,18,0.23376623376623376,0.27439024390243905,8500000.0
villahe01,Unknown villahe01,1991,CHN,71,192,53,21,0.2760416666666667,0.34579439252336447,120000.0
villahe01,Unknown villahe01,1992,CHN,51,112,17,11,0.15178571428571427,0.22764227642276422,200000.0
vinafe01,Unknown vinafe01,1994,NYN,79,124,31,12,0.25,0.3716216216216216,120000.0
vinafe01,Unknown vinafe01,1995,ML4,113,288,74,22,0.2569444444444444,0.32710280373831774,125000.0
vinafe01,Unknown vinafe01,1996,ML4,140,554,157,38,0.2833935018050541,0.3415435139573071,190000.0
vinafe01,Unknown vinafe01,1997,ML4,79,324,89,12,0.27469135802469136,0.31213872832369943,810000.0
vinafe01,Unknown vinafe01,1998,MIL,159,637,198,54,0.3108320251177394,0.38633193863319387,1100000.0
vinafe01,Unknown vinafe01,1999,MIL,37,154,41,14,0.2662337662337662,0.3390804597701149,2000000.0
vinafe01,Unknown vinafe01,2000,SLN,123,487,146,36,0.2997946611909651,0.3804347826086957,2300000.0
vinafe01,Unknown vinafe01,2001,SLN,154,631,191,32,0.30269413629160064,0.35662299854439594,4333333.0
vinafe01,Unknown vinafe01,2002,SLN,150,622,168,44,0.27009646302250806,0.33285094066570187,4333333.0
vinafe01,Unknown vinafe01,2003,SLN,61,259,65,11,0.25096525096525096,0.30851063829787234,5333333.0
vinafe01,Unknown vinafe01,2004,DET,29,115,26,9,0.22608695652173913,0.3076923076923077,3000000.0
vitiejo01,Unknown vitiejo01,1995,KCA,53,130,33,8,0.25384615384615383,0.31690140845070425,109000.0
vitiejo01,Unknown vitiejo01,1996,KCA,85,257,62,38,0.24124513618677043,0.34219269102990035,150000.0
vitiejo01,Unknown vitiejo01,1997,KCA,51,130,31,14,0.23846153846153847,0.3219178082191781,210000.0
vizcajo01,Unknown vizcajo01,1991,CHN,93,145,38,5,0.2620689655172414,0.28289473684210525,114000.0
vizcajo01,Unknown vizcajo01,1992,CHN,86,285,64,14,0.22456140350877193,0.26,177000.0
vizcajo01,Unknown vizcajo01,1993,CHN,151,551,158,46,0.2867513611615245,0.3399014778325123,235000.0
vizcajo01,Unknown vizcajo01,1994,NYN,103,410,105,33,0.25609756097560976,0.31042128603104213,850000.0
vizcajo01,Unknown vizcajo01,1995,NYN,135,509,146,35,0.2868369351669941,0.33211678832116787,1355000.0
vizcajo01,Unknown vizcajo01,1996,NYN,96,363,110,28,0.30303030303030304,0.3560606060606061,2200000.0
vizcajo01,Unknown vizcajo01,1997,SFN,151,568,151,48,0.2658450704225352,0.3225283630470016,2800000.0
vizcajo01,Unknown vizcajo01,1998,LAN,67,237,62,17,0.2616033755274262,0.311284046692607,3000000.0
vizcajo01,Unknown vizcajo01,1999,LAN,94,266,67,20,0.2518796992481203,0.3044982698961938,3000000.0
vizcajo01,Unknown vizcajo01,2001,HOU,107,256,71,15,0.27734375,0.32234432234432236,1500000.0
vizcajo01,Unknown vizcajo01,2002,HOU,125,406,123,24,0.30295566502463056,0.3418013856812933,1700000.0
vizcajo01,Unknown vizcajo01,2003,HOU,91,189,47,8,0.24867724867724866,0.2814070351758794,2000000.0
vizcajo01,Unknown vizcajo01,2004,HOU,138,358,98,20,0.2737430167597765,0.3105263157894737,1200000.0
vizcajo01,Unknown vizcajo01,2005,HOU,98,187,46,15,0.24598930481283424,0.29901960784313725,1250000.0
vizcajo01,Unknown vizcajo01,2006,SFN,64,119,25,16,0.21008403361344538,0.3037037037037037,1226158.0
vizquom01,Unknown vizquom01,1990,SEA,81,255,63,18,0.24705882352941178,0.29454545454545455,135000.0
vizquom01,Unknown vizquom01,1991,SEA,142,426,98,45,0.2300469483568075,0.30168776371308015,180000.0
vizquom01,Unknown vizquom01,1992,SEA,136,483,142,32,0.2939958592132505,0.33976833976833976,360000.0
vizquom01,Unknown vizquom01,1993,SEA,158,560,143,50,0.25535714285714284,0.3192868719611021,1112500.0
vizquom01,Unknown vizquom01,1994,CLE,69,286,78,23,0.2727272727272727,0.3247588424437299,2350000.0
vizquom01,Unknown vizquom01,1995,CLE,136,542,144,59,0.2656826568265683,0.3333333333333333,2900000.0
vizquom01,Unknown vizquom01,1996,CLE,151,542,161,56,0.29704797047970477,0.3617021276595745,3050000.0
vizquom01,Unknown vizquom01,1997,CLE,153,565,158,57,0.27964601769911507,0.3466453674121406,3050000.0
vizquom01,Unknown vizquom01,1998,CLE,151,576,166,62,0.2881944444444444,0.35802469135802467,3050000.0
vizquom01,Unknown vizquom01,1999,CLE,144,574,191,65,0.3327526132404181,0.3972179289026275,3050000.0
vizquom01,Unknown vizquom01,2000,CLE,156,613,176,87,0.28711256117455136,0.37746478873239436,3000000.0
vizquom01,Unknown vizquom01,2001,CLE,155,611,156,61,0.2553191489361702,0.3230088495575221,3000000.0
vizquom01,Unknown vizquom01,2002,CLE,151,582,160,56,0.27491408934707906,0.34146341463414637,4500000.0
vizquom01,Unknown vizquom01,2003,CLE,64,250,61,29,0.244,0.32142857142857145,5500000.0
vizquom01,Unknown vizquom01,2004,CLE,148,567,165,57,0.291005291005291,0.35340729001584786,6000000.0
vizquom01,Unknown vizquom01,2005,SFN,152,568,154,56,0.2711267605633803,0.34072900158478603,3250000.0
vizquom01,Unknown vizquom01,2006,SFN,153,579,171,56,0.29533678756476683,0.3606811145510836,3640084.0
vizquom01,Unknown vizquom01,2007,SFN,145,513,126,44,0.24561403508771928,0.3048128342245989,5140084.0
vizquom01,Unknown vizquom01,2008,SFN,92,266,59,24,0.22180451127819548,0.2832764505119454,5000000.0
vizquom01,Unknown vizquom01,2009,TEX,62,177,47,13,0.2655367231638418,0.3157894736842105,1000000.0
vizquom01,Unknown vizquom01,2010,CHA,108,344,95,34,0.2761627906976744,0.3411458333333333,1375000.0
voigtja01,Unknown voigtja01,1994,BAL,59,141,34,18,0.24113475177304963,0.3271604938271605,150000.0
voigtja01,Unknown voigtja01,1997,ML4,72,151,37,19,0.24503311258278146,0.3313953488372093,150000.0
vottojo01,Unknown vottojo01,2008,CIN,151,526,156,59,0.2965779467680608,0.3684210526315789,390000.0
vottojo01,Unknown vottojo01,2009,CIN,131,469,151,70,0.32196162046908317,0.41360294117647056,437500.0
vottojo01,Unknown vottojo01,2010,CIN,150,547,177,91,0.3235831809872029,0.4243827160493827,525000.0
walbema01,Unknown walbema01,1994,MIN,97,338,69,17,0.20414201183431951,0.24581005586592178,115000.0
walbema01,Unknown walbema01,1995,MIN,115,393,101,25,0.25699745547073793,0.3016627078384798,166000.0
walbema01,Unknown walbema01,1996,MIN,63,215,48,9,0.22325581395348837,0.252212389380531,225000.0
walbema01,Unknown walbema01,1997,DET,47,137,38,12,0.2773722627737226,0.33112582781456956,550000.0
walbema01,Unknown walbema01,1998,ANA,108,338,87,30,0.257396449704142,0.31733333333333336,700000.0
walbema01,Unknown walbema01,1999,ANA,107,288,69,26,0.23958333333333334,0.3081761006289308,825000.0
walbema01,Unknown walbema01,2000,ANA,47,146,29,7,0.19863013698630136,0.24025974025974026,925000.0
walbema01,Unknown walbema01,2003,DET,59,138,24,3,0.17391304347826086,0.19718309859154928,400000.0
walkech01,Unknown walkech01,1993,NYN,115,213,48,14,0.22535211267605634,0.27074235807860264,635000.0
walkela01,Unknown walkela01,1991,MON,137,487,141,42,0.28952772073921973,0.34944237918215615,185000.0
walkela01,Unknown walkela01,1992,MON,143,528,159,41,0.30113636363636365,0.35334476843910806,990000.0
walkela01,Unknown walkela01,1993,MON,138,490,130,80,0.2653061224489796,0.3711340206185567,3000000.0
walkela01,Unknown walkela01,1994,MON,103,395,127,47,0.32151898734177214,0.3938053097345133,4025000.0
walkela01,Unknown walkela01,1995,COL,131,494,151,49,0.305668016194332,0.3807829181494662,5019382.0
walkela01,Unknown walkela01,1996,COL,83,272,75,20,0.2757352941176471,0.34210526315789475,4375000.0
walkela01,Unknown walkela01,1997,COL,153,568,208,78,0.36619718309859156,0.45180722891566266,6325000.0
walkela01,Unknown walkela01,1998,COL,130,454,165,64,0.3634361233480176,0.4446564885496183,6050000.0
walkela01,Unknown walkela01,1999,COL,127,438,166,57,0.3789954337899543,0.4580896686159844,5417857.0
walkela01,Unknown walkela01,2000,COL,87,314,97,46,0.3089171974522293,0.40860215053763443,12142857.0
walkela01,Unknown walkela01,2001,COL,142,497,174,82,0.3501006036217304,0.4492512479201331,12166667.0
walkela01,Unknown walkela01,2002,COL,136,477,161,65,0.33752620545073375,0.4213381555153707,12666667.0
walkela01,Unknown walkela01,2003,COL,143,454,129,98,0.2841409691629956,0.4219858156028369,12666667.0
walkela01,Unknown walkela01,2004,COL,38,108,35,25,0.32407407407407407,0.463768115942029,12666667.0
walkela01,Unknown walkela01,2005,SLN,100,315,91,41,0.28888888888888886,0.38419618528610355,12666667.0
walketo04,Unknown walketo04,1997,MIN,52,156,37,11,0.23717948717948717,0.28823529411764703,150000.0
walketo04,Unknown walketo04,1998,MIN,143,528,167,47,0.3162878787878788,0.3717728055077453,175000.0
walketo04,Unknown walketo04,1999,MIN,143,531,148,52,0.2787193973634652,0.3430034129692833,277500.0
walketo04,Unknown walketo04,2001,COL,85,290,86,25,0.296551724137931,0.3490566037735849,1050000.0
walketo04,Unknown walketo04,2002,CIN,155,612,183,50,0.29901960784313725,0.3532934131736527,2050000.0
walketo04,Unknown walketo04,2003,BOS,144,587,166,48,0.282793867120954,0.3328173374613003,3450000.0
walketo04,Unknown walketo04,2004,CHN,129,372,102,43,0.27419354838709675,0.35224586288416077,1750000.0
walketo04,Unknown walketo04,2005,CHN,110,397,121,31,0.3047858942065491,0.35498839907192575,2500000.0
walketo04,Unknown walketo04,2006,CHN,94,318,88,38,0.27672955974842767,0.3518005540166205,2500000.0
wallati01,Unknown wallati01,1990,MON,161,626,185,42,0.2955271565495208,0.3392330383480826,1250000.0
wallati01,Unknown wallati01,1992,MON,150,537,120,50,0.22346368715083798,0.2956810631229236,1906500.0
wallati01,Unknown wallati01,1993,LAN,133,477,106,32,0.2222222222222222,0.2706333973128599,3362500.0
wallati01,Unknown wallati01,1994,LAN,113,414,116,46,0.28019323671497587,0.3562231759656652,3412500.0
wallati01,Unknown wallati01,1995,LAN,97,327,87,27,0.26605504587155965,0.3259668508287293,2002200.0
wallati01,Unknown wallati01,1996,CAL,57,190,45,18,0.23684210526315788,0.3062200956937799,400000.0
wallati01,Unknown wallati01,1996,LAN,45,162,37,12,0.22839506172839505,0.2857142857142857,109000.0
wallide01,Unknown wallide01,1990,SLN,78,127,28,8,0.2204724409448819,0.2647058823529412,500000.0
waltoje01,Unknown waltoje01,1990,CHN,101,392,103,50,0.2627551020408163,0.35044642857142855,185000.0
waltoje01,Unknown waltoje01,1991,CHN,123,270,59,19,0.21851851851851853,0.2745762711864407,210000.0
waltoje01,Unknown waltoje01,1995,CIN,102,162,47,17,0.29012345679012347,0.3675675675675676,500000.0
wardda01,Unknown wardda01,1999,HOU,64,150,41,9,0.2733333333333333,0.3105590062111801,200000.0
wardda01,Unknown wardda01,2000,HOU,119,264,68,15,0.25757575757575757,0.29537366548042704,237500.0
wardda01,Unknown wardda01,2001,HOU,95,213,56,19,0.26291079812206575,0.32340425531914896,287500.0
wardda01,Unknown wardda01,2002,HOU,136,453,125,33,0.27593818984547464,0.32382892057026474,375000.0
wardda01,Unknown wardda01,2003,LAN,52,109,20,3,0.1834862385321101,0.21052631578947367,1350000.0
wardda01,Unknown wardda01,2005,PIT,133,407,106,37,0.26044226044226043,0.31788079470198677,950000.0
wardda01,Unknown wardda01,2006,WAS,78,104,32,14,0.3076923076923077,0.3902439024390244,700000.0
wardda01,Unknown wardda01,2007,CHN,79,110,36,22,0.32727272727272727,0.43609022556390975,1000000.0
wardda01,Unknown wardda01,2008,CHN,89,102,22,16,0.21568627450980393,0.31932773109243695,1200000.0
wardga01,Unknown wardga01,1990,DET,106,309,79,30,0.255663430420712,0.3216374269005848,537500.0
wardke01,Unknown wardke01,1992,SDN,81,147,29,14,0.19727891156462585,0.27439024390243905,114000.0
wardtu01,Unknown wardtu01,1991,CLE,40,100,23,10,0.23,0.3,100000.0
wardtu01,Unknown wardtu01,1993,TOR,72,167,32,23,0.19161676646706588,0.28717948717948716,160000.0
wardtu01,Unknown wardtu01,1994,ML4,102,367,85,52,0.23160762942779292,0.32786885245901637,160000.0
wardtu01,Unknown wardtu01,1995,ML4,44,129,34,14,0.26356589147286824,0.33793103448275863,250000.0
wardtu01,Unknown wardtu01,1997,PIT,71,167,59,18,0.3532934131736527,0.42021276595744683,300000.0
wardtu01,Unknown wardtu01,1998,PIT,123,282,74,27,0.2624113475177305,0.328125,825000.0
watkipa01,Unknown watkipa01,1998,CIN,83,147,39,8,0.2653061224489796,0.3,170000.0
webstle01,Unknown webstle01,1992,MIN,53,118,33,9,0.2796610169491525,0.33070866141732286,115000.0
webstle01,Unknown webstle01,1993,MIN,49,106,21,11,0.19811320754716982,0.27350427350427353,172000.0
webstle01,Unknown webstle01,1994,MON,57,143,39,16,0.2727272727272727,0.3696969696969697,180000.0
webstle01,Unknown webstle01,1995,PHI,49,150,40,16,0.26666666666666666,0.3373493975903614,275000.0
webstle01,Unknown webstle01,1996,MON,78,174,40,25,0.22988505747126436,0.3316831683168317,200000.0
webstle01,Unknown webstle01,1997,BAL,98,259,66,22,0.2548262548262548,0.31690140845070425,425000.0
webstle01,Unknown webstle01,1998,BAL,108,309,88,15,0.284789644012945,0.3169230769230769,740000.0
webstmi01,Unknown webstmi01,1990,CLE,128,437,110,20,0.2517162471395881,0.2854077253218884,600000.0
webstmi01,Unknown webstmi01,1992,LAN,135,262,70,27,0.26717557251908397,0.3344594594594595,115000.0
webstmi01,Unknown webstmi01,1993,LAN,88,172,42,11,0.2441860465116279,0.2925531914893617,600000.0
weeksri01,Unknown weeksri01,2006,MIL,95,359,100,30,0.2785515320334262,0.36253041362530414,1220000.0
weeksri01,Unknown weeksri01,2007,MIL,118,409,96,78,0.23471882640586797,0.37375745526838966,1320000.0
weeksri01,Unknown weeksri01,2008,MIL,129,475,111,66,0.2336842105263158,0.3416815742397138,1056000.0
weeksri01,Unknown weeksri01,2009,MIL,37,147,40,12,0.272108843537415,0.3395061728395062,2450000.0
weeksri01,Unknown weeksri01,2010,MIL,160,651,175,76,0.26881720430107525,0.3660477453580902,2750000.0
wehnejo01,Unknown wehnejo01,1995,PIT,52,107,33,10,0.308411214953271,0.36134453781512604,225000.0
wehnejo01,Unknown wehnejo01,1996,PIT,86,139,36,8,0.2589928057553957,0.29931972789115646,200000.0
weisswa01,Unknown weisswa01,1990,OAK,138,445,118,46,0.2651685393258427,0.3366733466933868,235000.0
weisswa01,Unknown weisswa01,1991,OAK,40,133,30,12,0.22556390977443608,0.2857142857142857,780000.0
weisswa01,Unknown weisswa01,1992,OAK,103,316,67,43,0.2120253164556962,0.30494505494505497,760000.0
weisswa01,Unknown weisswa01,1993,FLO,158,500,133,79,0.266,0.36689419795221845,925000.0
weisswa01,Unknown weisswa01,1994,COL,110,423,106,56,0.25059101654846333,0.3360995850622407,600000.0
weisswa01,Unknown weisswa01,1995,COL,137,427,111,98,0.25995316159250587,0.4030131826741996,2256446.0
weisswa01,Unknown weisswa01,1996,COL,155,517,146,80,0.28239845261121854,0.38095238095238093,1650000.0
weisswa01,Unknown weisswa01,1997,COL,121,393,106,66,0.2697201017811705,0.37662337662337664,2700000.0
weisswa01,Unknown weisswa01,1998,ATL,96,347,97,59,0.27953890489913547,0.3859223300970874,3050000.0
weisswa01,Unknown weisswa01,1999,ATL,110,279,63,35,0.22580645161290322,0.3146417445482866,3000000.0
weisswa01,Unknown weisswa01,2000,ATL,80,192,50,26,0.2604166666666667,0.35267857142857145,3000000.0
wellsve01,Unknown wellsve01,2002,TOR,159,608,167,27,0.2746710526315789,0.30495356037151705,221000.0
wellsve01,Unknown wellsve01,2003,TOR,161,678,215,42,0.31710914454277284,0.35918367346938773,520000.0
wellsve01,Unknown wellsve01,2004,TOR,134,536,146,51,0.27238805970149255,0.33728813559322035,870000.0
wellsve01,Unknown wellsve01,2005,TOR,156,620,167,47,0.2693548387096774,0.3200589970501475,3070000.0
wellsve01,Unknown wellsve01,2006,TOR,154,611,185,54,0.3027823240589198,0.35745937961595275,4470000.0
wellsve01,Unknown wellsve01,2007,TOR,149,584,143,49,0.24486301369863014,0.3037383177570093,8787500.0
wellsve01,Unknown wellsve01,2008,TOR,108,427,128,29,0.2997658079625293,0.34334763948497854,3687500.0
wellsve01,Unknown wellsve01,2009,TOR,158,630,164,48,0.26031746031746034,0.31140350877192985,4687500.0
wellsve01,Unknown wellsve01,2010,TOR,157,590,161,50,0.27288135593220336,0.33126934984520123,15687500.0
werthja01,Unknown werthja01,2004,LAN,89,290,76,30,0.2620689655172414,0.3384615384615385,303000.0
werthja01,Unknown werthja01,2005,LAN,102,337,79,48,0.2344213649851632,0.33756345177664976,337000.0
werthja01,Unknown werthja01,2007,PHI,94,255,76,44,0.2980392156862745,0.40397350993377484,850000.0
werthja01,Unknown werthja01,2008,PHI,134,418,114,57,0.2727272727272727,0.3630705394190871,1700000.0
werthja01,Unknown werthja01,2009,PHI,159,571,153,91,0.2679509632224168,0.3727810650887574,2500000.0
werthja01,Unknown werthja01,2010,PHI,156,554,164,82,0.296028880866426,0.3880368098159509,7500000.0
whitalo01,Unknown whitalo01,1990,DET,132,472,112,74,0.23728813559322035,0.33756805807622503,1800000.0
whitalo01,Unknown whitalo01,1991,DET,138,470,131,90,0.27872340425531916,0.3912280701754386,2000000.0
whitalo01,Unknown whitalo01,1992,DET,130,453,126,81,0.2781456953642384,0.38589981447124305,2200000.0
whitalo01,Unknown whitalo01,1993,DET,119,383,111,78,0.2898172323759791,0.4115138592750533,3433333.0
whitalo01,Unknown whitalo01,1994,DET,92,322,97,41,0.30124223602484473,0.37669376693766937,2783333.0
whitalo01,Unknown whitalo01,1995,DET,84,249,73,31,0.2931726907630522,0.3719298245614035,3783334.0
whitede03,Unknown whitede03,1990,CAL,125,443,96,44,0.21670428893905191,0.29006085192697767,580000.0
whitede03,Unknown whitede03,1992,TOR,153,641,159,47,0.24804992199687986,0.3031609195402299,2383333.0
whitede03,Unknown whitede03,1993,TOR,146,598,163,57,0.2725752508361204,0.34135338345864663,3658333.0
whitede03,Unknown whitede03,1994,TOR,100,403,109,21,0.2704714640198511,0.31322505800464034,3133334.0
whitede03,Unknown whitede03,1995,TOR,101,427,121,29,0.28337236533957844,0.33405172413793105,4050000.0
whitede03,Unknown whitede03,1996,FLO,146,552,151,38,0.27355072463768115,0.3245469522240527,3000000.0
whitede03,Unknown whitede03,1997,FLO,74,265,65,32,0.24528301886792453,0.33766233766233766,3400000.0
whitede03,Unknown whitede03,1998,ARI,146,563,157,42,0.27886323268206037,0.33548387096774196,3510000.0
whitede03,Unknown whitede03,1999,LAN,134,474,127,39,0.2679324894514768,0.3365019011406844,2500000.0
whitede03,Unknown whitede03,2000,LAN,47,158,42,9,0.26582278481012656,0.30952380952380953,4000000.0
whitede03,Unknown whitede03,2001,MIL,126,390,108,28,0.27692307692307694,0.3433874709976798,5000000.0
whiteel03,Unknown whiteel03,2010,SFN,56,126,30,8,0.23809523809523808,0.29927007299270075,405000.0
whitefr01,Unknown whitefr01,1990,KCA,82,241,52,10,0.2157676348547718,0.2529182879377432,1150000.0
whitema01,Unknown whitema01,1991,TOR,46,149,33,11,0.2214765100671141,0.27439024390243905,115000.0
whitema01,Unknown whitema01,1992,CLE,148,508,129,72,0.25393700787401574,0.347008547008547,333333.0
whitema01,Unknown whitema01,1993,SLN,152,562,142,58,0.2526690391459075,0.3226837060702875,508333.0
whitema01,Unknown whitema01,1994,SLN,92,334,98,37,0.2934131736526946,0.36363636363636365,1079934.0
whitema01,Unknown whitema01,1995,BOS,32,108,20,8,0.18518518518518517,0.23931623931623933,1638268.0
whitema01,Unknown whitema01,1996,PHI,60,182,43,33,0.23626373626373626,0.35648148148148145,800000.0
whitema01,Unknown whitema01,1996,SEA,40,140,42,21,0.3,0.3987730061349693,109000.0
whitema01,Unknown whitema01,1997,NYA,69,215,57,30,0.2651162790697674,0.3603238866396761,1000000.0
whitema01,Unknown whitema01,1998,CLE,88,226,64,29,0.2831858407079646,0.37209302325581395,200000.0
whitero02,Unknown whitero02,1995,MON,130,474,140,41,0.29535864978902954,0.35619047619047617,130000.0
whitero02,Unknown whitero02,1996,MON,88,334,98,22,0.2934131736526946,0.3398328690807799,300000.0
whitero02,Unknown whitero02,1997,MON,151,592,160,31,0.2702702702702703,0.315541601255887,500000.0
whitero02,Unknown whitero02,1998,MON,97,357,107,30,0.29971988795518206,0.36272040302267,2000000.0
whitero02,Unknown whitero02,1999,MON,138,539,168,32,0.3116883116883117,0.358843537414966,3000000.0
whitero02,Unknown whitero02,2000,MON,75,290,89,28,0.30689655172413793,0.3695652173913043,4000000.0
whitero02,Unknown whitero02,2001,CHN,95,323,99,26,0.3065015479876161,0.3707865168539326,4000000.0
whitero02,Unknown whitero02,2002,NYA,126,455,109,25,0.23956043956043957,0.2880324543610548,4500000.0
whitero02,Unknown whitero02,2003,SDN,115,413,115,25,0.2784503631961259,0.32962138084632514,5500000.0
whitero02,Unknown whitero02,2004,DET,121,448,121,39,0.2700892857142857,0.3373493975903614,2750000.0
whitero02,Unknown whitero02,2005,DET,97,374,117,17,0.31283422459893045,0.3475,3250000.0
whitero02,Unknown whitero02,2006,MIN,99,337,83,11,0.24629080118694363,0.27605633802816903,2500000.0
whitero02,Unknown whitero02,2007,MIN,38,109,19,6,0.1743119266055046,0.23529411764705882,2500000.0
whitmda02,Unknown whitmda02,1993,FLO,76,250,51,10,0.204,0.2490566037735849,109000.0
whitter01,Unknown whitter01,1990,ATL,67,180,31,23,0.17222222222222222,0.2647058823529412,1200000.0
widgech01,Unknown widgech01,1997,MON,91,278,65,22,0.23381294964028776,0.29042904290429045,152500.0
widgech01,Unknown widgech01,1998,MON,125,417,97,29,0.23261390887290168,0.28125,350000.0
widgech01,Unknown widgech01,1999,MON,124,383,101,28,0.26370757180156656,0.324582338902148,900000.0
widgech01,Unknown widgech01,2000,MON,86,281,67,29,0.23843416370106763,0.3108974358974359,1350000.0
widgech01,Unknown widgech01,2005,CHA,45,141,34,10,0.24113475177304963,0.29605263157894735,500000.0
wietema01,Unknown wietema01,2010,BAL,130,446,111,47,0.24887892376681614,0.3187250996015936,400000.0
wiggity01,Unknown wiggity01,2003,NYN,156,573,146,46,0.2547993019197208,0.3180379746835443,302500.0
wiggity01,Unknown wiggity01,2004,NYN,86,312,89,23,0.28525641025641024,0.3343195266272189,316000.0
wiggity01,Unknown wiggity01,2005,PIT,57,155,40,14,0.25806451612903225,0.3235294117647059,342000.0
wiggity01,Unknown wiggity01,2006,TBA,122,444,122,32,0.2747747747747748,0.32989690721649484,675000.0
wiggity01,Unknown wiggity01,2007,TBA,98,378,104,28,0.2751322751322751,0.328537170263789,2700000.0
wiggity01,Unknown wiggity01,2008,HOU,111,386,110,32,0.2849740932642487,0.34965034965034963,4350000.0
wiggity01,Unknown wiggity01,2009,BAL,122,410,112,23,0.2731707317073171,0.31422018348623854,2500000.0
wiggity01,Unknown wiggity01,2010,BAL,154,581,144,50,0.24784853700516352,0.3117283950617284,3500000.0
wilkebr01,Unknown wilkebr01,2002,MON,153,507,135,81,0.26627218934911245,0.37018425460636517,206000.0
wilkebr01,Unknown wilkebr01,2003,MON,146,504,135,89,0.26785714285714285,0.38,315000.0
wilkebr01,Unknown wilkebr01,2004,MON,160,572,146,106,0.25524475524475526,0.37372262773722625,375000.0
wilkebr01,Unknown wilkebr01,2005,WAS,148,565,140,84,0.24778761061946902,0.35106382978723405,3050000.0
wilkebr01,Unknown wilkebr01,2006,TEX,95,320,71,37,0.221875,0.30578512396694213,3900000.0
wilkebr01,Unknown wilkebr01,2007,TEX,119,338,79,43,0.23372781065088757,0.31865284974093266,4350000.0
wilkecu01,Unknown wilkecu01,1990,CHN,77,186,41,7,0.22043010752688172,0.24870466321243523,400000.0
wilkecu01,Unknown wilkecu01,1991,PIT,85,191,36,15,0.18848167539267016,0.24285714285714285,450000.0
wilkecu01,Unknown wilkecu01,1992,KCA,111,296,74,18,0.25,0.29153605015673983,400000.0
wilkiri01,Unknown wilkiri01,1992,CHN,83,244,66,28,0.27049180327868855,0.3443223443223443,140000.0
wilkiri01,Unknown wilkiri01,1993,CHN,136,446,135,50,0.30269058295964124,0.376,212500.0
wilkiri01,Unknown wilkiri01,1994,CHN,100,313,71,40,0.2268370607028754,0.3165266106442577,350000.0
wilkiri01,Unknown wilkiri01,1996,HOU,84,254,54,46,0.2125984251968504,0.3300653594771242,1550000.0
wilkiri01,Unknown wilkiri01,1997,SFN,66,190,37,17,0.19473684210526315,0.2571428571428571,2000000.0
willibe02,Unknown willibe02,1991,NYA,85,320,76,48,0.2375,0.33602150537634407,100000.0
willibe02,Unknown willibe02,1992,NYA,62,261,73,29,0.2796934865900383,0.3539518900343643,125000.0
willibe02,Unknown willibe02,1993,NYA,139,567,152,53,0.26807760141093473,0.3333333333333333,150000.0
willibe02,Unknown willibe02,1994,NYA,108,408,118,61,0.28921568627450983,0.38396624472573837,225000.0
willibe02,Unknown willibe02,1995,NYA,144,563,173,75,0.30728241563055064,0.39164086687306504,400000.0
willibe02,Unknown willibe02,1996,NYA,143,551,168,82,0.30490018148820325,0.390625,3000000.0
willibe02,Unknown willibe02,1997,NYA,129,509,167,73,0.3280943025540275,0.4077834179357022,5300000.0
willibe02,Unknown willibe02,1998,NYA,128,499,169,74,0.33867735470941884,0.42214532871972316,8300000.0
willibe02,Unknown willibe02,1999,NYA,158,591,202,100,0.34179357021996615,0.4347202295552367,9857143.0
willibe02,Unknown willibe02,2000,NYA,141,537,165,71,0.30726256983240224,0.3912337662337662,12357143.0
willibe02,Unknown willibe02,2001,NYA,146,540,166,78,0.3074074074074074,0.3949447077409163,12357143.0
willibe02,Unknown willibe02,2002,NYA,154,612,204,83,0.3333333333333333,0.41487839771101576,12357143.0
willibe02,Unknown willibe02,2003,NYA,119,445,117,71,0.26292134831460673,0.3666026871401152,12357143.0
willibe02,Unknown willibe02,2004,NYA,148,561,147,85,0.2620320855614973,0.36,12357143.0
willibe02,Unknown willibe02,2005,NYA,141,485,121,53,0.24948453608247423,0.3211009174311927,12357143.0
willibe02,Unknown willibe02,2006,NYA,131,420,118,33,0.28095238095238095,0.3318872017353579,1500000.0
willied01,Unknown willied01,1994,SDN,49,175,58,15,0.3314285714285714,0.3917525773195876,140000.0
willied01,Unknown willied01,1995,SDN,97,296,77,23,0.26013513513513514,0.32,230000.0
willied01,Unknown willied01,1996,DET,77,215,43,18,0.2,0.2669491525423729,350000.0
willige02,Unknown willige02,1995,NYA,100,182,45,22,0.24725274725274726,0.3269230769230769,125000.0
willige02,Unknown willige02,1996,NYA,99,233,63,15,0.2703862660944206,0.31906614785992216,200000.0
willige02,Unknown willige02,1997,ML4,155,566,143,19,0.25265017667844525,0.28187919463087246,700000.0
willige02,Unknown willige02,1998,ATL,129,266,81,17,0.30451127819548873,0.3519163763066202,1250000.0
willige02,Unknown willige02,1999,ATL,143,422,116,33,0.27488151658767773,0.3347732181425486,1475000.0
willige02,Unknown willige02,2000,TBA,146,632,173,34,0.2737341772151899,0.31203566121842496,2373439.0
willige02,Unknown willige02,2001,TBA,62,232,48,13,0.20689655172413793,0.26104417670682734,3000000.0
willige03,Unknown willige03,1996,OAK,56,132,20,28,0.15151515151515152,0.31097560975609756,115000.0
willige03,Unknown willige03,1997,OAK,76,201,58,35,0.2885572139303483,0.39748953974895396,165000.0
willijo03,Unknown willijo03,2006,FLO,142,502,139,54,0.27689243027888444,0.35602094240837695,327000.0
willijo03,Unknown willijo03,2007,FLO,144,521,138,66,0.2648752399232246,0.36423841059602646,380000.0
willijo03,Unknown willijo03,2008,FLO,102,351,89,48,0.2535612535612536,0.363855421686747,405000.0
willijo03,Unknown willijo03,2009,WAS,133,427,111,61,0.25995316159250587,0.3665338645418327,2950000.0
willijo03,Unknown willijo03,2010,WAS,114,370,99,67,0.26756756756756755,0.3888888888888889,4600000.0
willima04,Unknown willima04,1990,SFN,159,617,171,33,0.2771474878444084,0.3187311178247734,190000.0
willima04,Unknown willima04,1991,SFN,157,589,158,33,0.26825127334465193,0.3102362204724409,600000.0
willima04,Unknown willima04,1992,SFN,146,529,120,39,0.22684310018903592,0.2864583333333333,2000000.0
willima04,Unknown willima04,1993,SFN,145,579,170,27,0.29360967184801384,0.3247172859450727,2275000.0
willima04,Unknown willima04,1994,SFN,112,445,119,33,0.26741573033707866,0.3188405797101449,4200000.0
willima04,Unknown willima04,1995,SFN,76,283,95,30,0.33568904593639576,0.39937106918238996,5850000.0
willima04,Unknown willima04,1996,SFN,105,404,122,39,0.30198019801980197,0.367032967032967,6600000.0
willima04,Unknown willima04,1997,CLE,151,596,157,34,0.2634228187919463,0.30660377358490565,7150000.0
willima04,Unknown willima04,1998,ARI,135,510,136,43,0.26666666666666666,0.3267504488330341,4800000.0
willima04,Unknown willima04,1999,ARI,154,627,190,41,0.30303030303030304,0.34365781710914456,8100000.0
willima04,Unknown willima04,2000,ARI,96,371,102,20,0.2749326145552561,0.3148614609571788,8500000.0
willima04,Unknown willima04,2001,ARI,106,408,112,22,0.27450980392156865,0.31422018348623854,9000000.0
willima04,Unknown willima04,2002,ARI,60,215,56,21,0.26046511627906976,0.3235294117647059,9500000.0
willima04,Unknown willima04,2003,ARI,44,134,33,16,0.2462686567164179,0.3269230769230769,10000000.0
willire03,Unknown willire03,2007,LAA,136,430,126,69,0.2930232558139535,0.3905325443786982,382500.0
willire03,Unknown willire03,2008,LAA,82,108,21,21,0.19444444444444445,0.32061068702290074,432500.0
willire03,Unknown willire03,2010,LAA,97,159,41,19,0.2578616352201258,0.3407821229050279,625000.0
wilsocr01,Unknown wilsocr01,1990,SLN,55,121,30,8,0.24793388429752067,0.2900763358778626,100000.0
wilsocr01,Unknown wilsocr01,1992,SLN,61,106,33,10,0.3113207547169811,0.36752136752136755,135000.0
wilsocr02,Unknown wilsocr02,1999,CHA,98,252,60,23,0.23809523809523808,0.3007246376811594,205000.0
wilsocr03,Unknown wilsocr03,2002,PIT,131,368,97,32,0.26358695652173914,0.3546099290780142,229000.0
wilsocr03,Unknown wilsocr03,2003,PIT,116,309,81,35,0.2621359223300971,0.36033519553072624,327000.0
wilsocr03,Unknown wilsocr03,2004,PIT,155,561,148,50,0.2638146167557932,0.35403726708074534,1150000.0
wilsocr03,Unknown wilsocr03,2005,PIT,59,197,52,30,0.2639593908629442,0.3865546218487395,3000000.0
wilsocr03,Unknown wilsocr03,2006,PIT,85,255,68,24,0.26666666666666666,0.33916083916083917,3300000.0
wilsoda01,Unknown wilsoda01,1994,SEA,91,282,61,10,0.21631205673758866,0.2440677966101695,140000.0
wilsoda01,Unknown wilsoda01,1995,SEA,119,399,111,33,0.2781954887218045,0.335632183908046,175000.0
wilsoda01,Unknown wilsoda01,1996,SEA,138,491,140,32,0.285132382892057,0.3295668549905838,400000.0
wilsoda01,Unknown wilsoda01,1997,SEA,146,508,137,39,0.26968503937007876,0.3261261261261261,1125000.0
wilsoda01,Unknown wilsoda01,1998,SEA,96,325,82,24,0.2523076923076923,0.30833333333333335,2525000.0
wilsoda01,Unknown wilsoda01,1999,SEA,123,414,110,29,0.26570048309178745,0.31543624161073824,3625000.0
wilsoda01,Unknown wilsoda01,2000,SEA,90,268,63,22,0.23507462686567165,0.2910958904109589,4000000.0
wilsoda01,Unknown wilsoda01,2001,SEA,123,377,100,20,0.26525198938992045,0.305,4400000.0
wilsoda01,Unknown wilsoda01,2002,SEA,115,359,106,18,0.29526462395543174,0.32558139534883723,4500000.0
wilsoda01,Unknown wilsoda01,2003,SEA,96,316,76,15,0.24050632911392406,0.27245508982035926,3500000.0
wilsoda01,Unknown wilsoda01,2004,SEA,103,319,80,26,0.2507836990595611,0.30484330484330485,3500000.0
wilsode01,Unknown wilsode01,1996,SFN,41,118,32,12,0.2711864406779661,0.3384615384615385,109000.0
wilsoen01,Unknown wilsoen01,1999,CLE,113,332,87,25,0.2620481927710843,0.31043956043956045,214000.0
wilsoen01,Unknown wilsoen01,2000,CLE,40,117,38,7,0.3247863247863248,0.36,232500.0
wilsoen01,Unknown wilsoen01,2001,PIT,46,129,24,3,0.18604651162790697,0.20300751879699247,635000.0
wilsoen01,Unknown wilsoen01,2002,NYA,60,105,19,8,0.18095238095238095,0.23893805309734514,720000.0
wilsoen01,Unknown wilsoen01,2003,NYA,63,135,31,7,0.22962962962962963,0.27586206896551724,700000.0
wilsoen01,Unknown wilsoen01,2004,NYA,93,240,51,15,0.2125,0.25384615384615383,700000.0
wilsogl01,Unknown wilsogl01,1990,HOU,118,368,90,26,0.24456521739130435,0.2932330827067669,750000.0
wilsoja02,Unknown wilsoja02,2001,PIT,108,390,87,16,0.2230769230769231,0.2549019607843137,200000.0
wilsoja02,Unknown wilsoja02,2002,PIT,147,527,133,37,0.2523719165085389,0.30579964850615116,232000.0
wilsoja02,Unknown wilsoja02,2003,PIT,150,558,143,36,0.25627240143369173,0.3029801324503311,335000.0
wilsoja02,Unknown wilsoja02,2004,PIT,157,652,201,26,0.30828220858895705,0.33527696793002915,1850000.0
wilsoja02,Unknown wilsoja02,2005,PIT,158,587,151,31,0.2572402044293015,0.29936305732484075,3250000.0
wilsoja02,Unknown wilsoja02,2006,PIT,142,543,148,33,0.27255985267034993,0.3162393162393162,4750000.0
wilsoja02,Unknown wilsoja02,2007,PIT,135,477,141,38,0.29559748427672955,0.3503787878787879,5400000.0
wilsoja02,Unknown wilsoja02,2008,PIT,87,305,83,13,0.2721311475409836,0.3117283950617284,6650000.0
wilsoja02,Unknown wilsoja02,2009,PIT,75,266,71,15,0.2669172932330827,0.303886925795053,7400000.0
wilsoja02,Unknown wilsoja02,2010,SEA,61,193,48,7,0.24870466321243523,0.2815533980582524,5000000.0
wilsomo01,Unknown wilsomo01,1990,TOR,147,588,156,31,0.2653061224489796,0.3001605136436597,1125000.0
wilsomo01,Unknown wilsomo01,1991,TOR,86,241,58,8,0.24066390041493776,0.27734375,1625000.0
wilsopr01,Unknown wilsopr01,1999,FLO,149,482,135,46,0.2800829875518672,0.34990791896869244,201000.0
wilsopr01,Unknown wilsopr01,2000,FLO,161,605,160,55,0.2644628099173554,0.33086053412462907,287000.0
wilsopr01,Unknown wilsopr01,2001,FLO,123,468,128,36,0.27350427350427353,0.3313840155945419,1000000.0
wilsopr01,Unknown wilsopr01,2002,FLO,141,510,124,58,0.24313725490196078,0.3293103448275862,3500000.0
wilsopr01,Unknown wilsopr01,2003,COL,155,600,169,54,0.2816666666666667,0.3434190620272315,6500000.0
wilsopr01,Unknown wilsopr01,2004,COL,58,202,50,17,0.24752475247524752,0.3153153153153153,9000000.0
wilsopr01,Unknown wilsopr01,2005,COL,71,267,69,25,0.25842696629213485,0.3220338983050847,12500000.0
wilsopr01,Unknown wilsopr01,2006,HOU,102,390,105,22,0.2692307692307692,0.30935251798561153,4000000.0
wilsoto02,Unknown wilsoto02,2002,TOR,96,265,68,28,0.25660377358490566,0.3344370860927152,220000.0
wilsoto02,Unknown wilsoto02,2003,TOR,96,256,66,28,0.2578125,0.3310104529616725,316000.0
wilsova01,Unknown wilsova01,2002,NYN,74,163,40,5,0.24539877300613497,0.30113636363636365,222500.0
wilsova01,Unknown wilsova01,2003,NYN,96,268,65,15,0.24253731343283583,0.29310344827586204,315000.0
wilsova01,Unknown wilsova01,2004,NYN,79,157,43,11,0.27388535031847133,0.3352272727272727,715000.0
wilsova01,Unknown wilsova01,2005,DET,61,152,30,11,0.19736842105263158,0.27485380116959063,760000.0
wilsova01,Unknown wilsova01,2006,DET,56,152,43,2,0.28289473684210525,0.3037974683544304,750000.0
wilsowi02,Unknown wilsowi02,1990,KCA,115,307,89,30,0.2899022801302932,0.3538011695906433,800000.0
wilsowi02,Unknown wilsowi02,1991,OAK,113,294,70,18,0.23809523809523808,0.2902208201892745,1000000.0
wilsowi02,Unknown wilsowi02,1992,OAK,132,396,107,35,0.2702020202020202,0.32873563218390806,1100000.0
wilsowi02,Unknown wilsowi02,1993,CHN,105,221,57,11,0.2579185520361991,0.3008474576271186,700000.0
winfida01,Unknown winfida01,1991,CAL,150,568,149,56,0.2623239436619718,0.3264659270998415,3300000.0
winfida01,Unknown winfida01,1992,TOR,156,583,169,82,0.28987993138936535,0.37668161434977576,2300000.0
winfida01,Unknown winfida01,1993,MIN,143,547,148,45,0.27056672760511885,0.32491582491582494,2700000.0
winfida01,Unknown winfida01,1994,MIN,77,294,74,31,0.25170068027210885,0.3211009174311927,2725000.0
winfida01,Unknown winfida01,1995,CLE,46,115,22,14,0.19130434782608696,0.2846153846153846,600000.0
winnihe01,Unknown winnihe01,1990,CIN,84,160,41,14,0.25625,0.3142857142857143,337500.0
winnihe01,Unknown winnihe01,1991,CIN,98,169,38,11,0.22485207100591717,0.2722222222222222,437500.0
winnihe01,Unknown winnihe01,1992,BOS,105,234,55,10,0.23504273504273504,0.26639344262295084,525000.0
winnra01,Unknown winnra01,1998,TBA,109,338,94,29,0.2781065088757396,0.33695652173913043,170000.0
winnra01,Unknown winnra01,1999,TBA,79,303,81,17,0.26732673267326734,0.3065015479876161,205000.0
winnra01,Unknown winnra01,2001,TBA,128,429,117,38,0.2727272727272727,0.3389473684210526,270000.0
winnra01,Unknown winnra01,2002,TBA,152,607,181,55,0.2981878088962109,0.35958395245170877,960000.0
winnra01,Unknown winnra01,2003,SEA,157,600,177,41,0.295,0.345565749235474,3300000.0
winnra01,Unknown winnra01,2004,SEA,157,626,179,53,0.28594249201277955,0.345821325648415,3500000.0
winnra01,Unknown winnra01,2005,SEA,102,386,106,37,0.27461139896373055,0.34186046511627904,3750000.0
winnra01,Unknown winnra01,2006,SFN,149,573,150,48,0.2617801047120419,0.32436708860759494,5750000.0
winnra01,Unknown winnra01,2007,SFN,155,593,178,44,0.30016863406408095,0.35285053929121724,4750000.0
winnra01,Unknown winnra01,2008,SFN,155,598,183,59,0.3060200668896321,0.3633633633633634,8875000.0
winnra01,Unknown winnra01,2009,SFN,149,538,141,47,0.2620817843866171,0.3181818181818182,9600000.0
wisede01,Unknown wisede01,2004,ATL,77,162,37,9,0.22839506172839505,0.27167630057803466,325000.0
wisede01,Unknown wisede01,2009,CHA,84,142,32,3,0.22535211267605634,0.26174496644295303,550000.0
womacto01,Unknown womacto01,1997,PIT,155,641,178,43,0.27769110764430577,0.3260553129548763,160000.0
womacto01,Unknown womacto01,1998,PIT,159,655,185,38,0.2824427480916031,0.3194842406876791,290000.0
womacto01,Unknown womacto01,1999,ARI,144,614,170,52,0.2768729641693811,0.33185185185185184,1650000.0
womacto01,Unknown womacto01,2000,ARI,146,617,167,30,0.2706645056726094,0.3074581430745814,2500000.0
womacto01,Unknown womacto01,2001,ARI,125,481,128,23,0.2661122661122661,0.30724070450097846,4000000.0
womacto01,Unknown womacto01,2002,ARI,153,590,160,46,0.2711864406779661,0.32507739938080493,4500000.0
womacto01,Unknown womacto01,2003,ARI,61,219,52,8,0.2374429223744292,0.26956521739130435,6000000.0
womacto01,Unknown womacto01,2004,SLN,145,553,170,36,0.3074141048824593,0.3494983277591973,300000.0
womacto01,Unknown womacto01,2005,NYA,108,329,82,12,0.24924012158054712,0.2761627906976744,2000000.0
woodbr01,Unknown woodbr01,2010,LAA,81,226,33,6,0.14601769911504425,0.17446808510638298,410000.0
woodja02,Unknown woodja02,2007,FLO,98,117,28,8,0.23931623931623933,0.2857142857142857,390000.0
woodwch01,Unknown woodwch01,2000,TOR,37,104,19,10,0.18269230769230768,0.2543859649122807,205000.0
woodwch01,Unknown woodwch01,2002,TOR,90,312,86,26,0.27564102564102566,0.32951289398280803,235000.0
woodwch01,Unknown woodwch01,2003,TOR,104,349,91,28,0.2607449856733524,0.3160621761658031,775000.0
woodwch01,Unknown woodwch01,2004,TOR,69,213,50,14,0.2347417840375587,0.2826086956521739,775000.0
woodwch01,Unknown woodwch01,2005,NYN,81,173,49,13,0.2832369942196532,0.3368421052631579,700000.0
woodwch01,Unknown woodwch01,2006,NYN,83,222,48,23,0.21621621621621623,0.2891566265060241,825000.0
woodwch01,Unknown woodwch01,2007,ATL,92,136,27,10,0.19852941176470587,0.25170068027210885,850000.0
wootesh01,Unknown wootesh01,2001,ANA,79,221,69,5,0.31221719457013575,0.33189655172413796,200500.0
wootesh01,Unknown wootesh01,2002,ANA,49,113,33,6,0.2920353982300885,0.3305785123966942,250000.0
wootesh01,Unknown wootesh01,2003,ANA,98,272,66,24,0.2426470588235294,0.30333333333333334,337500.0
worthcr01,Unknown worthcr01,1990,BAL,133,425,96,63,0.22588235294117648,0.32793522267206476,207500.0
worthcr01,Unknown worthcr01,1991,BAL,31,102,23,12,0.22549019607843138,0.3130434782608696,207500.0
wrighda03,Unknown wrighda03,2005,NYN,160,575,176,72,0.3060869565217391,0.3881278538812785,322500.0
wrighda03,Unknown wrighda03,2006,NYN,154,582,181,66,0.31099656357388317,0.3812405446293495,374000.0
wrighda03,Unknown wrighda03,2007,NYN,160,604,196,94,0.32450331125827814,0.41631504922644164,1250000.0
wrighda03,Unknown wrighda03,2008,NYN,160,626,189,94,0.3019169329073482,0.3904761904761905,5250000.0
wrighda03,Unknown wrighda03,2009,NYN,144,535,164,74,0.30654205607476637,0.38996763754045305,7750000.0
wrighda03,Unknown wrighda03,2010,NYN,157,587,166,69,0.282793867120954,0.3537313432835821,10250000.0
wynnema01,Unknown wynnema01,1990,CHN,92,186,38,14,0.20430107526881722,0.263681592039801,525000.0
yeldier01,Unknown yeldier01,1991,HOU,78,276,67,13,0.2427536231884058,0.27586206896551724,260000.0
yeldier01,Unknown yeldier01,1993,CHN,69,108,22,11,0.2037037037037037,0.2773109243697479,225000.0
youklke01,Unknown youklke01,2006,BOS,147,569,159,91,0.27943760984182775,0.38088235294117645,354600.0
youklke01,Unknown youklke01,2007,BOS,145,528,152,77,0.2878787878787879,0.3904,424500.0
youklke01,Unknown youklke01,2008,BOS,145,538,168,62,0.31226765799256506,0.3896940418679549,3000000.0
youklke01,Unknown youklke01,2009,BOS,136,491,150,77,0.3054989816700611,0.413265306122449,6250000.0
youklke01,Unknown youklke01,2010,BOS,102,362,111,58,0.30662983425414364,0.4114942528735632,9375000.0
youngch04,Unknown youngch04,2007,ARI,148,569,135,43,0.23725834797891038,0.2953451043338684,380000.0
youngch04,Unknown youngch04,2008,ARI,160,625,155,62,0.248,0.31457431457431456,406000.0
youngch04,Unknown youngch04,2009,ARI,134,433,92,59,0.21247113163972287,0.3112449799196787,1950000.0
youngch04,Unknown youngch04,2010,ARI,156,584,150,74,0.2568493150684932,0.34087481146304677,3450000.0
youngde03,Unknown youngde03,2007,TBA,162,645,186,26,0.28837209302325584,0.315712187958884,1340000.0
youngde03,Unknown youngde03,2008,MIN,152,575,167,35,0.29043478260869565,0.3360128617363344,1440000.0
youngde03,Unknown youngde03,2009,MIN,108,395,112,12,0.28354430379746837,0.3076923076923077,1152000.0
youngde03,Unknown youngde03,2010,MIN,153,570,170,28,0.2982456140350877,0.33278955954323003,2600000.0
youngde04,Unknown youngde04,2008,LAN,83,126,31,14,0.24603174603174602,0.32142857142857145,391000.0
youngde04,Unknown youngde04,2010,PIT,110,191,45,13,0.2356020942408377,0.28640776699029125,444500.0
youngdm01,Unknown youngdm01,1997,SLN,110,333,86,38,0.25825825825825827,0.3351063829787234,155000.0
youngdm01,Unknown youngdm01,1998,CIN,144,536,166,47,0.30970149253731344,0.3644067796610169,215000.0
youngdm01,Unknown youngdm01,1999,CIN,127,373,112,30,0.3002680965147453,0.35207823960880197,375000.0
youngdm01,Unknown youngdm01,2000,CIN,152,548,166,36,0.3029197080291971,0.34628378378378377,1950000.0
youngdm01,Unknown youngdm01,2001,CIN,142,540,163,37,0.30185185185185187,0.3504273504273504,3500000.0
youngdm01,Unknown youngdm01,2002,DET,54,201,57,12,0.2835820895522388,0.3287037037037037,5500000.0
youngdm01,Unknown youngdm01,2003,DET,155,562,167,58,0.297153024911032,0.3716535433070866,6750000.0
youngdm01,Unknown youngdm01,2004,DET,104,389,106,33,0.27249357326478146,0.33564814814814814,7750000.0
youngdm01,Unknown youngdm01,2005,DET,126,469,127,29,0.27078891257995735,0.3248031496062992,8000000.0
youngdm01,Unknown youngdm01,2006,DET,48,172,43,11,0.25,0.29347826086956524,8000000.0
youngdm01,Unknown youngdm01,2007,WAS,136,460,147,44,0.31956521739130433,0.3779527559055118,500000.0
youngdm01,Unknown youngdm01,2008,WAS,50,150,42,28,0.28,0.39444444444444443,5000000.0
younger01,Unknown younger01,1993,COL,144,490,132,63,0.2693877551020408,0.35472370766488415,120000.0
younger01,Unknown younger01,1994,COL,90,228,62,38,0.2719298245614035,0.37777777777777777,205000.0
younger01,Unknown younger01,1995,COL,120,366,116,49,0.31693989071038253,0.40380047505938244,252500.0
younger01,Unknown younger01,1996,COL,141,568,184,47,0.323943661971831,0.39313572542901715,1125000.0
younger01,Unknown younger01,1997,COL,118,468,132,57,0.28205128205128205,0.36261682242990656,3200000.0
younger01,Unknown younger01,1998,LAN,117,452,129,45,0.2853982300884956,0.3551587301587302,4500000.0
younger01,Unknown younger01,1999,LAN,119,456,128,63,0.2807017543859649,0.3712121212121212,4500000.0
younger01,Unknown younger01,2000,CHN,153,607,180,63,0.29654036243822074,0.36749633967789164,4500000.0
younger01,Unknown younger01,2001,CHN,149,603,168,42,0.27860696517412936,0.3333333333333333,4500000.0
younger01,Unknown younger01,2002,MIL,138,496,139,39,0.28024193548387094,0.3376146788990826,2000000.0
younger01,Unknown younger01,2003,MIL,109,404,105,48,0.2599009900990099,0.3435448577680525,2000000.0
younger01,Unknown younger01,2004,TEX,104,344,99,43,0.2877906976744186,0.3768844221105528,1000000.0
younger01,Unknown younger01,2005,SDN,56,142,39,18,0.2746478873239437,0.35625,850000.0
younger01,Unknown younger01,2006,SDN,56,128,26,13,0.203125,0.2808219178082192,700000.0
younger02,Unknown younger02,1996,OAK,141,462,112,52,0.24242424242424243,0.32571428571428573,112000.0
younger02,Unknown younger02,1997,OAK,71,175,39,19,0.22285714285714286,0.30303030303030304,195000.0
youngge02,Unknown youngge02,1990,HOU,57,154,27,20,0.17532467532467533,0.26857142857142857,280000.0
youngge02,Unknown youngge02,1991,HOU,108,142,31,24,0.21830985915492956,0.3273809523809524,340000.0
youngke01,Unknown youngke01,1993,PIT,141,449,106,36,0.23608017817371937,0.30019880715705766,109000.0
youngke01,Unknown youngke01,1994,PIT,59,122,25,8,0.20491803278688525,0.25757575757575757,160000.0
youngke01,Unknown youngke01,1995,PIT,56,181,42,8,0.23204419889502761,0.26804123711340205,160000.0
youngke01,Unknown youngke01,1996,KCA,55,132,32,11,0.24242424242424243,0.3006993006993007,150000.0
youngke01,Unknown youngke01,1997,PIT,97,333,100,16,0.3003003003003003,0.33240997229916897,400000.0
youngke01,Unknown youngke01,1998,PIT,159,592,160,44,0.2702702702702703,0.3277439024390244,1600000.0
youngke01,Unknown youngke01,1999,PIT,156,584,174,75,0.2979452054794521,0.38666666666666666,2100000.0
youngke01,Unknown youngke01,2000,PIT,132,496,128,32,0.25806451612903225,0.31053604436229204,5625000.0
youngke01,Unknown youngke01,2001,PIT,142,449,104,42,0.23162583518930957,0.3096646942800789,6125000.0
youngke01,Unknown youngke01,2002,PIT,146,468,115,50,0.24572649572649571,0.3219047619047619,5625000.0
youngmi02,Unknown youngmi02,2002,TEX,156,573,150,41,0.2617801047120419,0.30806451612903224,250000.0
youngmi02,Unknown youngmi02,2003,TEX,160,666,204,36,0.3063063063063063,0.33943661971830985,415000.0
youngmi02,Unknown youngmi02,2004,TEX,160,690,216,44,0.3130434782608696,0.3531799729364005,450000.0
youngmi02,Unknown youngmi02,2005,TEX,159,668,221,58,0.33083832335329344,0.38524590163934425,2575000.0
youngmi02,Unknown youngmi02,2006,TEX,162,691,217,48,0.3140376266280753,0.35561497326203206,3075000.0
youngmi02,Unknown youngmi02,2007,TEX,156,639,201,47,0.3145539906103286,0.36560693641618497,3575000.0
youngmi02,Unknown youngmi02,2008,TEX,155,645,183,55,0.2837209302325581,0.3389830508474576,6174974.0
youngmi02,Unknown youngmi02,2009,TEX,135,541,174,47,0.32162661737523107,0.37436762225969644,13054526.0
youngmi02,Unknown youngmi02,2010,TEX,157,656,186,50,0.28353658536585363,0.33008356545961004,13174974.0
yountro01,Unknown yountro01,1990,ML4,158,587,145,78,0.24701873935264054,0.33726067746686306,3200000.0
yountro01,Unknown yountro01,1991,ML4,130,503,131,54,0.26043737574552683,0.33157894736842103,3200000.0
yountro01,Unknown yountro01,1992,ML4,150,557,147,53,0.2639138240574506,0.3248,3200000.0
yountro01,Unknown yountro01,1993,ML4,127,454,117,44,0.2577092511013216,0.32612966601178783,2700000.0
zambred01,Unknown zambred01,1994,CHN,67,116,30,16,0.25862068965517243,0.3533834586466165,112000.0
zaungr01,Unknown zaungr01,1995,BAL,40,104,27,16,0.25961538461538464,0.35833333333333334,109000.0
zaungr01,Unknown zaungr01,1996,BAL,50,108,25,11,0.23148148148148148,0.3089430894308943,140000.0
zaungr01,Unknown zaungr01,1997,FLO,58,143,43,26,0.3006993006993007,0.4152046783625731,205000.0
zaungr01,Unknown zaungr01,1998,FLO,106,298,56,35,0.18791946308724833,0.27380952380952384,280000.0
zaungr01,Unknown zaungr01,2000,KCA,83,234,64,43,0.27350427350427353,0.3900709219858156,525000.0
zaungr01,Unknown zaungr01,2001,KCA,39,125,40,12,0.32,0.37681159420289856,1150000.0
zaungr01,Unknown zaungr01,2002,HOU,76,185,41,12,0.22162162162162163,0.275,1150000.0
zaungr01,Unknown zaungr01,2003,HOU,59,120,26,14,0.21666666666666667,0.29927007299270075,1200000.0
zaungr01,Unknown zaungr01,2005,TOR,133,434,109,73,0.2511520737327189,0.35546875,950000.0
zaungr01,Unknown zaungr01,2006,TOR,99,290,79,41,0.27241379310344827,0.36283185840707965,1000000.0
zaungr01,Unknown zaungr01,2007,TOR,110,331,80,51,0.24169184290030213,0.34102564102564104,3500000.0
zaungr01,Unknown zaungr01,2008,TOR,86,245,58,38,0.23673469387755103,0.34035087719298246,3750000.0
zaungr01,Unknown zaungr01,2009,BAL,56,168,41,27,0.24404761904761904,0.3553299492385787,1500000.0
zaungr01,Unknown zaungr01,2010,MIL,28,102,27,11,0.2647058823529412,0.3504273504273504,1900000.0
zeileto01,Unknown zeileto01,1990,SLN,144,495,121,67,0.24444444444444444,0.3333333333333333,100000.0
zeileto01,Unknown zeileto01,1991,SLN,155,565,158,62,0.27964601769911507,0.35266457680250785,160000.0
zeileto01,Unknown zeileto01,1992,SLN,126,439,113,68,0.25740318906605925,0.3521400778210117,315000.0
zeileto01,Unknown zeileto01,1993,SLN,157,571,158,70,0.276707530647986,0.35239567233384855,1025000.0
zeileto01,Unknown zeileto01,1994,SLN,113,415,111,52,0.2674698795180723,0.3480083857442348,2700000.0
zeileto01,Unknown zeileto01,1995,SLN,34,127,37,18,0.29133858267716534,0.3783783783783784,3700000.0
zeileto01,Unknown zeileto01,1996,PHI,134,500,134,67,0.268,0.3531468531468531,2700000.0
zeileto01,Unknown zeileto01,1997,LAN,160,575,154,85,0.2678260869565217,0.3645833333333333,3100000.0
zeileto01,Unknown zeileto01,1998,LAN,40,158,40,10,0.25316455696202533,0.3,3200000.0
zeileto01,Unknown zeileto01,1999,TEX,156,588,172,56,0.2925170068027211,0.35419847328244275,3200000.0
zeileto01,Unknown zeileto01,2000,NYN,153,544,146,74,0.26838235294117646,0.3563402889245586,4333333.0
zeileto01,Unknown zeileto01,2001,NYN,151,531,141,73,0.2655367231638418,0.35947712418300654,6833333.0
zeileto01,Unknown zeileto01,2002,COL,144,506,138,66,0.2727272727272727,0.35344827586206895,6833333.0
zeileto01,Unknown zeileto01,2003,NYA,66,186,39,24,0.20967741935483872,0.29439252336448596,1500000.0
zeileto01,Unknown zeileto01,2004,NYN,137,348,81,44,0.23275862068965517,0.3189873417721519,1000000.0
zimmery01,Unknown zimmery01,2006,WAS,157,614,176,61,0.28664495114006516,0.3509544787077827,327000.0
zimmery01,Unknown zimmery01,2008,WAS,106,428,121,31,0.2827102803738318,0.33261802575107297,465000.0
zimmery01,Unknown zimmery01,2009,WAS,157,610,178,72,0.29180327868852457,0.36363636363636365,3325000.0
zimmery01,Unknown zimmery01,2010,WAS,142,525,161,69,0.30666666666666664,0.3880597014925373,6350000.0
zobribe01,Unknown zobribe01,2008,TBA,62,198,50,25,0.25252525252525254,0.3392070484581498,395800.0
zobribe01,Unknown zobribe01,2009,TBA,152,501,149,91,0.29740518962075846,0.40468227424749165,415900.0
zobribe01,Unknown zobribe01,2010,TBA,151,541,129,92,0.23844731977818853,0.345679012345679,438100.0
zuletju01,Unknown zuletju01,2001,CHN,49,106,23,8,0.2169811320754717,0.288135593220339,200000.0
zupcibo01,Unknown zupcibo01,1992,BOS,124,392,108,25,0.2755102040816326,0.32235294117647056,109000.0
zupcibo01,Unknown zupcibo01,1993,BOS,141,286,69,27,0.24125874125874125,0.3081761006289308,222000.0
